record_id,monument_id,monument_name,state,city,monument_type,date,year,month,day_of_week,is_weekend,is_public_holiday,holiday_name,festival_name,festival_importance,school_holiday,daily_capacity,is_open,maintenance_or_closure,temperature_avg_c,rainfall_mm,weather_condition,visitors_previous_day,rolling_7_day_average,total_visitors,data_status
REC_000001,M001,Taj Mahal,Uttar Pradesh,Agra,Mausoleum,2024-01-01,2024,1,0,0,1,New Year's Day,None,Low,0,5000,1,0,15.2,2.0,Clear,,,4965,validated
REC_000002,M001,Taj Mahal,Uttar Pradesh,Agra,Mausoleum,2024-01-02,2024,1,1,0,0,None,None,None,0,5000,1,0,13.4,0.1,Clear,4965.0,4965.0,3953,validated
REC_000003,M001,Taj Mahal,Uttar Pradesh,Agra,Mausoleum,2024-01-03,2024,1,2,0,0,None,None,None,0,5000,1,0,17.9,0.0,Clear,3953.0,4459.0,4153,validated
REC_000004,M001,Taj Mahal,Uttar Pradesh,Agra,Mausoleum,2024-01-04,2024,1,3,0,0,None,None,None,0,5000,1,0,12.8,0.3,Foggy,4153.0,4357.0,3697,validated
REC_000005,M001,Taj Mahal,Uttar Pradesh,Agra,Mausoleum,2024-01-05,2024,1,4,0,0,None,None,None,0,5000,0,1,14.6,0.8,Foggy,3697.0,4192.0,0,validated
REC_000006,M001,Taj Mahal,Uttar Pradesh,Agra,Mausoleum,2024-01-06,2024,1,5,1,0,None,None,None,0,5000,1,0,9.2,1.4,Foggy,0.0,3353.6,4983,validated
REC_000007,M001,Taj Mahal,Uttar Pradesh,Agra,Mausoleum,2024-01-07,2024,1,6,1,0,None,None,None,0,5000,1,0,10.5,0.9,Clear,4983.0,3625.1666666666665,5000,validated
REC_000008,M001,Taj Mahal,Uttar Pradesh,Agra,Mausoleum,2024-01-08,2024,1,0,0,0,None,None,None,0,5000,1,0,10.4,1.3,Foggy,5000.0,3821.5714285714284,3392,validated
REC_000009,M001,Taj Mahal,Uttar Pradesh,Agra,Mausoleum,2024-01-09,2024,1,1,0,0,None,None,None,0,5000,1,0,14.9,0.1,Clear,3392.0,3596.8571428571427,3879,validated
REC_000010,M001,Taj Mahal,Uttar Pradesh,Agra,Mausoleum,2024-01-10,2024,1,2,0,0,None,None,None,0,5000,1,0,13.3,1.7,Clear,3879.0,3586.285714285714,3997,validated
REC_000011,M001,Taj Mahal,Uttar Pradesh,Agra,Mausoleum,2024-01-11,2024,1,3,0,0,None,None,None,0,5000,1,0,11.4,0.1,Clear,3997.0,3564.0,4164,validated
REC_000012,M001,Taj Mahal,Uttar Pradesh,Agra,Mausoleum,2024-01-12,2024,1,4,0,0,None,None,None,0,5000,0,1,10.9,0.6,Clear,4164.0,3630.714285714286,0,validated
REC_000013,M001,Taj Mahal,Uttar Pradesh,Agra,Mausoleum,2024-01-13,2024,1,5,1,0,None,None,None,0,5000,1,0,10.7,5.2,Clear,0.0,3630.714285714286,5000,validated
REC_000014,M001,Taj Mahal,Uttar Pradesh,Agra,Mausoleum,2024-01-14,2024,1,6,1,1,Makar Sankranti,Pongal,High,0,5000,1,0,15.8,0.1,Foggy,5000.0,3633.1428571428573,5000,validated
REC_000015,M001,Taj Mahal,Uttar Pradesh,Agra,Mausoleum,2024-01-15,2024,1,0,0,1,Pongal,Pongal,High,0,5000,1,0,13.7,0.7,Foggy,5000.0,3633.1428571428573,5000,validated
REC_000016,M001,Taj Mahal,Uttar Pradesh,Agra,Mausoleum,2024-01-16,2024,1,1,0,0,None,None,None,0,5000,1,0,12.8,0.5,Clear,5000.0,3862.8571428571427,4211,validated
REC_000017,M001,Taj Mahal,Uttar Pradesh,Agra,Mausoleum,2024-01-17,2024,1,2,0,0,None,None,None,0,5000,1,0,14.8,0.1,Clear,4211.0,3910.285714285714,3922,validated
REC_000018,M001,Taj Mahal,Uttar Pradesh,Agra,Mausoleum,2024-01-18,2024,1,3,0,0,None,None,None,0,5000,1,0,12.3,0.0,Clear,3922.0,3899.5714285714284,4122,validated
REC_000019,M001,Taj Mahal,Uttar Pradesh,Agra,Mausoleum,2024-01-19,2024,1,4,0,0,None,None,None,0,5000,0,1,16.6,2.2,Foggy,4122.0,3893.5714285714284,0,validated
REC_000020,M001,Taj Mahal,Uttar Pradesh,Agra,Mausoleum,2024-01-20,2024,1,5,1,0,None,None,None,0,5000,1,0,16.3,0.7,Foggy,0.0,3893.5714285714284,5000,validated
REC_000021,M001,Taj Mahal,Uttar Pradesh,Agra,Mausoleum,2024-01-21,2024,1,6,1,0,None,None,None,0,5000,1,0,16.4,0.6,Foggy,5000.0,3893.5714285714284,4931,validated
REC_000022,M001,Taj Mahal,Uttar Pradesh,Agra,Mausoleum,2024-01-22,2024,1,0,0,0,None,None,None,0,5000,1,0,11.0,2.0,Clear,4931.0,3883.714285714286,3985,validated
REC_000023,M001,Taj Mahal,Uttar Pradesh,Agra,Mausoleum,2024-01-23,2024,1,1,0,0,None,None,None,0,5000,1,0,16.5,0.2,Clear,3985.0,3738.714285714286,4072,validated
REC_000024,M001,Taj Mahal,Uttar Pradesh,Agra,Mausoleum,2024-01-24,2024,1,2,0,0,None,None,None,0,5000,1,0,17.8,2.2,Clear,4072.0,3718.8571428571427,3476,validated
REC_000025,M001,Taj Mahal,Uttar Pradesh,Agra,Mausoleum,2024-01-25,2024,1,3,0,0,None,None,None,0,5000,1,0,16.1,0.0,Foggy,3476.0,3655.1428571428573,3615,validated
REC_000026,M001,Taj Mahal,Uttar Pradesh,Agra,Mausoleum,2024-01-26,2024,1,4,0,1,Republic Day,None,High,0,5000,0,1,13.3,0.6,Clear,3615.0,3582.714285714286,0,validated
REC_000027,M001,Taj Mahal,Uttar Pradesh,Agra,Mausoleum,2024-01-27,2024,1,5,1,0,None,None,None,0,5000,1,0,13.5,0.8,Clear,0.0,3582.714285714286,5000,validated
REC_000028,M001,Taj Mahal,Uttar Pradesh,Agra,Mausoleum,2024-01-28,2024,1,6,1,0,None,None,None,0,5000,1,0,12.0,4.0,Clear,5000.0,3582.714285714286,5000,validated
REC_000029,M001,Taj Mahal,Uttar Pradesh,Agra,Mausoleum,2024-01-29,2024,1,0,0,0,None,None,None,0,5000,1,0,16.3,2.4,Foggy,5000.0,3592.5714285714284,3659,validated
REC_000030,M001,Taj Mahal,Uttar Pradesh,Agra,Mausoleum,2024-01-30,2024,1,1,0,0,None,None,None,0,5000,1,0,14.2,2.5,Clear,3659.0,3546.0,4193,validated
REC_000031,M001,Taj Mahal,Uttar Pradesh,Agra,Mausoleum,2024-01-31,2024,1,2,0,0,None,None,None,0,5000,1,0,12.2,0.4,Clear,4193.0,3563.285714285714,3934,validated
REC_000032,M001,Taj Mahal,Uttar Pradesh,Agra,Mausoleum,2024-02-01,2024,2,3,0,0,None,None,None,0,5000,1,0,24.9,0.0,Clear,3934.0,3628.714285714286,4052,validated
REC_000033,M001,Taj Mahal,Uttar Pradesh,Agra,Mausoleum,2024-02-02,2024,2,4,0,0,None,None,None,0,5000,0,1,19.8,0.3,Clear,4052.0,3691.1428571428573,0,validated
REC_000034,M001,Taj Mahal,Uttar Pradesh,Agra,Mausoleum,2024-02-03,2024,2,5,1,0,None,None,None,0,5000,1,0,22.7,5.7,Clear,0.0,3691.1428571428573,5000,validated
REC_000035,M001,Taj Mahal,Uttar Pradesh,Agra,Mausoleum,2024-02-04,2024,2,6,1,0,None,None,None,0,5000,1,0,24.5,0.9,Clear,5000.0,3691.1428571428573,5000,validated
REC_000036,M001,Taj Mahal,Uttar Pradesh,Agra,Mausoleum,2024-02-05,2024,2,0,0,0,None,None,None,0,5000,1,0,23.9,0.7,Haze,5000.0,3691.1428571428573,4012,validated
REC_000037,M001,Taj Mahal,Uttar Pradesh,Agra,Mausoleum,2024-02-06,2024,2,1,0,0,None,None,None,0,5000,1,0,31.4,0.1,Clear,4012.0,3741.5714285714284,3961,validated
REC_000038,M001,Taj Mahal,Uttar Pradesh,Agra,Mausoleum,2024-02-07,2024,2,2,0,0,None,None,None,0,5000,1,0,24.9,0.3,Clear,3961.0,3708.4285714285716,4228,validated
REC_000039,M001,Taj Mahal,Uttar Pradesh,Agra,Mausoleum,2024-02-08,2024,2,3,0,0,None,None,None,0,5000,1,0,26.3,0.5,Clear,4228.0,3750.4285714285716,4280,validated
REC_000040,M001,Taj Mahal,Uttar Pradesh,Agra,Mausoleum,2024-02-09,2024,2,4,0,0,None,None,None,0,5000,0,1,19.8,2.0,Clear,4280.0,3783.0,0,validated
REC_000041,M001,Taj Mahal,Uttar Pradesh,Agra,Mausoleum,2024-02-10,2024,2,5,1,0,None,None,None,0,5000,1,0,21.0,0.1,Clear,0.0,3783.0,5000,validated
REC_000042,M001,Taj Mahal,Uttar Pradesh,Agra,Mausoleum,2024-02-11,2024,2,6,1,0,None,None,None,0,5000,1,0,19.3,2.1,Haze,5000.0,3783.0,5000,validated
REC_000043,M001,Taj Mahal,Uttar Pradesh,Agra,Mausoleum,2024-02-12,2024,2,0,0,0,None,None,None,0,5000,1,0,21.2,5.5,Haze,5000.0,3783.0,4309,validated
REC_000044,M001,Taj Mahal,Uttar Pradesh,Agra,Mausoleum,2024-02-13,2024,2,1,0,0,None,None,None,0,5000,1,0,21.7,5.2,Clear,4309.0,3825.4285714285716,3935,validated
REC_000045,M001,Taj Mahal,Uttar Pradesh,Agra,Mausoleum,2024-02-14,2024,2,2,0,0,None,None,None,0,5000,1,0,26.4,3.4,Clear,3935.0,3821.714285714286,3753,validated
REC_000046,M001,Taj Mahal,Uttar Pradesh,Agra,Mausoleum,2024-02-15,2024,2,3,0,0,None,None,None,0,5000,1,0,19.2,0.2,Clear,3753.0,3753.8571428571427,4036,validated
REC_000047,M001,Taj Mahal,Uttar Pradesh,Agra,Mausoleum,2024-02-16,2024,2,4,0,0,None,None,None,0,5000,0,1,24.8,0.8,Clear,4036.0,3719.0,0,validated
REC_000048,M001,Taj Mahal,Uttar Pradesh,Agra,Mausoleum,2024-02-17,2024,2,5,1,0,None,None,None,0,5000,1,0,26.3,2.6,Clear,0.0,3719.0,5000,validated
REC_000049,M001,Taj Mahal,Uttar Pradesh,Agra,Mausoleum,2024-02-18,2024,2,6,1,0,None,None,None,0,5000,1,0,25.0,2.1,Haze,5000.0,3719.0,5000,validated
REC_000050,M001,Taj Mahal,Uttar Pradesh,Agra,Mausoleum,2024-02-19,2024,2,0,0,0,None,None,None,0,5000,1,0,21.9,0.0,Haze,5000.0,3719.0,4373,validated
REC_000051,M001,Taj Mahal,Uttar Pradesh,Agra,Mausoleum,2024-02-20,2024,2,1,0,0,None,None,None,0,5000,1,0,25.4,2.1,Haze,4373.0,3728.1428571428573,3805,validated
REC_000052,M001,Taj Mahal,Uttar Pradesh,Agra,Mausoleum,2024-02-21,2024,2,2,0,0,None,None,None,0,5000,1,0,26.4,0.8,Clear,3805.0,3709.5714285714284,4192,validated
REC_000053,M001,Taj Mahal,Uttar Pradesh,Agra,Mausoleum,2024-02-22,2024,2,3,0,0,None,None,None,0,5000,1,0,25.2,2.1,Clear,4192.0,3772.285714285714,3950,validated
REC_000054,M001,Taj Mahal,Uttar Pradesh,Agra,Mausoleum,2024-02-23,2024,2,4,0,0,None,None,None,0,5000,0,1,21.7,0.6,Haze,3950.0,3760.0,0,validated
REC_000055,M001,Taj Mahal,Uttar Pradesh,Agra,Mausoleum,2024-02-24,2024,2,5,1,0,None,None,None,0,5000,1,0,23.8,4.5,Clear,0.0,3760.0,5000,validated
REC_000056,M001,Taj Mahal,Uttar Pradesh,Agra,Mausoleum,2024-02-25,2024,2,6,1,0,None,None,None,0,5000,1,0,24.0,1.7,Clear,5000.0,3760.0,5000,validated
REC_000057,M001,Taj Mahal,Uttar Pradesh,Agra,Mausoleum,2024-02-26,2024,2,0,0,0,None,None,None,0,5000,1,0,25.9,0.7,Haze,5000.0,3760.0,3828,validated
REC_000058,M001,Taj Mahal,Uttar Pradesh,Agra,Mausoleum,2024-02-27,2024,2,1,0,0,None,None,None,0,5000,1,0,20.8,5.6,Clear,3828.0,3682.1428571428573,4096,validated
REC_000059,M001,Taj Mahal,Uttar Pradesh,Agra,Mausoleum,2024-02-28,2024,2,2,0,0,None,None,None,0,5000,1,0,23.3,0.0,Clear,4096.0,3723.714285714286,4142,validated
REC_000060,M001,Taj Mahal,Uttar Pradesh,Agra,Mausoleum,2024-02-29,2024,2,3,0,0,None,None,None,0,5000,1,0,25.4,6.6,Clear,4142.0,3716.5714285714284,3985,validated
REC_000061,M001,Taj Mahal,Uttar Pradesh,Agra,Mausoleum,2024-03-01,2024,3,4,0,0,None,None,None,0,5000,0,1,21.5,3.8,Clear,3985.0,3721.5714285714284,0,validated
REC_000062,M001,Taj Mahal,Uttar Pradesh,Agra,Mausoleum,2024-03-02,2024,3,5,1,0,None,None,None,0,5000,1,0,19.5,0.4,Clear,0.0,3721.5714285714284,4680,validated
REC_000063,M001,Taj Mahal,Uttar Pradesh,Agra,Mausoleum,2024-03-03,2024,3,6,1,0,None,None,None,0,5000,1,0,25.2,1.7,Haze,4680.0,3675.8571428571427,4653,validated
REC_000064,M001,Taj Mahal,Uttar Pradesh,Agra,Mausoleum,2024-03-04,2024,3,0,0,0,None,None,None,0,5000,1,0,20.6,4.2,Clear,4653.0,3626.285714285714,3373,validated
REC_000065,M001,Taj Mahal,Uttar Pradesh,Agra,Mausoleum,2024-03-05,2024,3,1,0,0,None,None,None,0,5000,1,0,27.2,0.9,Clear,3373.0,3561.285714285714,3282,validated
REC_000066,M001,Taj Mahal,Uttar Pradesh,Agra,Mausoleum,2024-03-06,2024,3,2,0,0,None,None,None,0,5000,1,0,25.5,4.0,Clear,3282.0,3445.0,3282,validated
REC_000067,M001,Taj Mahal,Uttar Pradesh,Agra,Mausoleum,2024-03-07,2024,3,3,0,0,None,None,None,0,5000,1,0,35.6,3.2,Clear,3282.0,3322.1428571428573,3352,validated
REC_000068,M001,Taj Mahal,Uttar Pradesh,Agra,Mausoleum,2024-03-08,2024,3,4,0,1,Maha Shivratri,Shivratri,Medium,0,5000,0,1,26.0,4.4,Clear,3352.0,3231.714285714286,0,validated
REC_000069,M001,Taj Mahal,Uttar Pradesh,Agra,Mausoleum,2024-03-09,2024,3,5,1,0,None,None,None,0,5000,1,0,21.7,1.7,Haze,0.0,3231.714285714286,4585,validated
REC_000070,M001,Taj Mahal,Uttar Pradesh,Agra,Mausoleum,2024-03-10,2024,3,6,1,0,None,None,None,0,5000,1,0,30.9,0.7,Clear,4585.0,3218.1428571428573,4206,validated
REC_000071,M001,Taj Mahal,Uttar Pradesh,Agra,Mausoleum,2024-03-11,2024,3,0,0,0,None,None,None,0,5000,1,0,22.6,0.3,Clear,4206.0,3154.285714285714,3374,validated
REC_000072,M001,Taj Mahal,Uttar Pradesh,Agra,Mausoleum,2024-03-12,2024,3,1,0,0,None,None,None,0,5000,1,0,21.9,2.0,Haze,3374.0,3154.4285714285716,3308,validated
REC_000073,M001,Taj Mahal,Uttar Pradesh,Agra,Mausoleum,2024-03-13,2024,3,2,0,0,None,None,None,0,5000,1,0,24.1,1.6,Clear,3308.0,3158.1428571428573,3095,validated
REC_000074,M001,Taj Mahal,Uttar Pradesh,Agra,Mausoleum,2024-03-14,2024,3,3,0,0,None,None,None,0,5000,1,0,17.9,3.2,Clear,3095.0,3131.4285714285716,3229,validated
REC_000075,M001,Taj Mahal,Uttar Pradesh,Agra,Mausoleum,2024-03-15,2024,3,4,0,0,None,None,None,0,5000,0,1,21.6,0.1,Clear,3229.0,3113.8571428571427,0,validated
REC_000076,M001,Taj Mahal,Uttar Pradesh,Agra,Mausoleum,2024-03-16,2024,3,5,1,0,None,None,None,0,5000,1,0,23.7,3.6,Clear,0.0,3113.8571428571427,4361,validated
REC_000077,M001,Taj Mahal,Uttar Pradesh,Agra,Mausoleum,2024-03-17,2024,3,6,1,0,None,None,None,0,5000,1,0,23.0,0.3,Clear,4361.0,3081.8571428571427,5000,validated
REC_000078,M001,Taj Mahal,Uttar Pradesh,Agra,Mausoleum,2024-03-18,2024,3,0,0,0,None,None,None,0,5000,0,1,25.2,2.2,Clear,5000.0,3195.285714285714,0,validated
REC_000079,M001,Taj Mahal,Uttar Pradesh,Agra,Mausoleum,2024-03-19,2024,3,1,0,0,None,None,None,0,5000,1,0,30.4,1.1,Haze,0.0,2713.285714285714,3365,validated
REC_000080,M001,Taj Mahal,Uttar Pradesh,Agra,Mausoleum,2024-03-20,2024,3,2,0,0,None,None,None,0,5000,1,0,27.8,0.0,Haze,3365.0,2721.4285714285716,3086,validated
REC_000081,M001,Taj Mahal,Uttar Pradesh,Agra,Mausoleum,2024-03-21,2024,3,3,0,0,None,None,None,0,5000,1,0,25.3,1.3,Haze,3086.0,2720.1428571428573,3323,validated
REC_000082,M001,Taj Mahal,Uttar Pradesh,Agra,Mausoleum,2024-03-22,2024,3,4,0,0,None,None,None,0,5000,0,1,14.3,0.4,Clear,3323.0,2733.5714285714284,0,validated
REC_000083,M001,Taj Mahal,Uttar Pradesh,Agra,Mausoleum,2024-03-23,2024,3,5,1,0,None,None,None,0,5000,1,0,20.9,1.0,Clear,0.0,2733.5714285714284,4537,validated
REC_000084,M001,Taj Mahal,Uttar Pradesh,Agra,Mausoleum,2024-03-24,2024,3,6,1,0,None,None,None,0,5000,1,0,24.4,0.9,Clear,4537.0,2758.714285714286,4909,validated
REC_000085,M001,Taj Mahal,Uttar Pradesh,Agra,Mausoleum,2024-03-25,2024,3,0,0,1,Holi,Holi,High,0,5000,1,0,24.0,2.1,Haze,4909.0,2745.714285714286,5000,validated
REC_000086,M001,Taj Mahal,Uttar Pradesh,Agra,Mausoleum,2024-03-26,2024,3,1,0,0,None,None,None,0,5000,1,0,22.2,0.1,Clear,5000.0,3460.0,3218,validated
REC_000087,M001,Taj Mahal,Uttar Pradesh,Agra,Mausoleum,2024-03-27,2024,3,2,0,0,None,None,None,0,5000,1,0,26.0,1.0,Clear,3218.0,3439.0,3541,validated
REC_000088,M001,Taj Mahal,Uttar Pradesh,Agra,Mausoleum,2024-03-28,2024,3,3,0,0,None,None,None,0,5000,1,0,18.1,5.7,Clear,3541.0,3504.0,3244,validated
REC_000089,M001,Taj Mahal,Uttar Pradesh,Agra,Mausoleum,2024-03-29,2024,3,4,0,1,Good Friday,None,Low,0,5000,0,1,22.1,0.1,Clear,3244.0,3492.714285714286,0,validated
REC_000090,M001,Taj Mahal,Uttar Pradesh,Agra,Mausoleum,2024-03-30,2024,3,5,1,0,None,None,None,0,5000,1,0,22.2,0.3,Clear,0.0,3492.714285714286,4837,validated
REC_000091,M001,Taj Mahal,Uttar Pradesh,Agra,Mausoleum,2024-03-31,2024,3,6,1,0,None,None,None,0,5000,1,0,26.7,2.7,Clear,4837.0,3535.5714285714284,4711,validated
REC_000092,M001,Taj Mahal,Uttar Pradesh,Agra,Mausoleum,2024-04-01,2024,4,0,0,0,None,None,None,0,5000,1,0,35.1,5.6,Clear,4711.0,3507.285714285714,3110,validated
REC_000093,M001,Taj Mahal,Uttar Pradesh,Agra,Mausoleum,2024-04-02,2024,4,1,0,0,None,None,None,0,5000,1,0,31.7,6.0,Clear,3110.0,3237.285714285714,3004,validated
REC_000094,M001,Taj Mahal,Uttar Pradesh,Agra,Mausoleum,2024-04-03,2024,4,2,0,0,None,None,None,0,5000,1,0,39.9,7.8,Clear,3004.0,3206.714285714286,3167,validated
REC_000095,M001,Taj Mahal,Uttar Pradesh,Agra,Mausoleum,2024-04-04,2024,4,3,0,0,None,None,None,0,5000,1,0,43.4,5.6,Clear,3167.0,3153.285714285714,2347,validated
REC_000096,M001,Taj Mahal,Uttar Pradesh,Agra,Mausoleum,2024-04-05,2024,4,4,0,0,None,None,None,0,5000,0,1,42.6,1.5,Clear,2347.0,3025.1428571428573,0,validated
REC_000097,M001,Taj Mahal,Uttar Pradesh,Agra,Mausoleum,2024-04-06,2024,4,5,1,0,None,None,None,0,5000,1,0,38.1,9.0,Clear,0.0,3025.1428571428573,4715,validated
REC_000098,M001,Taj Mahal,Uttar Pradesh,Agra,Mausoleum,2024-04-07,2024,4,6,1,0,None,None,None,0,5000,1,0,37.5,12.0,Clear,4715.0,3007.714285714286,5000,validated
REC_000099,M001,Taj Mahal,Uttar Pradesh,Agra,Mausoleum,2024-04-08,2024,4,0,0,0,None,None,None,0,5000,1,0,41.7,2.4,Clear,5000.0,3049.0,2279,validated
REC_000100,M001,Taj Mahal,Uttar Pradesh,Agra,Mausoleum,2024-04-09,2024,4,1,0,1,Ugadi / Gudi Padwa,Ugadi,Medium,0,5000,1,0,33.8,4.5,Clear,2279.0,2930.285714285714,4320,validated
REC_000101,M001,Taj Mahal,Uttar Pradesh,Agra,Mausoleum,2024-04-10,2024,4,2,0,0,None,None,None,0,5000,1,0,40.3,6.2,Clear,4320.0,3118.285714285714,2398,validated
REC_000102,M001,Taj Mahal,Uttar Pradesh,Agra,Mausoleum,2024-04-11,2024,4,3,0,1,Eid-ul-Fitr,Eid,High,0,5000,1,0,34.9,0.2,Clear,2398.0,3008.4285714285716,4441,validated
REC_000103,M001,Taj Mahal,Uttar Pradesh,Agra,Mausoleum,2024-04-12,2024,4,4,0,0,None,None,None,0,5000,0,1,44.2,8.7,Clear,4441.0,3307.5714285714284,0,validated
REC_000104,M001,Taj Mahal,Uttar Pradesh,Agra,Mausoleum,2024-04-13,2024,4,5,1,0,None,None,None,0,5000,1,0,35.1,0.6,Clear,0.0,3307.5714285714284,4565,validated
REC_000105,M001,Taj Mahal,Uttar Pradesh,Agra,Mausoleum,2024-04-14,2024,4,6,1,0,None,None,None,0,5000,1,0,40.1,0.4,Clear,4565.0,3286.1428571428573,3716,validated
REC_000106,M001,Taj Mahal,Uttar Pradesh,Agra,Mausoleum,2024-04-15,2024,4,0,0,0,None,None,None,0,5000,1,0,38.9,0.3,Clear,3716.0,3102.714285714286,3118,validated
REC_000107,M001,Taj Mahal,Uttar Pradesh,Agra,Mausoleum,2024-04-16,2024,4,1,0,0,None,None,None,0,5000,1,0,40.0,0.3,Clear,3118.0,3222.5714285714284,3339,validated
REC_000108,M001,Taj Mahal,Uttar Pradesh,Agra,Mausoleum,2024-04-17,2024,4,2,0,1,Ram Navami,Ram Navami,Medium,0,5000,1,0,32.9,6.7,Clear,3339.0,3082.4285714285716,3867,validated
REC_000109,M001,Taj Mahal,Uttar Pradesh,Agra,Mausoleum,2024-04-18,2024,4,3,0,0,None,None,None,0,5000,1,0,35.7,0.3,Clear,3867.0,3292.285714285714,3417,validated
REC_000110,M001,Taj Mahal,Uttar Pradesh,Agra,Mausoleum,2024-04-19,2024,4,4,0,0,None,None,None,0,5000,0,1,39.1,2.2,Clear,3417.0,3146.0,0,validated
REC_000111,M001,Taj Mahal,Uttar Pradesh,Agra,Mausoleum,2024-04-20,2024,4,5,1,0,None,None,None,0,5000,1,0,43.2,9.5,Clear,0.0,3146.0,3476,validated
REC_000112,M001,Taj Mahal,Uttar Pradesh,Agra,Mausoleum,2024-04-21,2024,4,6,1,1,Mahavir Jayanti,None,Low,0,5000,1,0,34.5,0.0,Clear,3476.0,2990.4285714285716,5000,validated
REC_000113,M001,Taj Mahal,Uttar Pradesh,Agra,Mausoleum,2024-04-22,2024,4,0,0,0,None,None,None,0,5000,1,0,37.8,0.5,Clear,5000.0,3173.8571428571427,3251,validated
REC_000114,M001,Taj Mahal,Uttar Pradesh,Agra,Mausoleum,2024-04-23,2024,4,1,0,0,None,None,None,0,5000,1,0,35.1,5.5,Clear,3251.0,3192.8571428571427,3278,validated
REC_000115,M001,Taj Mahal,Uttar Pradesh,Agra,Mausoleum,2024-04-24,2024,4,2,0,0,None,None,None,0,5000,1,0,38.3,1.9,Clear,3278.0,3184.1428571428573,3310,validated
REC_000116,M001,Taj Mahal,Uttar Pradesh,Agra,Mausoleum,2024-04-25,2024,4,3,0,0,None,None,None,0,5000,1,0,36.6,1.0,Clear,3310.0,3104.5714285714284,3211,validated
REC_000117,M001,Taj Mahal,Uttar Pradesh,Agra,Mausoleum,2024-04-26,2024,4,4,0,0,None,None,None,0,5000,0,1,41.4,19.8,Clear,3211.0,3075.1428571428573,0,validated
REC_000118,M001,Taj Mahal,Uttar Pradesh,Agra,Mausoleum,2024-04-27,2024,4,5,1,0,None,None,None,0,5000,1,0,38.3,13.9,Clear,0.0,3075.1428571428573,4460,validated
REC_000119,M001,Taj Mahal,Uttar Pradesh,Agra,Mausoleum,2024-04-28,2024,4,6,1,0,None,None,None,0,5000,1,0,46.0,4.8,Clear,4460.0,3215.714285714286,3550,validated
REC_000120,M001,Taj Mahal,Uttar Pradesh,Agra,Mausoleum,2024-04-29,2024,4,0,0,0,None,None,None,0,5000,1,0,45.5,3.5,Clear,3550.0,3008.5714285714284,2307,validated
REC_000121,M001,Taj Mahal,Uttar Pradesh,Agra,Mausoleum,2024-04-30,2024,4,1,0,0,None,None,None,0,5000,1,0,37.6,3.9,Clear,2307.0,2873.714285714286,3356,validated
REC_000122,M001,Taj Mahal,Uttar Pradesh,Agra,Mausoleum,2024-05-01,2024,5,2,0,0,None,None,None,1,5000,1,0,35.1,2.5,Clear,3356.0,2884.8571428571427,2677,validated
REC_000123,M001,Taj Mahal,Uttar Pradesh,Agra,Mausoleum,2024-05-02,2024,5,3,0,0,None,None,None,1,5000,1,0,41.6,0.3,Clear,2677.0,2794.4285714285716,1882,validated
REC_000124,M001,Taj Mahal,Uttar Pradesh,Agra,Mausoleum,2024-05-03,2024,5,4,0,0,None,None,None,1,5000,0,1,39.2,1.5,Clear,1882.0,2604.5714285714284,0,validated
REC_000125,M001,Taj Mahal,Uttar Pradesh,Agra,Mausoleum,2024-05-04,2024,5,5,1,0,None,None,None,1,5000,1,0,44.6,6.7,Clear,0.0,2604.5714285714284,2866,validated
REC_000126,M001,Taj Mahal,Uttar Pradesh,Agra,Mausoleum,2024-05-05,2024,5,6,1,0,None,None,None,1,5000,1,0,39.7,9.7,Clear,2866.0,2376.8571428571427,4150,validated
REC_000127,M001,Taj Mahal,Uttar Pradesh,Agra,Mausoleum,2024-05-06,2024,5,0,0,0,None,None,None,1,5000,1,0,43.2,2.2,Clear,4150.0,2462.5714285714284,2192,validated
REC_000128,M001,Taj Mahal,Uttar Pradesh,Agra,Mausoleum,2024-05-07,2024,5,1,0,0,None,None,None,1,5000,1,0,36.4,17.5,Clear,2192.0,2446.1428571428573,2800,validated
REC_000129,M001,Taj Mahal,Uttar Pradesh,Agra,Mausoleum,2024-05-08,2024,5,2,0,0,None,None,None,1,5000,1,0,34.2,1.9,Clear,2800.0,2366.714285714286,2744,validated
REC_000130,M001,Taj Mahal,Uttar Pradesh,Agra,Mausoleum,2024-05-09,2024,5,3,0,0,None,None,None,1,5000,1,0,42.3,2.1,Clear,2744.0,2376.285714285714,2058,validated
REC_000131,M001,Taj Mahal,Uttar Pradesh,Agra,Mausoleum,2024-05-10,2024,5,4,0,0,None,None,None,1,5000,0,1,37.8,8.0,Clear,2058.0,2401.4285714285716,0,validated
REC_000132,M001,Taj Mahal,Uttar Pradesh,Agra,Mausoleum,2024-05-11,2024,5,5,1,0,None,None,None,1,5000,1,0,38.0,5.9,Clear,0.0,2401.4285714285716,4011,validated
REC_000133,M001,Taj Mahal,Uttar Pradesh,Agra,Mausoleum,2024-05-12,2024,5,6,1,0,None,None,None,1,5000,1,0,36.9,0.6,Clear,4011.0,2565.0,3682,validated
REC_000134,M001,Taj Mahal,Uttar Pradesh,Agra,Mausoleum,2024-05-13,2024,5,0,0,0,None,None,None,1,5000,1,0,38.4,1.0,Clear,3682.0,2498.1428571428573,2830,validated
REC_000135,M001,Taj Mahal,Uttar Pradesh,Agra,Mausoleum,2024-05-14,2024,5,1,0,0,None,None,None,1,5000,1,0,41.7,1.8,Clear,2830.0,2589.285714285714,2229,validated
REC_000136,M001,Taj Mahal,Uttar Pradesh,Agra,Mausoleum,2024-05-15,2024,5,2,0,0,None,None,None,1,5000,1,0,39.2,2.9,Clear,2229.0,2507.714285714286,2656,validated
REC_000137,M001,Taj Mahal,Uttar Pradesh,Agra,Mausoleum,2024-05-16,2024,5,3,0,0,None,None,None,1,5000,1,0,38.4,7.6,Clear,2656.0,2495.1428571428573,2974,validated
REC_000138,M001,Taj Mahal,Uttar Pradesh,Agra,Mausoleum,2024-05-17,2024,5,4,0,0,None,None,None,1,5000,0,1,45.2,8.4,Clear,2974.0,2626.0,0,validated
REC_000139,M001,Taj Mahal,Uttar Pradesh,Agra,Mausoleum,2024-05-18,2024,5,5,1,0,None,None,None,1,5000,1,0,44.1,2.1,Clear,0.0,2626.0,3098,validated
REC_000140,M001,Taj Mahal,Uttar Pradesh,Agra,Mausoleum,2024-05-19,2024,5,6,1,0,None,None,None,1,5000,1,0,42.8,4.9,Clear,3098.0,2495.5714285714284,2936,validated
REC_000141,M001,Taj Mahal,Uttar Pradesh,Agra,Mausoleum,2024-05-20,2024,5,0,0,0,None,None,None,1,5000,1,0,36.8,0.1,Clear,2936.0,2389.0,2906,validated
REC_000142,M001,Taj Mahal,Uttar Pradesh,Agra,Mausoleum,2024-05-21,2024,5,1,0,0,None,None,None,1,5000,1,0,31.8,2.0,Clear,2906.0,2399.8571428571427,2882,validated
REC_000143,M001,Taj Mahal,Uttar Pradesh,Agra,Mausoleum,2024-05-22,2024,5,2,0,0,None,None,None,1,5000,1,0,37.5,1.7,Clear,2882.0,2493.1428571428573,2967,validated
REC_000144,M001,Taj Mahal,Uttar Pradesh,Agra,Mausoleum,2024-05-23,2024,5,3,0,1,Buddha Purnima,None,Low,1,5000,1,0,38.3,2.0,Clear,2967.0,2537.5714285714284,3619,validated
REC_000145,M001,Taj Mahal,Uttar Pradesh,Agra,Mausoleum,2024-05-24,2024,5,4,0,0,None,None,None,1,5000,0,1,39.2,11.9,Clear,3619.0,2629.714285714286,0,validated
REC_000146,M001,Taj Mahal,Uttar Pradesh,Agra,Mausoleum,2024-05-25,2024,5,5,1,0,None,None,None,1,5000,1,0,32.0,2.5,Clear,0.0,2629.714285714286,3990,validated
REC_000147,M001,Taj Mahal,Uttar Pradesh,Agra,Mausoleum,2024-05-26,2024,5,6,1,0,None,None,None,1,5000,1,0,38.0,1.6,Clear,3990.0,2757.1428571428573,4082,validated
REC_000148,M001,Taj Mahal,Uttar Pradesh,Agra,Mausoleum,2024-05-27,2024,5,0,0,0,None,None,None,1,5000,1,0,33.4,0.3,Clear,4082.0,2920.8571428571427,2852,validated
REC_000149,M001,Taj Mahal,Uttar Pradesh,Agra,Mausoleum,2024-05-28,2024,5,1,0,0,None,None,None,1,5000,1,0,34.1,1.7,Clear,2852.0,2913.1428571428573,2827,validated
REC_000150,M001,Taj Mahal,Uttar Pradesh,Agra,Mausoleum,2024-05-29,2024,5,2,0,0,None,None,None,1,5000,1,0,37.8,4.4,Clear,2827.0,2905.285714285714,2891,validated
REC_000151,M001,Taj Mahal,Uttar Pradesh,Agra,Mausoleum,2024-05-30,2024,5,3,0,0,None,None,None,1,5000,1,0,36.4,0.2,Clear,2891.0,2894.4285714285716,2694,validated
REC_000152,M001,Taj Mahal,Uttar Pradesh,Agra,Mausoleum,2024-05-31,2024,5,4,0,0,None,None,None,1,5000,0,1,36.1,0.8,Clear,2694.0,2762.285714285714,0,validated
REC_000153,M001,Taj Mahal,Uttar Pradesh,Agra,Mausoleum,2024-06-01,2024,6,5,1,0,None,None,None,1,5000,1,0,35.2,0.4,Clear,0.0,2762.285714285714,3980,validated
REC_000154,M001,Taj Mahal,Uttar Pradesh,Agra,Mausoleum,2024-06-02,2024,6,6,1,0,None,None,None,1,5000,1,0,34.4,0.9,Clear,3980.0,2760.8571428571427,4013,validated
REC_000155,M001,Taj Mahal,Uttar Pradesh,Agra,Mausoleum,2024-06-03,2024,6,0,0,0,None,None,None,1,5000,1,0,30.0,4.7,Clear,4013.0,2751.0,2663,validated
REC_000156,M001,Taj Mahal,Uttar Pradesh,Agra,Mausoleum,2024-06-04,2024,6,1,0,0,None,None,None,1,5000,1,0,38.7,8.3,Clear,2663.0,2724.0,2877,validated
REC_000157,M001,Taj Mahal,Uttar Pradesh,Agra,Mausoleum,2024-06-05,2024,6,2,0,0,None,None,None,1,5000,1,0,35.8,5.5,Clear,2877.0,2731.1428571428573,2686,validated
REC_000158,M001,Taj Mahal,Uttar Pradesh,Agra,Mausoleum,2024-06-06,2024,6,3,0,0,None,None,None,1,5000,1,0,36.0,1.9,Clear,2686.0,2701.8571428571427,3087,validated
REC_000159,M001,Taj Mahal,Uttar Pradesh,Agra,Mausoleum,2024-06-07,2024,6,4,0,0,None,None,None,1,5000,0,1,36.9,1.8,Clear,3087.0,2758.0,0,validated
REC_000160,M001,Taj Mahal,Uttar Pradesh,Agra,Mausoleum,2024-06-08,2024,6,5,1,0,None,None,None,1,5000,1,0,43.8,0.1,Clear,0.0,2758.0,2964,validated
REC_000161,M001,Taj Mahal,Uttar Pradesh,Agra,Mausoleum,2024-06-09,2024,6,6,1,0,None,None,None,1,5000,1,0,41.0,9.0,Clear,2964.0,2612.8571428571427,2853,validated
REC_000162,M001,Taj Mahal,Uttar Pradesh,Agra,Mausoleum,2024-06-10,2024,6,0,0,0,None,None,None,1,5000,1,0,48.8,0.5,Clear,2853.0,2447.1428571428573,2185,validated
REC_000163,M001,Taj Mahal,Uttar Pradesh,Agra,Mausoleum,2024-06-11,2024,6,1,0,0,None,None,None,1,5000,1,0,43.3,1.1,Clear,2185.0,2378.8571428571427,1815,validated
REC_000164,M001,Taj Mahal,Uttar Pradesh,Agra,Mausoleum,2024-06-12,2024,6,2,0,0,None,None,None,1,5000,1,0,35.4,0.1,Clear,1815.0,2227.1428571428573,2563,validated
REC_000165,M001,Taj Mahal,Uttar Pradesh,Agra,Mausoleum,2024-06-13,2024,6,3,0,0,None,None,None,1,5000,1,0,34.3,1.6,Clear,2563.0,2209.5714285714284,2669,validated
REC_000166,M001,Taj Mahal,Uttar Pradesh,Agra,Mausoleum,2024-06-14,2024,6,4,0,0,None,None,None,1,5000,0,1,43.9,6.2,Clear,2669.0,2149.8571428571427,0,validated
REC_000167,M001,Taj Mahal,Uttar Pradesh,Agra,Mausoleum,2024-06-15,2024,6,5,1,0,None,None,None,1,5000,1,0,41.1,2.8,Clear,0.0,2149.8571428571427,3013,validated
REC_000168,M001,Taj Mahal,Uttar Pradesh,Agra,Mausoleum,2024-06-16,2024,6,6,1,0,None,None,None,1,5000,1,0,35.0,3.5,Clear,3013.0,2156.8571428571427,3913,validated
REC_000169,M001,Taj Mahal,Uttar Pradesh,Agra,Mausoleum,2024-06-17,2024,6,0,0,1,Bakrid / Eid al-Adha,Eid al-Adha,High,1,5000,1,0,43.5,0.5,Clear,3913.0,2308.285714285714,3068,validated
REC_000170,M001,Taj Mahal,Uttar Pradesh,Agra,Mausoleum,2024-06-18,2024,6,1,0,0,None,None,None,1,5000,1,0,33.2,4.2,Clear,3068.0,2434.4285714285716,2495,validated
REC_000171,M001,Taj Mahal,Uttar Pradesh,Agra,Mausoleum,2024-06-19,2024,6,2,0,0,None,None,None,1,5000,1,0,41.3,17.2,Clear,2495.0,2531.5714285714284,1925,validated
REC_000172,M001,Taj Mahal,Uttar Pradesh,Agra,Mausoleum,2024-06-20,2024,6,3,0,0,None,None,None,1,5000,1,0,40.0,0.4,Clear,1925.0,2440.4285714285716,2696,validated
REC_000173,M001,Taj Mahal,Uttar Pradesh,Agra,Mausoleum,2024-06-21,2024,6,4,0,0,None,None,None,1,5000,0,1,35.8,0.7,Clear,2696.0,2444.285714285714,0,validated
REC_000174,M001,Taj Mahal,Uttar Pradesh,Agra,Mausoleum,2024-06-22,2024,6,5,1,0,None,None,None,1,5000,1,0,35.9,0.8,Clear,0.0,2444.285714285714,3829,validated
REC_000175,M001,Taj Mahal,Uttar Pradesh,Agra,Mausoleum,2024-06-23,2024,6,6,1,0,None,None,None,1,5000,1,0,29.2,16.2,Clear,3829.0,2560.8571428571427,4138,validated
REC_000176,M001,Taj Mahal,Uttar Pradesh,Agra,Mausoleum,2024-06-24,2024,6,0,0,0,None,None,None,1,5000,1,0,37.2,14.0,Clear,4138.0,2593.0,2634,validated
REC_000177,M001,Taj Mahal,Uttar Pradesh,Agra,Mausoleum,2024-06-25,2024,6,1,0,0,None,None,None,1,5000,1,0,38.8,1.2,Clear,2634.0,2531.0,2797,validated
REC_000178,M001,Taj Mahal,Uttar Pradesh,Agra,Mausoleum,2024-06-26,2024,6,2,0,0,None,None,None,1,5000,1,0,39.8,10.6,Clear,2797.0,2574.1428571428573,2625,validated
REC_000179,M001,Taj Mahal,Uttar Pradesh,Agra,Mausoleum,2024-06-27,2024,6,3,0,0,None,None,None,1,5000,1,0,45.2,1.3,Clear,2625.0,2674.1428571428573,2237,validated
REC_000180,M001,Taj Mahal,Uttar Pradesh,Agra,Mausoleum,2024-06-28,2024,6,4,0,0,None,None,None,1,5000,0,1,35.7,1.6,Clear,2237.0,2608.5714285714284,0,validated
REC_000181,M001,Taj Mahal,Uttar Pradesh,Agra,Mausoleum,2024-06-29,2024,6,5,1,0,None,None,None,1,5000,1,0,40.0,2.2,Clear,0.0,2608.5714285714284,3676,validated
REC_000182,M001,Taj Mahal,Uttar Pradesh,Agra,Mausoleum,2024-06-30,2024,6,6,1,0,None,None,None,1,5000,1,0,38.2,0.5,Clear,3676.0,2586.714285714286,3696,validated
REC_000183,M001,Taj Mahal,Uttar Pradesh,Agra,Mausoleum,2024-07-01,2024,7,0,0,0,None,None,None,0,5000,1,0,33.0,15.7,Rainy,3696.0,2523.5714285714284,2073,validated
REC_000184,M001,Taj Mahal,Uttar Pradesh,Agra,Mausoleum,2024-07-02,2024,7,1,0,0,None,None,None,0,5000,1,0,28.0,13.7,Rainy,2073.0,2443.4285714285716,2540,validated
REC_000185,M001,Taj Mahal,Uttar Pradesh,Agra,Mausoleum,2024-07-03,2024,7,2,0,0,None,None,None,0,5000,1,0,30.0,2.6,Cloudy,2540.0,2406.714285714286,3103,validated
REC_000186,M001,Taj Mahal,Uttar Pradesh,Agra,Mausoleum,2024-07-04,2024,7,3,0,0,None,None,None,0,5000,1,0,32.9,20.6,Rainy,3103.0,2475.0,2135,validated
REC_000187,M001,Taj Mahal,Uttar Pradesh,Agra,Mausoleum,2024-07-05,2024,7,4,0,0,None,None,None,0,5000,0,1,34.6,11.5,Rainy,2135.0,2460.4285714285716,0,validated
REC_000188,M001,Taj Mahal,Uttar Pradesh,Agra,Mausoleum,2024-07-06,2024,7,5,1,0,None,None,None,0,5000,1,0,26.6,47.7,Rainy,0.0,2460.4285714285716,2860,validated
REC_000189,M001,Taj Mahal,Uttar Pradesh,Agra,Mausoleum,2024-07-07,2024,7,6,1,0,None,None,None,0,5000,1,0,31.9,50.2,Rainy,2860.0,2343.8571428571427,2924,validated
REC_000190,M001,Taj Mahal,Uttar Pradesh,Agra,Mausoleum,2024-07-08,2024,7,0,0,0,None,None,None,0,5000,1,0,32.2,33.2,Rainy,2924.0,2233.5714285714284,2244,validated
REC_000191,M001,Taj Mahal,Uttar Pradesh,Agra,Mausoleum,2024-07-09,2024,7,1,0,0,None,None,None,0,5000,1,0,31.8,4.1,Cloudy,2244.0,2258.0,3134,validated
REC_000192,M001,Taj Mahal,Uttar Pradesh,Agra,Mausoleum,2024-07-10,2024,7,2,0,0,None,None,None,0,5000,1,0,32.0,19.7,Rainy,3134.0,2342.8571428571427,2036,validated
REC_000193,M001,Taj Mahal,Uttar Pradesh,Agra,Mausoleum,2024-07-11,2024,7,3,0,0,None,None,None,0,5000,1,0,25.5,37.7,Rainy,2036.0,2190.4285714285716,2117,validated
REC_000194,M001,Taj Mahal,Uttar Pradesh,Agra,Mausoleum,2024-07-12,2024,7,4,0,0,None,None,None,0,5000,0,1,34.0,10.4,Rainy,2117.0,2187.8571428571427,0,validated
REC_000195,M001,Taj Mahal,Uttar Pradesh,Agra,Mausoleum,2024-07-13,2024,7,5,1,0,None,None,None,0,5000,1,0,30.0,8.5,Rainy,0.0,2187.8571428571427,3364,validated
REC_000196,M001,Taj Mahal,Uttar Pradesh,Agra,Mausoleum,2024-07-14,2024,7,6,1,0,None,None,None,0,5000,1,0,30.1,24.8,Rainy,3364.0,2259.8571428571427,2777,validated
REC_000197,M001,Taj Mahal,Uttar Pradesh,Agra,Mausoleum,2024-07-15,2024,7,0,0,0,None,None,None,0,5000,1,0,31.0,41.4,Rainy,2777.0,2238.8571428571427,2166,validated
REC_000198,M001,Taj Mahal,Uttar Pradesh,Agra,Mausoleum,2024-07-16,2024,7,1,0,0,None,None,None,0,5000,1,0,25.5,42.7,Rainy,2166.0,2227.714285714286,1987,validated
REC_000199,M001,Taj Mahal,Uttar Pradesh,Agra,Mausoleum,2024-07-17,2024,7,2,0,1,Muharram,None,Low,0,5000,1,0,31.7,50.6,Rainy,1987.0,2063.8571428571427,2407,validated
REC_000200,M001,Taj Mahal,Uttar Pradesh,Agra,Mausoleum,2024-07-18,2024,7,3,0,0,None,None,None,0,5000,1,0,33.9,2.7,Clear,2407.0,2116.8571428571427,3301,validated
REC_000201,M001,Taj Mahal,Uttar Pradesh,Agra,Mausoleum,2024-07-19,2024,7,4,0,0,None,None,None,0,5000,0,1,36.7,40.4,Rainy,3301.0,2286.0,0,validated
REC_000202,M001,Taj Mahal,Uttar Pradesh,Agra,Mausoleum,2024-07-20,2024,7,5,1,0,None,None,None,0,5000,1,0,29.8,6.7,Rainy,0.0,2286.0,3786,validated
REC_000203,M001,Taj Mahal,Uttar Pradesh,Agra,Mausoleum,2024-07-21,2024,7,6,1,0,None,None,None,0,5000,1,0,33.1,0.6,Cloudy,3786.0,2346.285714285714,4441,validated
REC_000204,M001,Taj Mahal,Uttar Pradesh,Agra,Mausoleum,2024-07-22,2024,7,0,0,0,None,None,None,0,5000,1,0,32.2,7.5,Rainy,4441.0,2584.0,2602,validated
REC_000205,M001,Taj Mahal,Uttar Pradesh,Agra,Mausoleum,2024-07-23,2024,7,1,0,0,None,None,None,0,5000,1,0,34.2,2.9,Cloudy,2602.0,2646.285714285714,3128,validated
REC_000206,M001,Taj Mahal,Uttar Pradesh,Agra,Mausoleum,2024-07-24,2024,7,2,0,0,None,None,None,0,5000,1,0,33.4,18.4,Rainy,3128.0,2809.285714285714,2181,validated
REC_000207,M001,Taj Mahal,Uttar Pradesh,Agra,Mausoleum,2024-07-25,2024,7,3,0,0,None,None,None,0,5000,1,0,32.0,5.2,Rainy,2181.0,2777.0,2800,validated
REC_000208,M001,Taj Mahal,Uttar Pradesh,Agra,Mausoleum,2024-07-26,2024,7,4,0,0,None,None,None,0,5000,0,1,28.4,43.0,Rainy,2800.0,2705.4285714285716,0,validated
REC_000209,M001,Taj Mahal,Uttar Pradesh,Agra,Mausoleum,2024-07-27,2024,7,5,1,0,None,None,None,0,5000,1,0,29.7,15.8,Rainy,0.0,2705.4285714285716,2881,validated
REC_000210,M001,Taj Mahal,Uttar Pradesh,Agra,Mausoleum,2024-07-28,2024,7,6,1,0,None,None,None,0,5000,1,0,25.2,53.0,Rainy,2881.0,2576.1428571428573,3058,validated
REC_000211,M001,Taj Mahal,Uttar Pradesh,Agra,Mausoleum,2024-07-29,2024,7,0,0,0,None,None,None,0,5000,1,0,28.2,12.7,Rainy,3058.0,2378.5714285714284,2534,validated
REC_000212,M001,Taj Mahal,Uttar Pradesh,Agra,Mausoleum,2024-07-30,2024,7,1,0,0,None,None,None,0,5000,1,0,31.1,37.0,Rainy,2534.0,2368.8571428571427,2091,validated
REC_000213,M001,Taj Mahal,Uttar Pradesh,Agra,Mausoleum,2024-07-31,2024,7,2,0,0,None,None,None,0,5000,1,0,32.8,21.5,Rainy,2091.0,2220.714285714286,2102,validated
REC_000214,M001,Taj Mahal,Uttar Pradesh,Agra,Mausoleum,2024-08-01,2024,8,3,0,0,None,None,None,0,5000,1,0,32.1,3.0,Cloudy,2102.0,2209.4285714285716,2985,validated
REC_000215,M001,Taj Mahal,Uttar Pradesh,Agra,Mausoleum,2024-08-02,2024,8,4,0,0,None,None,None,0,5000,0,1,35.7,24.0,Rainy,2985.0,2235.8571428571427,0,validated
REC_000216,M001,Taj Mahal,Uttar Pradesh,Agra,Mausoleum,2024-08-03,2024,8,5,1,0,None,None,None,0,5000,1,0,28.5,75.4,Rainy,0.0,2235.8571428571427,2997,validated
REC_000217,M001,Taj Mahal,Uttar Pradesh,Agra,Mausoleum,2024-08-04,2024,8,6,1,0,None,None,None,0,5000,1,0,37.3,9.2,Rainy,2997.0,2252.4285714285716,3809,validated
REC_000218,M001,Taj Mahal,Uttar Pradesh,Agra,Mausoleum,2024-08-05,2024,8,0,0,0,None,None,None,0,5000,1,0,30.6,29.2,Rainy,3809.0,2359.714285714286,2035,validated
REC_000219,M001,Taj Mahal,Uttar Pradesh,Agra,Mausoleum,2024-08-06,2024,8,1,0,0,None,None,None,0,5000,1,0,33.1,45.4,Rainy,2035.0,2288.4285714285716,1838,validated
REC_000220,M001,Taj Mahal,Uttar Pradesh,Agra,Mausoleum,2024-08-07,2024,8,2,0,0,None,None,None,0,5000,1,0,27.8,24.1,Rainy,1838.0,2252.285714285714,1945,validated
REC_000221,M001,Taj Mahal,Uttar Pradesh,Agra,Mausoleum,2024-08-08,2024,8,3,0,0,None,None,None,0,5000,1,0,27.2,10.8,Rainy,1945.0,2229.8571428571427,2526,validated
REC_000222,M001,Taj Mahal,Uttar Pradesh,Agra,Mausoleum,2024-08-09,2024,8,4,0,0,None,None,None,0,5000,0,1,30.4,12.4,Rainy,2526.0,2164.285714285714,0,validated
REC_000223,M001,Taj Mahal,Uttar Pradesh,Agra,Mausoleum,2024-08-10,2024,8,5,1,0,None,None,None,0,5000,1,0,30.3,9.8,Rainy,0.0,2164.285714285714,3669,validated
REC_000224,M001,Taj Mahal,Uttar Pradesh,Agra,Mausoleum,2024-08-11,2024,8,6,1,0,None,None,None,0,5000,1,0,32.7,15.6,Rainy,3669.0,2260.285714285714,2862,validated
REC_000225,M001,Taj Mahal,Uttar Pradesh,Agra,Mausoleum,2024-08-12,2024,8,0,0,0,None,None,None,0,5000,1,0,32.3,58.4,Rainy,2862.0,2125.0,2052,validated
REC_000226,M001,Taj Mahal,Uttar Pradesh,Agra,Mausoleum,2024-08-13,2024,8,1,0,0,None,None,None,0,5000,1,0,28.2,1.6,Clear,2052.0,2127.4285714285716,3611,validated
REC_000227,M001,Taj Mahal,Uttar Pradesh,Agra,Mausoleum,2024-08-14,2024,8,2,0,0,None,None,None,0,5000,1,0,31.1,1.2,Clear,3611.0,2380.714285714286,3231,validated
REC_000228,M001,Taj Mahal,Uttar Pradesh,Agra,Mausoleum,2024-08-15,2024,8,3,0,1,Independence Day,None,High,0,5000,1,0,30.6,4.1,Cloudy,3231.0,2564.4285714285716,4951,validated
REC_000229,M001,Taj Mahal,Uttar Pradesh,Agra,Mausoleum,2024-08-16,2024,8,4,0,0,None,None,None,0,5000,0,1,29.6,15.0,Rainy,4951.0,2910.8571428571427,0,validated
REC_000230,M001,Taj Mahal,Uttar Pradesh,Agra,Mausoleum,2024-08-17,2024,8,5,1,0,None,None,None,0,5000,1,0,34.5,10.5,Rainy,0.0,2910.8571428571427,3218,validated
REC_000231,M001,Taj Mahal,Uttar Pradesh,Agra,Mausoleum,2024-08-18,2024,8,6,1,0,None,None,None,0,5000,1,0,34.1,3.0,Cloudy,3218.0,2846.4285714285716,4158,validated
REC_000232,M001,Taj Mahal,Uttar Pradesh,Agra,Mausoleum,2024-08-19,2024,8,0,0,1,Raksha Bandhan,Raksha Bandhan,Medium,0,5000,1,0,27.5,18.6,Rainy,4158.0,3031.5714285714284,2598,validated
REC_000233,M001,Taj Mahal,Uttar Pradesh,Agra,Mausoleum,2024-08-20,2024,8,1,0,0,None,None,None,0,5000,1,0,30.1,3.1,Clear,2598.0,3109.5714285714284,3188,validated
REC_000234,M001,Taj Mahal,Uttar Pradesh,Agra,Mausoleum,2024-08-21,2024,8,2,0,0,None,None,None,0,5000,1,0,30.8,4.5,Cloudy,3188.0,3049.1428571428573,3204,validated
REC_000235,M001,Taj Mahal,Uttar Pradesh,Agra,Mausoleum,2024-08-22,2024,8,3,0,0,None,None,None,0,5000,1,0,31.2,3.5,Clear,3204.0,3045.285714285714,3179,validated
REC_000236,M001,Taj Mahal,Uttar Pradesh,Agra,Mausoleum,2024-08-23,2024,8,4,0,0,None,None,None,0,5000,0,1,30.1,5.0,Clear,3179.0,2792.1428571428573,0,validated
REC_000237,M001,Taj Mahal,Uttar Pradesh,Agra,Mausoleum,2024-08-24,2024,8,5,1,0,None,None,None,0,5000,1,0,30.4,34.8,Rainy,0.0,2792.1428571428573,2961,validated
REC_000238,M001,Taj Mahal,Uttar Pradesh,Agra,Mausoleum,2024-08-25,2024,8,6,1,0,None,None,None,0,5000,1,0,33.9,19.9,Rainy,2961.0,2755.4285714285716,2916,validated
REC_000239,M001,Taj Mahal,Uttar Pradesh,Agra,Mausoleum,2024-08-26,2024,8,0,0,1,Janmashtami,Janmashtami,Medium,0,5000,1,0,28.7,40.8,Rainy,2916.0,2578.0,2748,validated
REC_000240,M001,Taj Mahal,Uttar Pradesh,Agra,Mausoleum,2024-08-27,2024,8,1,0,0,None,None,None,0,5000,1,0,27.9,9.8,Rainy,2748.0,2599.4285714285716,2401,validated
REC_000241,M001,Taj Mahal,Uttar Pradesh,Agra,Mausoleum,2024-08-28,2024,8,2,0,0,None,None,None,0,5000,1,0,29.0,8.6,Rainy,2401.0,2487.0,2360,validated
REC_000242,M001,Taj Mahal,Uttar Pradesh,Agra,Mausoleum,2024-08-29,2024,8,3,0,0,None,None,None,0,5000,1,0,32.5,17.6,Rainy,2360.0,2366.4285714285716,2209,validated
REC_000243,M001,Taj Mahal,Uttar Pradesh,Agra,Mausoleum,2024-08-30,2024,8,4,0,0,None,None,None,0,5000,0,1,25.6,10.3,Rainy,2209.0,2227.8571428571427,0,validated
REC_000244,M001,Taj Mahal,Uttar Pradesh,Agra,Mausoleum,2024-08-31,2024,8,5,1,0,None,None,None,0,5000,1,0,31.5,26.0,Rainy,0.0,2227.8571428571427,3001,validated
REC_000245,M001,Taj Mahal,Uttar Pradesh,Agra,Mausoleum,2024-09-01,2024,9,6,1,0,None,None,None,0,5000,1,0,33.4,29.0,Rainy,3001.0,2233.5714285714284,3011,validated
REC_000246,M001,Taj Mahal,Uttar Pradesh,Agra,Mausoleum,2024-09-02,2024,9,0,0,0,None,None,None,0,5000,1,0,30.1,5.6,Rainy,3011.0,2247.1428571428573,2552,validated
REC_000247,M001,Taj Mahal,Uttar Pradesh,Agra,Mausoleum,2024-09-03,2024,9,1,0,0,None,None,None,0,5000,1,0,36.4,5.4,Rainy,2552.0,2219.1428571428573,2646,validated
REC_000248,M001,Taj Mahal,Uttar Pradesh,Agra,Mausoleum,2024-09-04,2024,9,2,0,0,None,None,None,0,5000,1,0,31.4,74.9,Rainy,2646.0,2254.1428571428573,2060,validated
REC_000249,M001,Taj Mahal,Uttar Pradesh,Agra,Mausoleum,2024-09-05,2024,9,3,0,0,None,None,None,0,5000,1,0,27.8,5.7,Rainy,2060.0,2211.285714285714,2572,validated
REC_000250,M001,Taj Mahal,Uttar Pradesh,Agra,Mausoleum,2024-09-06,2024,9,4,0,0,None,None,None,0,5000,0,1,31.5,5.8,Rainy,2572.0,2263.1428571428573,0,validated
REC_000251,M001,Taj Mahal,Uttar Pradesh,Agra,Mausoleum,2024-09-07,2024,9,5,1,1,Ganesh Chaturthi,Ganesh Chaturthi,High,0,5000,1,0,28.6,14.5,Rainy,0.0,2263.1428571428573,5000,validated
REC_000252,M001,Taj Mahal,Uttar Pradesh,Agra,Mausoleum,2024-09-08,2024,9,6,1,0,None,None,None,0,5000,1,0,32.2,4.2,Cloudy,5000.0,2548.714285714286,4699,validated
REC_000253,M001,Taj Mahal,Uttar Pradesh,Agra,Mausoleum,2024-09-09,2024,9,0,0,0,None,None,None,0,5000,1,0,33.5,16.5,Rainy,4699.0,2789.8571428571427,1975,validated
REC_000254,M001,Taj Mahal,Uttar Pradesh,Agra,Mausoleum,2024-09-10,2024,9,1,0,0,None,None,None,0,5000,1,0,32.3,44.2,Rainy,1975.0,2707.4285714285716,1888,validated
REC_000255,M001,Taj Mahal,Uttar Pradesh,Agra,Mausoleum,2024-09-11,2024,9,2,0,0,None,None,None,0,5000,1,0,27.8,13.2,Rainy,1888.0,2599.1428571428573,2515,validated
REC_000256,M001,Taj Mahal,Uttar Pradesh,Agra,Mausoleum,2024-09-12,2024,9,3,0,0,None,None,None,0,5000,1,0,31.5,16.6,Rainy,2515.0,2664.1428571428573,2016,validated
REC_000257,M001,Taj Mahal,Uttar Pradesh,Agra,Mausoleum,2024-09-13,2024,9,4,0,0,None,None,None,0,5000,0,1,27.5,6.1,Rainy,2016.0,2584.714285714286,0,validated
REC_000258,M001,Taj Mahal,Uttar Pradesh,Agra,Mausoleum,2024-09-14,2024,9,5,1,0,None,None,None,0,5000,1,0,34.4,6.3,Rainy,0.0,2584.714285714286,3547,validated
REC_000259,M001,Taj Mahal,Uttar Pradesh,Agra,Mausoleum,2024-09-15,2024,9,6,1,0,None,None,None,0,5000,1,0,28.6,19.6,Rainy,3547.0,2377.1428571428573,3412,validated
REC_000260,M001,Taj Mahal,Uttar Pradesh,Agra,Mausoleum,2024-09-16,2024,9,0,0,1,Milad un-Nabi,None,Low,0,5000,1,0,31.2,4.4,Cloudy,3412.0,2193.285714285714,4035,validated
REC_000261,M001,Taj Mahal,Uttar Pradesh,Agra,Mausoleum,2024-09-17,2024,9,1,0,0,None,None,None,0,5000,1,0,32.5,1.0,Cloudy,4035.0,2487.5714285714284,2956,validated
REC_000262,M001,Taj Mahal,Uttar Pradesh,Agra,Mausoleum,2024-09-18,2024,9,2,0,0,None,None,None,0,5000,0,1,26.8,26.5,Rainy,2956.0,2640.1428571428573,0,validated
REC_000263,M001,Taj Mahal,Uttar Pradesh,Agra,Mausoleum,2024-09-19,2024,9,3,0,0,None,None,None,0,5000,1,0,33.5,2.0,Cloudy,0.0,2280.8571428571427,3194,validated
REC_000264,M001,Taj Mahal,Uttar Pradesh,Agra,Mausoleum,2024-09-20,2024,9,4,0,0,None,None,None,0,5000,0,1,35.4,21.0,Rainy,3194.0,2449.1428571428573,0,validated
REC_000265,M001,Taj Mahal,Uttar Pradesh,Agra,Mausoleum,2024-09-21,2024,9,5,1,0,None,None,None,0,5000,1,0,27.1,30.8,Rainy,0.0,2449.1428571428573,2955,validated
REC_000266,M001,Taj Mahal,Uttar Pradesh,Agra,Mausoleum,2024-09-22,2024,9,6,1,0,None,None,None,0,5000,1,0,32.6,5.7,Rainy,2955.0,2364.5714285714284,3892,validated
REC_000267,M001,Taj Mahal,Uttar Pradesh,Agra,Mausoleum,2024-09-23,2024,9,0,0,0,None,None,None,0,5000,1,0,26.6,1.7,Clear,3892.0,2433.1428571428573,3383,validated
REC_000268,M001,Taj Mahal,Uttar Pradesh,Agra,Mausoleum,2024-09-24,2024,9,1,0,0,None,None,None,0,5000,1,0,27.7,14.1,Rainy,3383.0,2340.0,2531,validated
REC_000269,M001,Taj Mahal,Uttar Pradesh,Agra,Mausoleum,2024-09-25,2024,9,2,0,0,None,None,None,0,5000,1,0,32.0,29.6,Rainy,2531.0,2279.285714285714,2143,validated
REC_000270,M001,Taj Mahal,Uttar Pradesh,Agra,Mausoleum,2024-09-26,2024,9,3,0,0,None,None,None,0,5000,1,0,34.2,34.1,Rainy,2143.0,2585.4285714285716,2190,validated
REC_000271,M001,Taj Mahal,Uttar Pradesh,Agra,Mausoleum,2024-09-27,2024,9,4,0,0,None,None,None,0,5000,0,1,30.8,4.5,Clear,2190.0,2442.0,0,validated
REC_000272,M001,Taj Mahal,Uttar Pradesh,Agra,Mausoleum,2024-09-28,2024,9,5,1,0,None,None,None,0,5000,1,0,26.8,51.9,Rainy,0.0,2442.0,3139,validated
REC_000273,M001,Taj Mahal,Uttar Pradesh,Agra,Mausoleum,2024-09-29,2024,9,6,1,0,None,None,None,0,5000,1,0,31.3,0.6,Clear,3139.0,2468.285714285714,4743,validated
REC_000274,M001,Taj Mahal,Uttar Pradesh,Agra,Mausoleum,2024-09-30,2024,9,0,0,0,None,None,None,0,5000,1,0,30.5,63.8,Rainy,4743.0,2589.8571428571427,2075,validated
REC_000275,M001,Taj Mahal,Uttar Pradesh,Agra,Mausoleum,2024-10-01,2024,10,1,0,0,None,None,None,0,5000,1,0,26.0,4.0,Clear,2075.0,2403.0,3350,validated
REC_000276,M001,Taj Mahal,Uttar Pradesh,Agra,Mausoleum,2024-10-02,2024,10,2,0,1,Mahatma Gandhi Jayanti,None,Medium,0,5000,1,0,22.5,0.1,Clear,3350.0,2520.0,4069,validated
REC_000277,M001,Taj Mahal,Uttar Pradesh,Agra,Mausoleum,2024-10-03,2024,10,3,0,0,None,None,None,0,5000,1,0,23.1,0.2,Clear,4069.0,2795.1428571428573,3400,validated
REC_000278,M001,Taj Mahal,Uttar Pradesh,Agra,Mausoleum,2024-10-04,2024,10,4,0,0,None,None,None,0,5000,0,1,21.3,0.1,Clear,3400.0,2968.0,0,validated
REC_000279,M001,Taj Mahal,Uttar Pradesh,Agra,Mausoleum,2024-10-05,2024,10,5,1,0,None,None,None,0,5000,1,0,28.3,0.8,Clear,0.0,2968.0,4685,validated
REC_000280,M001,Taj Mahal,Uttar Pradesh,Agra,Mausoleum,2024-10-06,2024,10,6,1,0,None,None,None,0,5000,1,0,24.8,0.5,Haze,4685.0,3188.8571428571427,4846,validated
REC_000281,M001,Taj Mahal,Uttar Pradesh,Agra,Mausoleum,2024-10-07,2024,10,0,0,0,None,None,None,0,5000,1,0,24.2,5.6,Clear,4846.0,3203.5714285714284,3370,validated
REC_000282,M001,Taj Mahal,Uttar Pradesh,Agra,Mausoleum,2024-10-08,2024,10,1,0,0,None,None,None,0,5000,1,0,22.4,1.3,Clear,3370.0,3388.5714285714284,3425,validated
REC_000283,M001,Taj Mahal,Uttar Pradesh,Agra,Mausoleum,2024-10-09,2024,10,2,0,0,None,None,None,0,5000,1,0,22.7,1.1,Clear,3425.0,3399.285714285714,3432,validated
REC_000284,M001,Taj Mahal,Uttar Pradesh,Agra,Mausoleum,2024-10-10,2024,10,3,0,0,None,None,None,0,5000,1,0,22.7,0.9,Clear,3432.0,3308.285714285714,3154,validated
REC_000285,M001,Taj Mahal,Uttar Pradesh,Agra,Mausoleum,2024-10-11,2024,10,4,0,1,Maha Navami,Navratri,High,0,5000,0,1,21.0,0.1,Haze,3154.0,3273.1428571428573,0,validated
REC_000286,M001,Taj Mahal,Uttar Pradesh,Agra,Mausoleum,2024-10-12,2024,10,5,1,1,Dussehra,Dussehra,High,0,5000,1,0,21.7,8.8,Clear,0.0,3273.1428571428573,5000,validated
REC_000287,M001,Taj Mahal,Uttar Pradesh,Agra,Mausoleum,2024-10-13,2024,10,6,1,0,None,None,None,0,5000,1,0,21.0,0.5,Clear,5000.0,3318.1428571428573,4868,validated
REC_000288,M001,Taj Mahal,Uttar Pradesh,Agra,Mausoleum,2024-10-14,2024,10,0,0,0,None,None,None,0,5000,1,0,23.4,5.8,Clear,4868.0,3321.285714285714,3020,validated
REC_000289,M001,Taj Mahal,Uttar Pradesh,Agra,Mausoleum,2024-10-15,2024,10,1,0,0,None,None,None,0,5000,1,0,25.1,9.5,Haze,3020.0,3271.285714285714,3226,validated
REC_000290,M001,Taj Mahal,Uttar Pradesh,Agra,Mausoleum,2024-10-16,2024,10,2,0,0,None,None,None,0,5000,1,0,25.5,1.9,Clear,3226.0,3242.8571428571427,3097,validated
REC_000291,M001,Taj Mahal,Uttar Pradesh,Agra,Mausoleum,2024-10-17,2024,10,3,0,0,None,None,None,0,5000,1,0,22.4,0.5,Haze,3097.0,3195.0,3098,validated
REC_000292,M001,Taj Mahal,Uttar Pradesh,Agra,Mausoleum,2024-10-18,2024,10,4,0,0,None,None,None,0,5000,0,1,27.6,0.1,Clear,3098.0,3187.0,0,validated
REC_000293,M001,Taj Mahal,Uttar Pradesh,Agra,Mausoleum,2024-10-19,2024,10,5,1,0,None,None,None,0,5000,1,0,28.3,2.4,Haze,0.0,3187.0,4507,validated
REC_000294,M001,Taj Mahal,Uttar Pradesh,Agra,Mausoleum,2024-10-20,2024,10,6,1,0,None,None,None,0,5000,1,0,22.3,0.5,Clear,4507.0,3116.5714285714284,4786,validated
REC_000295,M001,Taj Mahal,Uttar Pradesh,Agra,Mausoleum,2024-10-21,2024,10,0,0,0,None,None,None,0,5000,1,0,28.6,0.2,Clear,4786.0,3104.8571428571427,3487,validated
REC_000296,M001,Taj Mahal,Uttar Pradesh,Agra,Mausoleum,2024-10-22,2024,10,1,0,0,None,None,None,0,5000,1,0,22.2,4.4,Clear,3487.0,3171.5714285714284,3137,validated
REC_000297,M001,Taj Mahal,Uttar Pradesh,Agra,Mausoleum,2024-10-23,2024,10,2,0,0,None,None,None,0,5000,1,0,24.9,2.1,Clear,3137.0,3158.8571428571427,3253,validated
REC_000298,M001,Taj Mahal,Uttar Pradesh,Agra,Mausoleum,2024-10-24,2024,10,3,0,0,None,None,None,0,5000,1,0,23.5,0.9,Clear,3253.0,3181.1428571428573,3072,validated
REC_000299,M001,Taj Mahal,Uttar Pradesh,Agra,Mausoleum,2024-10-25,2024,10,4,0,0,None,None,None,0,5000,0,1,23.9,0.2,Haze,3072.0,3177.4285714285716,0,validated
REC_000300,M001,Taj Mahal,Uttar Pradesh,Agra,Mausoleum,2024-10-26,2024,10,5,1,0,None,None,None,0,5000,1,0,29.4,2.3,Haze,0.0,3177.4285714285716,4636,validated
REC_000301,M001,Taj Mahal,Uttar Pradesh,Agra,Mausoleum,2024-10-27,2024,10,6,1,0,None,None,None,0,5000,1,0,27.6,1.3,Clear,4636.0,3195.8571428571427,4526,validated
REC_000302,M001,Taj Mahal,Uttar Pradesh,Agra,Mausoleum,2024-10-28,2024,10,0,0,0,None,None,None,0,5000,1,0,27.1,2.3,Clear,4526.0,3158.714285714286,3293,validated
REC_000303,M001,Taj Mahal,Uttar Pradesh,Agra,Mausoleum,2024-10-29,2024,10,1,0,0,None,None,None,0,5000,1,0,22.9,3.2,Clear,3293.0,3131.0,3331,validated
REC_000304,M001,Taj Mahal,Uttar Pradesh,Agra,Mausoleum,2024-10-30,2024,10,2,0,0,None,None,None,0,5000,1,0,25.5,2.4,Clear,3331.0,3158.714285714286,3421,validated
REC_000305,M001,Taj Mahal,Uttar Pradesh,Agra,Mausoleum,2024-10-31,2024,10,3,0,1,Diwali,Diwali,High,0,5000,1,0,25.9,0.3,Clear,3421.0,3182.714285714286,4918,validated
REC_000306,M001,Taj Mahal,Uttar Pradesh,Agra,Mausoleum,2024-11-01,2024,11,4,0,1,Govardhan Puja,Diwali,High,0,5000,0,1,24.4,0.8,Clear,4918.0,3446.4285714285716,0,validated
REC_000307,M001,Taj Mahal,Uttar Pradesh,Agra,Mausoleum,2024-11-02,2024,11,5,1,1,Bhai Dooj,Diwali,Medium,0,5000,1,0,25.1,3.6,Clear,0.0,3446.4285714285716,5000,validated
REC_000308,M001,Taj Mahal,Uttar Pradesh,Agra,Mausoleum,2024-11-03,2024,11,6,1,0,None,None,None,0,5000,1,0,24.6,2.0,Clear,5000.0,3498.4285714285716,5000,validated
REC_000309,M001,Taj Mahal,Uttar Pradesh,Agra,Mausoleum,2024-11-04,2024,11,0,0,0,None,None,None,0,5000,1,0,25.9,3.0,Haze,5000.0,3566.1428571428573,4432,validated
REC_000310,M001,Taj Mahal,Uttar Pradesh,Agra,Mausoleum,2024-11-05,2024,11,1,0,0,None,None,None,0,5000,1,0,24.7,6.6,Clear,4432.0,3728.8571428571427,4315,validated
REC_000311,M001,Taj Mahal,Uttar Pradesh,Agra,Mausoleum,2024-11-06,2024,11,2,0,0,None,None,None,0,5000,1,0,25.8,0.2,Clear,4315.0,3869.4285714285716,4037,validated
REC_000312,M001,Taj Mahal,Uttar Pradesh,Agra,Mausoleum,2024-11-07,2024,11,3,0,0,None,None,None,0,5000,1,0,22.7,0.7,Clear,4037.0,3957.4285714285716,4038,validated
REC_000313,M001,Taj Mahal,Uttar Pradesh,Agra,Mausoleum,2024-11-08,2024,11,4,0,0,None,None,None,0,5000,0,1,24.4,0.8,Clear,4038.0,3831.714285714286,0,validated
REC_000314,M001,Taj Mahal,Uttar Pradesh,Agra,Mausoleum,2024-11-09,2024,11,5,1,0,None,None,None,0,5000,1,0,21.9,0.1,Clear,0.0,3831.714285714286,5000,validated
REC_000315,M001,Taj Mahal,Uttar Pradesh,Agra,Mausoleum,2024-11-10,2024,11,6,1,0,None,None,None,0,5000,1,0,25.1,2.8,Haze,5000.0,3831.714285714286,5000,validated
REC_000316,M001,Taj Mahal,Uttar Pradesh,Agra,Mausoleum,2024-11-11,2024,11,0,0,0,None,None,None,0,5000,1,0,23.8,2.3,Clear,5000.0,3831.714285714286,3710,validated
REC_000317,M001,Taj Mahal,Uttar Pradesh,Agra,Mausoleum,2024-11-12,2024,11,1,0,0,None,None,None,0,5000,1,0,17.4,0.4,Clear,3710.0,3728.5714285714284,3795,validated
REC_000318,M001,Taj Mahal,Uttar Pradesh,Agra,Mausoleum,2024-11-13,2024,11,2,0,0,None,None,None,0,5000,1,0,26.1,0.2,Clear,3795.0,3654.285714285714,3743,validated
REC_000319,M001,Taj Mahal,Uttar Pradesh,Agra,Mausoleum,2024-11-14,2024,11,3,0,0,None,None,None,0,5000,1,0,26.6,6.0,Haze,3743.0,3612.285714285714,4130,validated
REC_000320,M001,Taj Mahal,Uttar Pradesh,Agra,Mausoleum,2024-11-15,2024,11,4,0,1,Guru Nanak Jayanti,None,Medium,0,5000,0,1,23.7,1.1,Clear,4130.0,3625.4285714285716,0,validated
REC_000321,M001,Taj Mahal,Uttar Pradesh,Agra,Mausoleum,2024-11-16,2024,11,5,1,0,None,None,None,0,5000,1,0,19.4,8.3,Clear,0.0,3625.4285714285716,5000,validated
REC_000322,M001,Taj Mahal,Uttar Pradesh,Agra,Mausoleum,2024-11-17,2024,11,6,1,0,None,None,None,0,5000,1,0,23.3,0.5,Haze,5000.0,3625.4285714285716,5000,validated
REC_000323,M001,Taj Mahal,Uttar Pradesh,Agra,Mausoleum,2024-11-18,2024,11,0,0,0,None,None,None,0,5000,1,0,20.2,4.0,Clear,5000.0,3625.4285714285716,4288,validated
REC_000324,M001,Taj Mahal,Uttar Pradesh,Agra,Mausoleum,2024-11-19,2024,11,1,0,0,None,None,None,0,5000,1,0,25.0,2.9,Clear,4288.0,3708.0,4091,validated
REC_000325,M001,Taj Mahal,Uttar Pradesh,Agra,Mausoleum,2024-11-20,2024,11,2,0,0,None,None,None,0,5000,1,0,25.9,0.3,Haze,4091.0,3750.285714285714,4265,validated
REC_000326,M001,Taj Mahal,Uttar Pradesh,Agra,Mausoleum,2024-11-21,2024,11,3,0,0,None,None,None,0,5000,1,0,24.6,3.2,Clear,4265.0,3824.8571428571427,4141,validated
REC_000327,M001,Taj Mahal,Uttar Pradesh,Agra,Mausoleum,2024-11-22,2024,11,4,0,0,None,None,None,0,5000,0,1,22.0,0.4,Clear,4141.0,3826.4285714285716,0,validated
REC_000328,M001,Taj Mahal,Uttar Pradesh,Agra,Mausoleum,2024-11-23,2024,11,5,1,0,None,None,None,0,5000,1,0,29.4,0.1,Clear,0.0,3826.4285714285716,5000,validated
REC_000329,M001,Taj Mahal,Uttar Pradesh,Agra,Mausoleum,2024-11-24,2024,11,6,1,0,None,None,None,0,5000,1,0,22.0,0.7,Clear,5000.0,3826.4285714285716,5000,validated
REC_000330,M001,Taj Mahal,Uttar Pradesh,Agra,Mausoleum,2024-11-25,2024,11,0,0,0,None,None,None,0,5000,1,0,16.7,1.8,Clear,5000.0,3826.4285714285716,4157,validated
REC_000331,M001,Taj Mahal,Uttar Pradesh,Agra,Mausoleum,2024-11-26,2024,11,1,0,0,None,None,None,0,5000,1,0,25.3,3.0,Haze,4157.0,3807.714285714286,3806,validated
REC_000332,M001,Taj Mahal,Uttar Pradesh,Agra,Mausoleum,2024-11-27,2024,11,2,0,0,None,None,None,0,5000,1,0,23.9,0.6,Clear,3806.0,3767.0,3999,validated
REC_000333,M001,Taj Mahal,Uttar Pradesh,Agra,Mausoleum,2024-11-28,2024,11,3,0,0,None,None,None,0,5000,1,0,20.5,1.9,Clear,3999.0,3729.0,3955,validated
REC_000334,M001,Taj Mahal,Uttar Pradesh,Agra,Mausoleum,2024-11-29,2024,11,4,0,0,None,None,None,0,5000,0,1,24.1,0.8,Clear,3955.0,3702.4285714285716,0,validated
REC_000335,M001,Taj Mahal,Uttar Pradesh,Agra,Mausoleum,2024-11-30,2024,11,5,1,0,None,None,None,0,5000,1,0,23.3,0.1,Haze,0.0,3702.4285714285716,5000,validated
REC_000336,M001,Taj Mahal,Uttar Pradesh,Agra,Mausoleum,2024-12-01,2024,12,6,1,0,None,None,None,0,5000,1,0,11.5,1.3,Clear,5000.0,3702.4285714285716,5000,validated
REC_000337,M001,Taj Mahal,Uttar Pradesh,Agra,Mausoleum,2024-12-02,2024,12,0,0,0,None,None,None,0,5000,1,0,12.6,0.3,Foggy,5000.0,3702.4285714285716,3703,validated
REC_000338,M001,Taj Mahal,Uttar Pradesh,Agra,Mausoleum,2024-12-03,2024,12,1,0,0,None,None,None,0,5000,1,0,17.5,0.0,Clear,3703.0,3637.5714285714284,4184,validated
REC_000339,M001,Taj Mahal,Uttar Pradesh,Agra,Mausoleum,2024-12-04,2024,12,2,0,0,None,None,None,0,5000,1,0,14.1,1.9,Clear,4184.0,3691.5714285714284,3870,validated
REC_000340,M001,Taj Mahal,Uttar Pradesh,Agra,Mausoleum,2024-12-05,2024,12,3,0,0,None,None,None,0,5000,1,0,16.2,0.6,Clear,3870.0,3673.1428571428573,4127,validated
REC_000341,M001,Taj Mahal,Uttar Pradesh,Agra,Mausoleum,2024-12-06,2024,12,4,0,0,None,None,None,0,5000,0,1,17.3,0.9,Clear,4127.0,3697.714285714286,0,validated
REC_000342,M001,Taj Mahal,Uttar Pradesh,Agra,Mausoleum,2024-12-07,2024,12,5,1,0,None,None,None,0,5000,1,0,14.5,1.1,Clear,0.0,3697.714285714286,5000,validated
REC_000343,M001,Taj Mahal,Uttar Pradesh,Agra,Mausoleum,2024-12-08,2024,12,6,1,0,None,None,None,0,5000,1,0,12.8,3.1,Foggy,5000.0,3697.714285714286,5000,validated
REC_000344,M001,Taj Mahal,Uttar Pradesh,Agra,Mausoleum,2024-12-09,2024,12,0,0,0,None,None,None,0,5000,1,0,12.6,1.6,Clear,5000.0,3697.714285714286,4345,validated
REC_000345,M001,Taj Mahal,Uttar Pradesh,Agra,Mausoleum,2024-12-10,2024,12,1,0,0,None,None,None,0,5000,1,0,15.1,0.4,Clear,4345.0,3789.4285714285716,4007,validated
REC_000346,M001,Taj Mahal,Uttar Pradesh,Agra,Mausoleum,2024-12-11,2024,12,2,0,0,None,None,None,0,5000,1,0,14.3,0.3,Clear,4007.0,3764.1428571428573,3948,validated
REC_000347,M001,Taj Mahal,Uttar Pradesh,Agra,Mausoleum,2024-12-12,2024,12,3,0,0,None,None,None,0,5000,1,0,9.8,3.0,Clear,3948.0,3775.285714285714,3903,validated
REC_000348,M001,Taj Mahal,Uttar Pradesh,Agra,Mausoleum,2024-12-13,2024,12,4,0,0,None,None,None,0,5000,0,1,17.9,0.6,Clear,3903.0,3743.285714285714,0,validated
REC_000349,M001,Taj Mahal,Uttar Pradesh,Agra,Mausoleum,2024-12-14,2024,12,5,1,0,None,None,None,0,5000,1,0,14.6,0.9,Clear,0.0,3743.285714285714,5000,validated
REC_000350,M001,Taj Mahal,Uttar Pradesh,Agra,Mausoleum,2024-12-15,2024,12,6,1,0,None,None,None,0,5000,1,0,16.7,3.5,Clear,5000.0,3743.285714285714,5000,validated
REC_000351,M001,Taj Mahal,Uttar Pradesh,Agra,Mausoleum,2024-12-16,2024,12,0,0,0,None,None,None,0,5000,1,0,15.6,3.7,Foggy,5000.0,3743.285714285714,3316,validated
REC_000352,M001,Taj Mahal,Uttar Pradesh,Agra,Mausoleum,2024-12-17,2024,12,1,0,0,None,None,None,0,5000,1,0,17.7,2.0,Foggy,3316.0,3596.285714285714,3848,validated
REC_000353,M001,Taj Mahal,Uttar Pradesh,Agra,Mausoleum,2024-12-18,2024,12,2,0,0,None,None,None,0,5000,1,0,15.2,0.3,Foggy,3848.0,3573.5714285714284,3646,validated
REC_000354,M001,Taj Mahal,Uttar Pradesh,Agra,Mausoleum,2024-12-19,2024,12,3,0,0,None,None,None,0,5000,1,0,13.9,0.4,Clear,3646.0,3530.4285714285716,4234,validated
REC_000355,M001,Taj Mahal,Uttar Pradesh,Agra,Mausoleum,2024-12-20,2024,12,4,0,0,None,None,None,0,5000,0,1,15.9,0.7,Clear,4234.0,3577.714285714286,0,validated
REC_000356,M001,Taj Mahal,Uttar Pradesh,Agra,Mausoleum,2024-12-21,2024,12,5,1,0,None,None,None,0,5000,1,0,6.9,0.3,Clear,0.0,3577.714285714286,5000,validated
REC_000357,M001,Taj Mahal,Uttar Pradesh,Agra,Mausoleum,2024-12-22,2024,12,6,1,0,None,None,None,1,5000,1,0,16.9,2.2,Foggy,5000.0,3577.714285714286,5000,validated
REC_000358,M001,Taj Mahal,Uttar Pradesh,Agra,Mausoleum,2024-12-23,2024,12,0,0,0,None,None,None,1,5000,1,0,15.2,0.4,Foggy,5000.0,3577.714285714286,4155,validated
REC_000359,M001,Taj Mahal,Uttar Pradesh,Agra,Mausoleum,2024-12-24,2024,12,1,0,0,None,None,None,1,5000,1,0,10.8,0.6,Clear,4155.0,3697.5714285714284,4241,validated
REC_000360,M001,Taj Mahal,Uttar Pradesh,Agra,Mausoleum,2024-12-25,2024,12,2,0,1,Christmas,Christmas,High,1,5000,1,0,12.9,1.4,Clear,4241.0,3753.714285714286,5000,validated
REC_000361,M001,Taj Mahal,Uttar Pradesh,Agra,Mausoleum,2024-12-26,2024,12,3,0,0,None,None,None,1,5000,1,0,13.1,0.1,Clear,5000.0,3947.1428571428573,4526,validated
REC_000362,M001,Taj Mahal,Uttar Pradesh,Agra,Mausoleum,2024-12-27,2024,12,4,0,0,None,None,None,1,5000,0,1,19.2,2.8,Clear,4526.0,3988.8571428571427,0,validated
REC_000363,M001,Taj Mahal,Uttar Pradesh,Agra,Mausoleum,2024-12-28,2024,12,5,1,0,None,None,None,1,5000,1,0,16.6,0.3,Foggy,0.0,3988.8571428571427,5000,validated
REC_000364,M001,Taj Mahal,Uttar Pradesh,Agra,Mausoleum,2024-12-29,2024,12,6,1,0,None,None,None,1,5000,1,0,13.8,1.1,Clear,5000.0,3988.8571428571427,5000,validated
REC_000365,M001,Taj Mahal,Uttar Pradesh,Agra,Mausoleum,2024-12-30,2024,12,0,0,0,None,None,None,1,5000,1,0,15.8,0.6,Clear,5000.0,3988.8571428571427,4581,validated
REC_000366,M001,Taj Mahal,Uttar Pradesh,Agra,Mausoleum,2024-12-31,2024,12,1,0,0,None,None,None,1,5000,1,0,16.3,0.9,Clear,4581.0,4049.714285714286,4679,validated
REC_000367,M002,Red Fort,Delhi,New Delhi,Fort,2024-01-01,2024,1,0,0,1,New Year's Day,None,Low,0,3000,0,1,19.2,0.2,Foggy,,,0,validated
REC_000368,M002,Red Fort,Delhi,New Delhi,Fort,2024-01-02,2024,1,1,0,0,None,None,None,0,3000,1,0,13.7,0.6,Clear,0.0,0.0,2226,validated
REC_000369,M002,Red Fort,Delhi,New Delhi,Fort,2024-01-03,2024,1,2,0,0,None,None,None,0,3000,1,0,11.4,5.3,Foggy,2226.0,1113.0,1883,validated
REC_000370,M002,Red Fort,Delhi,New Delhi,Fort,2024-01-04,2024,1,3,0,0,None,None,None,0,3000,1,0,18.8,3.0,Foggy,1883.0,1369.6666666666667,2028,validated
REC_000371,M002,Red Fort,Delhi,New Delhi,Fort,2024-01-05,2024,1,4,0,0,None,None,None,0,3000,1,0,15.2,4.3,Clear,2028.0,1534.25,2419,validated
REC_000372,M002,Red Fort,Delhi,New Delhi,Fort,2024-01-06,2024,1,5,1,0,None,None,None,0,3000,1,0,13.9,3.0,Clear,2419.0,1711.2,3000,validated
REC_000373,M002,Red Fort,Delhi,New Delhi,Fort,2024-01-07,2024,1,6,1,0,None,None,None,0,3000,1,0,17.0,0.4,Clear,3000.0,1926.0,3000,validated
REC_000374,M002,Red Fort,Delhi,New Delhi,Fort,2024-01-08,2024,1,0,0,0,None,None,None,0,3000,0,1,11.1,0.2,Clear,3000.0,2079.4285714285716,0,validated
REC_000375,M002,Red Fort,Delhi,New Delhi,Fort,2024-01-09,2024,1,1,0,0,None,None,None,0,3000,1,0,13.8,3.1,Clear,0.0,2079.4285714285716,2195,validated
REC_000376,M002,Red Fort,Delhi,New Delhi,Fort,2024-01-10,2024,1,2,0,0,None,None,None,0,3000,1,0,18.0,3.2,Clear,2195.0,2075.0,2208,validated
REC_000377,M002,Red Fort,Delhi,New Delhi,Fort,2024-01-11,2024,1,3,0,0,None,None,None,0,3000,1,0,17.0,2.5,Clear,2208.0,2121.4285714285716,2027,validated
REC_000378,M002,Red Fort,Delhi,New Delhi,Fort,2024-01-12,2024,1,4,0,0,None,None,None,0,3000,1,0,13.3,2.6,Foggy,2027.0,2121.285714285714,2077,validated
REC_000379,M002,Red Fort,Delhi,New Delhi,Fort,2024-01-13,2024,1,5,1,0,None,None,None,0,3000,1,0,13.6,0.6,Clear,2077.0,2072.4285714285716,3000,validated
REC_000380,M002,Red Fort,Delhi,New Delhi,Fort,2024-01-14,2024,1,6,1,1,Makar Sankranti,Pongal,High,0,3000,1,0,18.0,0.7,Clear,3000.0,2072.4285714285716,3000,validated
REC_000381,M002,Red Fort,Delhi,New Delhi,Fort,2024-01-15,2024,1,0,0,1,Pongal,Pongal,High,0,3000,0,1,12.4,0.4,Foggy,3000.0,2072.4285714285716,0,validated
REC_000382,M002,Red Fort,Delhi,New Delhi,Fort,2024-01-16,2024,1,1,0,0,None,None,None,0,3000,1,0,10.7,1.4,Clear,0.0,2072.4285714285716,2085,validated
REC_000383,M002,Red Fort,Delhi,New Delhi,Fort,2024-01-17,2024,1,2,0,0,None,None,None,0,3000,1,0,19.6,0.7,Clear,2085.0,2056.714285714286,1890,validated
REC_000384,M002,Red Fort,Delhi,New Delhi,Fort,2024-01-18,2024,1,3,0,0,None,None,None,0,3000,1,0,19.7,0.0,Foggy,1890.0,2011.2857142857142,1808,validated
REC_000385,M002,Red Fort,Delhi,New Delhi,Fort,2024-01-19,2024,1,4,0,0,None,None,None,0,3000,1,0,9.9,1.3,Clear,1808.0,1980.0,2309,validated
REC_000386,M002,Red Fort,Delhi,New Delhi,Fort,2024-01-20,2024,1,5,1,0,None,None,None,0,3000,1,0,15.4,2.5,Clear,2309.0,2013.142857142857,3000,validated
REC_000387,M002,Red Fort,Delhi,New Delhi,Fort,2024-01-21,2024,1,6,1,0,None,None,None,0,3000,1,0,14.7,0.4,Clear,3000.0,2013.142857142857,3000,validated
REC_000388,M002,Red Fort,Delhi,New Delhi,Fort,2024-01-22,2024,1,0,0,0,None,None,None,0,3000,0,1,13.3,1.0,Foggy,3000.0,2013.142857142857,0,validated
REC_000389,M002,Red Fort,Delhi,New Delhi,Fort,2024-01-23,2024,1,1,0,0,None,None,None,0,3000,1,0,11.5,2.4,Clear,0.0,2013.142857142857,2040,validated
REC_000390,M002,Red Fort,Delhi,New Delhi,Fort,2024-01-24,2024,1,2,0,0,None,None,None,0,3000,1,0,16.3,1.9,Foggy,2040.0,2006.7142857142858,1791,validated
REC_000391,M002,Red Fort,Delhi,New Delhi,Fort,2024-01-25,2024,1,3,0,0,None,None,None,0,3000,1,0,11.5,0.3,Clear,1791.0,1992.5714285714287,2135,validated
REC_000392,M002,Red Fort,Delhi,New Delhi,Fort,2024-01-26,2024,1,4,0,1,Republic Day,None,High,0,3000,1,0,14.3,1.9,Foggy,2135.0,2039.2857142857142,2812,validated
REC_000393,M002,Red Fort,Delhi,New Delhi,Fort,2024-01-27,2024,1,5,1,0,None,None,None,0,3000,1,0,10.0,4.9,Clear,2812.0,2111.1428571428573,3000,validated
REC_000394,M002,Red Fort,Delhi,New Delhi,Fort,2024-01-28,2024,1,6,1,0,None,None,None,0,3000,1,0,14.6,0.1,Clear,3000.0,2111.1428571428573,3000,validated
REC_000395,M002,Red Fort,Delhi,New Delhi,Fort,2024-01-29,2024,1,0,0,0,None,None,None,0,3000,0,1,14.3,2.6,Clear,3000.0,2111.1428571428573,0,validated
REC_000396,M002,Red Fort,Delhi,New Delhi,Fort,2024-01-30,2024,1,1,0,0,None,None,None,0,3000,1,0,15.4,0.4,Foggy,0.0,2111.1428571428573,1807,validated
REC_000397,M002,Red Fort,Delhi,New Delhi,Fort,2024-01-31,2024,1,2,0,0,None,None,None,0,3000,1,0,18.4,2.7,Clear,1807.0,2077.8571428571427,2025,validated
REC_000398,M002,Red Fort,Delhi,New Delhi,Fort,2024-02-01,2024,2,3,0,0,None,None,None,0,3000,1,0,21.9,3.0,Clear,2025.0,2111.285714285714,2128,validated
REC_000399,M002,Red Fort,Delhi,New Delhi,Fort,2024-02-02,2024,2,4,0,0,None,None,None,0,3000,1,0,27.7,2.2,Haze,2128.0,2110.285714285714,2069,validated
REC_000400,M002,Red Fort,Delhi,New Delhi,Fort,2024-02-03,2024,2,5,1,0,None,None,None,0,3000,1,0,30.4,1.8,Haze,2069.0,2004.142857142857,3000,validated
REC_000401,M002,Red Fort,Delhi,New Delhi,Fort,2024-02-04,2024,2,6,1,0,None,None,None,0,3000,1,0,25.2,0.5,Haze,3000.0,2004.142857142857,3000,validated
REC_000402,M002,Red Fort,Delhi,New Delhi,Fort,2024-02-05,2024,2,0,0,0,None,None,None,0,3000,0,1,23.6,1.9,Clear,3000.0,2004.142857142857,0,validated
REC_000403,M002,Red Fort,Delhi,New Delhi,Fort,2024-02-06,2024,2,1,0,0,None,None,None,0,3000,1,0,22.3,1.8,Clear,0.0,2004.142857142857,2012,validated
REC_000404,M002,Red Fort,Delhi,New Delhi,Fort,2024-02-07,2024,2,2,0,0,None,None,None,0,3000,1,0,21.6,1.1,Clear,2012.0,2033.4285714285713,2337,validated
REC_000405,M002,Red Fort,Delhi,New Delhi,Fort,2024-02-08,2024,2,3,0,0,None,None,None,0,3000,1,0,25.7,0.6,Haze,2337.0,2078.0,2335,validated
REC_000406,M002,Red Fort,Delhi,New Delhi,Fort,2024-02-09,2024,2,4,0,0,None,None,None,0,3000,1,0,22.3,0.5,Clear,2335.0,2107.5714285714284,2050,validated
REC_000407,M002,Red Fort,Delhi,New Delhi,Fort,2024-02-10,2024,2,5,1,0,None,None,None,0,3000,1,0,24.1,0.1,Clear,2050.0,2104.8571428571427,3000,validated
REC_000408,M002,Red Fort,Delhi,New Delhi,Fort,2024-02-11,2024,2,6,1,0,None,None,None,0,3000,1,0,24.7,4.2,Clear,3000.0,2104.8571428571427,2888,validated
REC_000409,M002,Red Fort,Delhi,New Delhi,Fort,2024-02-12,2024,2,0,0,0,None,None,None,0,3000,0,1,18.0,0.8,Clear,2888.0,2088.8571428571427,0,validated
REC_000410,M002,Red Fort,Delhi,New Delhi,Fort,2024-02-13,2024,2,1,0,0,None,None,None,0,3000,1,0,25.1,10.3,Clear,0.0,2088.8571428571427,2340,validated
REC_000411,M002,Red Fort,Delhi,New Delhi,Fort,2024-02-14,2024,2,2,0,0,None,None,None,0,3000,1,0,25.3,1.3,Haze,2340.0,2135.714285714286,2220,validated
REC_000412,M002,Red Fort,Delhi,New Delhi,Fort,2024-02-15,2024,2,3,0,0,None,None,None,0,3000,1,0,24.2,0.4,Clear,2220.0,2119.0,2178,validated
REC_000413,M002,Red Fort,Delhi,New Delhi,Fort,2024-02-16,2024,2,4,0,0,None,None,None,0,3000,1,0,19.8,0.2,Clear,2178.0,2096.5714285714284,2080,validated
REC_000414,M002,Red Fort,Delhi,New Delhi,Fort,2024-02-17,2024,2,5,1,0,None,None,None,0,3000,1,0,27.7,2.2,Clear,2080.0,2100.8571428571427,2960,validated
REC_000415,M002,Red Fort,Delhi,New Delhi,Fort,2024-02-18,2024,2,6,1,0,None,None,None,0,3000,1,0,23.1,9.8,Clear,2960.0,2095.1428571428573,3000,validated
REC_000416,M002,Red Fort,Delhi,New Delhi,Fort,2024-02-19,2024,2,0,0,0,None,None,None,0,3000,0,1,24.4,1.5,Clear,3000.0,2111.1428571428573,0,validated
REC_000417,M002,Red Fort,Delhi,New Delhi,Fort,2024-02-20,2024,2,1,0,0,None,None,None,0,3000,1,0,24.6,0.3,Clear,0.0,2111.1428571428573,2126,validated
REC_000418,M002,Red Fort,Delhi,New Delhi,Fort,2024-02-21,2024,2,2,0,0,None,None,None,0,3000,1,0,26.1,0.1,Clear,2126.0,2080.5714285714284,2263,validated
REC_000419,M002,Red Fort,Delhi,New Delhi,Fort,2024-02-22,2024,2,3,0,0,None,None,None,0,3000,1,0,21.6,0.2,Clear,2263.0,2086.714285714286,2016,validated
REC_000420,M002,Red Fort,Delhi,New Delhi,Fort,2024-02-23,2024,2,4,0,0,None,None,None,0,3000,1,0,18.5,1.0,Clear,2016.0,2063.5714285714284,2214,validated
REC_000421,M002,Red Fort,Delhi,New Delhi,Fort,2024-02-24,2024,2,5,1,0,None,None,None,0,3000,1,0,25.2,5.0,Clear,2214.0,2082.714285714286,3000,validated
REC_000422,M002,Red Fort,Delhi,New Delhi,Fort,2024-02-25,2024,2,6,1,0,None,None,None,0,3000,1,0,24.2,1.0,Clear,3000.0,2088.4285714285716,3000,validated
REC_000423,M002,Red Fort,Delhi,New Delhi,Fort,2024-02-26,2024,2,0,0,0,None,None,None,0,3000,0,1,24.8,3.1,Clear,3000.0,2088.4285714285716,0,validated
REC_000424,M002,Red Fort,Delhi,New Delhi,Fort,2024-02-27,2024,2,1,0,0,None,None,None,0,3000,1,0,25.0,0.2,Clear,0.0,2088.4285714285716,2217,validated
REC_000425,M002,Red Fort,Delhi,New Delhi,Fort,2024-02-28,2024,2,2,0,0,None,None,None,0,3000,1,0,21.3,0.8,Clear,2217.0,2101.4285714285716,2277,validated
REC_000426,M002,Red Fort,Delhi,New Delhi,Fort,2024-02-29,2024,2,3,0,0,None,None,None,0,3000,1,0,25.4,0.3,Clear,2277.0,2103.4285714285716,2157,validated
REC_000427,M002,Red Fort,Delhi,New Delhi,Fort,2024-03-01,2024,3,4,0,0,None,None,None,0,3000,1,0,26.5,1.9,Clear,2157.0,2123.5714285714284,1800,validated
REC_000428,M002,Red Fort,Delhi,New Delhi,Fort,2024-03-02,2024,3,5,1,0,None,None,None,0,3000,1,0,20.1,1.0,Haze,1800.0,2064.4285714285716,2530,validated
REC_000429,M002,Red Fort,Delhi,New Delhi,Fort,2024-03-03,2024,3,6,1,0,None,None,None,0,3000,1,0,23.4,0.1,Haze,2530.0,1997.2857142857142,2617,validated
REC_000430,M002,Red Fort,Delhi,New Delhi,Fort,2024-03-04,2024,3,0,0,0,None,None,None,0,3000,0,1,25.6,6.8,Clear,2617.0,1942.5714285714287,0,validated
REC_000431,M002,Red Fort,Delhi,New Delhi,Fort,2024-03-05,2024,3,1,0,0,None,None,None,0,3000,1,0,24.2,1.2,Haze,0.0,1942.5714285714287,1622,validated
REC_000432,M002,Red Fort,Delhi,New Delhi,Fort,2024-03-06,2024,3,2,0,0,None,None,None,0,3000,1,0,20.4,1.9,Clear,1622.0,1857.5714285714287,1853,validated
REC_000433,M002,Red Fort,Delhi,New Delhi,Fort,2024-03-07,2024,3,3,0,0,None,None,None,0,3000,1,0,23.4,0.1,Clear,1853.0,1797.0,1934,validated
REC_000434,M002,Red Fort,Delhi,New Delhi,Fort,2024-03-08,2024,3,4,0,1,Maha Shivratri,Shivratri,Medium,0,3000,1,0,24.4,8.2,Haze,1934.0,1765.142857142857,2300,validated
REC_000435,M002,Red Fort,Delhi,New Delhi,Fort,2024-03-09,2024,3,5,1,0,None,None,None,0,3000,1,0,22.2,2.4,Haze,2300.0,1836.5714285714287,2570,validated
REC_000436,M002,Red Fort,Delhi,New Delhi,Fort,2024-03-10,2024,3,6,1,0,None,None,None,0,3000,1,0,24.5,3.4,Clear,2570.0,1842.2857142857142,2610,validated
REC_000437,M002,Red Fort,Delhi,New Delhi,Fort,2024-03-11,2024,3,0,0,0,None,None,None,0,3000,0,1,26.8,1.5,Clear,2610.0,1841.2857142857142,0,validated
REC_000438,M002,Red Fort,Delhi,New Delhi,Fort,2024-03-12,2024,3,1,0,0,None,None,None,0,3000,1,0,19.5,0.3,Clear,0.0,1841.2857142857142,1676,validated
REC_000439,M002,Red Fort,Delhi,New Delhi,Fort,2024-03-13,2024,3,2,0,0,None,None,None,0,3000,1,0,23.3,0.9,Clear,1676.0,1849.0,1848,validated
REC_000440,M002,Red Fort,Delhi,New Delhi,Fort,2024-03-14,2024,3,3,0,0,None,None,None,0,3000,1,0,26.3,2.9,Haze,1848.0,1848.2857142857142,1748,validated
REC_000441,M002,Red Fort,Delhi,New Delhi,Fort,2024-03-15,2024,3,4,0,0,None,None,None,0,3000,1,0,16.2,0.0,Clear,1748.0,1821.7142857142858,1750,validated
REC_000442,M002,Red Fort,Delhi,New Delhi,Fort,2024-03-16,2024,3,5,1,0,None,None,None,0,3000,1,0,25.2,1.5,Haze,1750.0,1743.142857142857,2608,validated
REC_000443,M002,Red Fort,Delhi,New Delhi,Fort,2024-03-17,2024,3,6,1,0,None,None,None,0,3000,1,0,25.7,0.2,Clear,2608.0,1748.5714285714287,2766,validated
REC_000444,M002,Red Fort,Delhi,New Delhi,Fort,2024-03-18,2024,3,0,0,0,None,None,None,0,3000,0,1,23.5,0.2,Clear,2766.0,1770.857142857143,0,validated
REC_000445,M002,Red Fort,Delhi,New Delhi,Fort,2024-03-19,2024,3,1,0,0,None,None,None,0,3000,1,0,22.7,2.7,Clear,0.0,1770.857142857143,1720,validated
REC_000446,M002,Red Fort,Delhi,New Delhi,Fort,2024-03-20,2024,3,2,0,0,None,None,None,0,3000,1,0,19.9,1.2,Clear,1720.0,1777.142857142857,1654,validated
REC_000447,M002,Red Fort,Delhi,New Delhi,Fort,2024-03-21,2024,3,3,0,0,None,None,None,0,3000,1,0,22.0,2.3,Clear,1654.0,1749.4285714285713,1893,validated
REC_000448,M002,Red Fort,Delhi,New Delhi,Fort,2024-03-22,2024,3,4,0,0,None,None,None,0,3000,1,0,26.0,0.1,Clear,1893.0,1770.142857142857,1756,validated
REC_000449,M002,Red Fort,Delhi,New Delhi,Fort,2024-03-23,2024,3,5,1,0,None,None,None,0,3000,1,0,30.5,2.2,Clear,1756.0,1771.0,2530,validated
REC_000450,M002,Red Fort,Delhi,New Delhi,Fort,2024-03-24,2024,3,6,1,0,None,None,None,0,3000,1,0,27.9,0.1,Clear,2530.0,1759.857142857143,2813,validated
REC_000451,M002,Red Fort,Delhi,New Delhi,Fort,2024-03-25,2024,3,0,0,1,Holi,Holi,High,0,3000,0,1,25.4,1.4,Clear,2813.0,1766.5714285714287,0,validated
REC_000452,M002,Red Fort,Delhi,New Delhi,Fort,2024-03-26,2024,3,1,0,0,None,None,None,0,3000,1,0,22.0,0.1,Haze,0.0,1766.5714285714287,1767,validated
REC_000453,M002,Red Fort,Delhi,New Delhi,Fort,2024-03-27,2024,3,2,0,0,None,None,None,0,3000,1,0,24.6,0.1,Haze,1767.0,1773.2857142857142,1678,validated
REC_000454,M002,Red Fort,Delhi,New Delhi,Fort,2024-03-28,2024,3,3,0,0,None,None,None,0,3000,1,0,21.1,0.9,Clear,1678.0,1776.7142857142858,1705,validated
REC_000455,M002,Red Fort,Delhi,New Delhi,Fort,2024-03-29,2024,3,4,0,1,Good Friday,None,Low,0,3000,1,0,25.6,0.4,Haze,1705.0,1749.857142857143,2383,validated
REC_000456,M002,Red Fort,Delhi,New Delhi,Fort,2024-03-30,2024,3,5,1,0,None,None,None,0,3000,1,0,26.2,0.6,Haze,2383.0,1839.4285714285713,2739,validated
REC_000457,M002,Red Fort,Delhi,New Delhi,Fort,2024-03-31,2024,3,6,1,0,None,None,None,0,3000,1,0,21.7,2.0,Clear,2739.0,1869.2857142857142,2567,validated
REC_000458,M002,Red Fort,Delhi,New Delhi,Fort,2024-04-01,2024,4,0,0,0,None,None,None,0,3000,0,1,37.1,3.8,Clear,2567.0,1834.142857142857,0,validated
REC_000459,M002,Red Fort,Delhi,New Delhi,Fort,2024-04-02,2024,4,1,0,0,None,None,None,0,3000,1,0,40.2,3.0,Clear,0.0,1834.142857142857,1432,validated
REC_000460,M002,Red Fort,Delhi,New Delhi,Fort,2024-04-03,2024,4,2,0,0,None,None,None,0,3000,1,0,35.7,15.6,Clear,1432.0,1786.2857142857142,1883,validated
REC_000461,M002,Red Fort,Delhi,New Delhi,Fort,2024-04-04,2024,4,3,0,0,None,None,None,0,3000,1,0,43.1,5.5,Clear,1883.0,1815.5714285714287,1471,validated
REC_000462,M002,Red Fort,Delhi,New Delhi,Fort,2024-04-05,2024,4,4,0,0,None,None,None,0,3000,1,0,39.9,0.5,Clear,1471.0,1782.142857142857,1896,validated
REC_000463,M002,Red Fort,Delhi,New Delhi,Fort,2024-04-06,2024,4,5,1,0,None,None,None,0,3000,1,0,39.9,1.0,Clear,1896.0,1712.5714285714287,2582,validated
REC_000464,M002,Red Fort,Delhi,New Delhi,Fort,2024-04-07,2024,4,6,1,0,None,None,None,0,3000,1,0,34.3,2.3,Clear,2582.0,1690.142857142857,2353,validated
REC_000465,M002,Red Fort,Delhi,New Delhi,Fort,2024-04-08,2024,4,0,0,0,None,None,None,0,3000,0,1,40.0,1.1,Clear,2353.0,1659.5714285714287,0,validated
REC_000466,M002,Red Fort,Delhi,New Delhi,Fort,2024-04-09,2024,4,1,0,1,Ugadi / Gudi Padwa,Ugadi,Medium,0,3000,1,0,38.5,0.5,Clear,0.0,1659.5714285714287,2364,validated
REC_000467,M002,Red Fort,Delhi,New Delhi,Fort,2024-04-10,2024,4,2,0,0,None,None,None,0,3000,1,0,37.4,4.2,Clear,2364.0,1792.7142857142858,1877,validated
REC_000468,M002,Red Fort,Delhi,New Delhi,Fort,2024-04-11,2024,4,3,0,1,Eid-ul-Fitr,Eid,High,0,3000,1,0,36.0,7.9,Clear,1877.0,1791.857142857143,2906,validated
REC_000469,M002,Red Fort,Delhi,New Delhi,Fort,2024-04-12,2024,4,4,0,0,None,None,None,0,3000,1,0,35.2,2.5,Clear,2906.0,1996.857142857143,1844,validated
REC_000470,M002,Red Fort,Delhi,New Delhi,Fort,2024-04-13,2024,4,5,1,0,None,None,None,0,3000,1,0,40.6,6.0,Clear,1844.0,1989.4285714285713,1855,validated
REC_000471,M002,Red Fort,Delhi,New Delhi,Fort,2024-04-14,2024,4,6,1,0,None,None,None,0,3000,1,0,39.8,3.2,Clear,1855.0,1885.5714285714287,2662,validated
REC_000472,M002,Red Fort,Delhi,New Delhi,Fort,2024-04-15,2024,4,0,0,0,None,None,None,0,3000,0,1,35.7,6.8,Clear,2662.0,1929.7142857142858,0,validated
REC_000473,M002,Red Fort,Delhi,New Delhi,Fort,2024-04-16,2024,4,1,0,0,None,None,None,0,3000,1,0,38.1,7.3,Clear,0.0,1929.7142857142858,1665,validated
REC_000474,M002,Red Fort,Delhi,New Delhi,Fort,2024-04-17,2024,4,2,0,1,Ram Navami,Ram Navami,Medium,0,3000,1,0,39.1,3.6,Clear,1665.0,1829.857142857143,2539,validated
REC_000475,M002,Red Fort,Delhi,New Delhi,Fort,2024-04-18,2024,4,3,0,0,None,None,None,0,3000,1,0,31.4,3.3,Clear,2539.0,1924.4285714285713,1807,validated
REC_000476,M002,Red Fort,Delhi,New Delhi,Fort,2024-04-19,2024,4,4,0,0,None,None,None,0,3000,1,0,40.6,4.0,Clear,1807.0,1767.4285714285713,1375,validated
REC_000477,M002,Red Fort,Delhi,New Delhi,Fort,2024-04-20,2024,4,5,1,0,None,None,None,0,3000,1,0,35.8,2.5,Clear,1375.0,1700.4285714285713,2672,validated
REC_000478,M002,Red Fort,Delhi,New Delhi,Fort,2024-04-21,2024,4,6,1,1,Mahavir Jayanti,None,Low,0,3000,1,0,37.3,6.4,Clear,2672.0,1817.142857142857,3000,validated
REC_000479,M002,Red Fort,Delhi,New Delhi,Fort,2024-04-22,2024,4,0,0,0,None,None,None,0,3000,0,1,38.9,5.3,Clear,3000.0,1865.4285714285713,0,validated
REC_000480,M002,Red Fort,Delhi,New Delhi,Fort,2024-04-23,2024,4,1,0,0,None,None,None,0,3000,1,0,33.1,3.8,Clear,0.0,1865.4285714285713,1753,validated
REC_000481,M002,Red Fort,Delhi,New Delhi,Fort,2024-04-24,2024,4,2,0,0,None,None,None,0,3000,1,0,34.1,6.1,Clear,1753.0,1878.0,1787,validated
REC_000482,M002,Red Fort,Delhi,New Delhi,Fort,2024-04-25,2024,4,3,0,0,None,None,None,0,3000,1,0,38.1,5.7,Clear,1787.0,1770.5714285714287,1669,validated
REC_000483,M002,Red Fort,Delhi,New Delhi,Fort,2024-04-26,2024,4,4,0,0,None,None,None,0,3000,1,0,34.1,0.6,Clear,1669.0,1750.857142857143,1865,validated
REC_000484,M002,Red Fort,Delhi,New Delhi,Fort,2024-04-27,2024,4,5,1,0,None,None,None,0,3000,1,0,36.7,22.4,Clear,1865.0,1820.857142857143,2503,validated
REC_000485,M002,Red Fort,Delhi,New Delhi,Fort,2024-04-28,2024,4,6,1,0,None,None,None,0,3000,1,0,30.7,5.1,Clear,2503.0,1796.7142857142858,2639,validated
REC_000486,M002,Red Fort,Delhi,New Delhi,Fort,2024-04-29,2024,4,0,0,0,None,None,None,0,3000,0,1,41.3,2.0,Clear,2639.0,1745.142857142857,0,validated
REC_000487,M002,Red Fort,Delhi,New Delhi,Fort,2024-04-30,2024,4,1,0,0,None,None,None,0,3000,1,0,43.9,0.0,Clear,0.0,1745.142857142857,1299,validated
REC_000488,M002,Red Fort,Delhi,New Delhi,Fort,2024-05-01,2024,5,2,0,0,None,None,None,1,3000,1,0,32.7,6.3,Clear,1299.0,1680.2857142857142,1760,validated
REC_000489,M002,Red Fort,Delhi,New Delhi,Fort,2024-05-02,2024,5,3,0,0,None,None,None,1,3000,1,0,38.6,2.6,Clear,1760.0,1676.4285714285713,1586,validated
REC_000490,M002,Red Fort,Delhi,New Delhi,Fort,2024-05-03,2024,5,4,0,0,None,None,None,1,3000,1,0,36.0,3.5,Clear,1586.0,1664.5714285714287,1671,validated
REC_000491,M002,Red Fort,Delhi,New Delhi,Fort,2024-05-04,2024,5,5,1,0,None,None,None,1,3000,1,0,44.5,3.7,Clear,1671.0,1636.857142857143,1970,validated
REC_000492,M002,Red Fort,Delhi,New Delhi,Fort,2024-05-05,2024,5,6,1,0,None,None,None,1,3000,1,0,41.6,1.3,Clear,1970.0,1560.7142857142858,1854,validated
REC_000493,M002,Red Fort,Delhi,New Delhi,Fort,2024-05-06,2024,5,0,0,0,None,None,None,1,3000,0,1,38.0,0.3,Clear,1854.0,1448.5714285714287,0,validated
REC_000494,M002,Red Fort,Delhi,New Delhi,Fort,2024-05-07,2024,5,1,0,0,None,None,None,1,3000,1,0,42.6,0.2,Clear,0.0,1448.5714285714287,1311,validated
REC_000495,M002,Red Fort,Delhi,New Delhi,Fort,2024-05-08,2024,5,2,0,0,None,None,None,1,3000,1,0,35.7,4.9,Clear,1311.0,1450.2857142857142,1663,validated
REC_000496,M002,Red Fort,Delhi,New Delhi,Fort,2024-05-09,2024,5,3,0,0,None,None,None,1,3000,1,0,43.2,2.3,Clear,1663.0,1436.4285714285713,1215,validated
REC_000497,M002,Red Fort,Delhi,New Delhi,Fort,2024-05-10,2024,5,4,0,0,None,None,None,1,3000,1,0,34.9,2.3,Clear,1215.0,1383.4285714285713,1649,validated
REC_000498,M002,Red Fort,Delhi,New Delhi,Fort,2024-05-11,2024,5,5,1,0,None,None,None,1,3000,1,0,37.6,3.6,Clear,1649.0,1380.2857142857142,2423,validated
REC_000499,M002,Red Fort,Delhi,New Delhi,Fort,2024-05-12,2024,5,6,1,0,None,None,None,1,3000,1,0,40.0,2.2,Clear,2423.0,1445.0,2547,validated
REC_000500,M002,Red Fort,Delhi,New Delhi,Fort,2024-05-13,2024,5,0,0,0,None,None,None,1,3000,0,1,40.0,0.5,Clear,2547.0,1544.0,0,validated
REC_000501,M002,Red Fort,Delhi,New Delhi,Fort,2024-05-14,2024,5,1,0,0,None,None,None,1,3000,1,0,42.0,1.9,Clear,0.0,1544.0,1223,validated
REC_000502,M002,Red Fort,Delhi,New Delhi,Fort,2024-05-15,2024,5,2,0,0,None,None,None,1,3000,1,0,44.6,0.8,Clear,1223.0,1531.4285714285713,1337,validated
REC_000503,M002,Red Fort,Delhi,New Delhi,Fort,2024-05-16,2024,5,3,0,0,None,None,None,1,3000,1,0,33.1,0.1,Clear,1337.0,1484.857142857143,1558,validated
REC_000504,M002,Red Fort,Delhi,New Delhi,Fort,2024-05-17,2024,5,4,0,0,None,None,None,1,3000,1,0,38.5,1.4,Clear,1558.0,1533.857142857143,1509,validated
REC_000505,M002,Red Fort,Delhi,New Delhi,Fort,2024-05-18,2024,5,5,1,0,None,None,None,1,3000,1,0,41.6,7.4,Clear,1509.0,1513.857142857143,1783,validated
REC_000506,M002,Red Fort,Delhi,New Delhi,Fort,2024-05-19,2024,5,6,1,0,None,None,None,1,3000,1,0,39.8,2.5,Clear,1783.0,1422.4285714285713,2337,validated
REC_000507,M002,Red Fort,Delhi,New Delhi,Fort,2024-05-20,2024,5,0,0,0,None,None,None,1,3000,0,1,34.1,0.3,Clear,2337.0,1392.4285714285713,0,validated
REC_000508,M002,Red Fort,Delhi,New Delhi,Fort,2024-05-21,2024,5,1,0,0,None,None,None,1,3000,1,0,37.8,5.2,Clear,0.0,1392.4285714285713,1418,validated
REC_000509,M002,Red Fort,Delhi,New Delhi,Fort,2024-05-22,2024,5,2,0,0,None,None,None,1,3000,1,0,37.4,5.2,Clear,1418.0,1420.2857142857142,1606,validated
REC_000510,M002,Red Fort,Delhi,New Delhi,Fort,2024-05-23,2024,5,3,0,1,Buddha Purnima,None,Low,1,3000,1,0,39.6,3.8,Clear,1606.0,1458.7142857142858,2110,validated
REC_000511,M002,Red Fort,Delhi,New Delhi,Fort,2024-05-24,2024,5,4,0,0,None,None,None,1,3000,1,0,36.0,4.3,Clear,2110.0,1537.5714285714287,1647,validated
REC_000512,M002,Red Fort,Delhi,New Delhi,Fort,2024-05-25,2024,5,5,1,0,None,None,None,1,3000,1,0,37.3,1.2,Clear,1647.0,1557.2857142857142,2443,validated
REC_000513,M002,Red Fort,Delhi,New Delhi,Fort,2024-05-26,2024,5,6,1,0,None,None,None,1,3000,1,0,37.2,1.1,Clear,2443.0,1651.5714285714287,2510,validated
REC_000514,M002,Red Fort,Delhi,New Delhi,Fort,2024-05-27,2024,5,0,0,0,None,None,None,1,3000,0,1,35.2,2.4,Clear,2510.0,1676.2857142857142,0,validated
REC_000515,M002,Red Fort,Delhi,New Delhi,Fort,2024-05-28,2024,5,1,0,0,None,None,None,1,3000,1,0,36.2,0.3,Clear,0.0,1676.2857142857142,1654,validated
REC_000516,M002,Red Fort,Delhi,New Delhi,Fort,2024-05-29,2024,5,2,0,0,None,None,None,1,3000,1,0,29.5,1.7,Clear,1654.0,1710.0,1729,validated
REC_000517,M002,Red Fort,Delhi,New Delhi,Fort,2024-05-30,2024,5,3,0,0,None,None,None,1,3000,1,0,38.9,3.3,Clear,1729.0,1727.5714285714287,1663,validated
REC_000518,M002,Red Fort,Delhi,New Delhi,Fort,2024-05-31,2024,5,4,0,0,None,None,None,1,3000,1,0,32.5,5.2,Clear,1663.0,1663.7142857142858,1612,validated
REC_000519,M002,Red Fort,Delhi,New Delhi,Fort,2024-06-01,2024,6,5,1,0,None,None,None,1,3000,1,0,34.1,3.3,Clear,1612.0,1658.7142857142858,2469,validated
REC_000520,M002,Red Fort,Delhi,New Delhi,Fort,2024-06-02,2024,6,6,1,0,None,None,None,1,3000,1,0,39.6,3.8,Clear,2469.0,1662.4285714285713,2396,validated
REC_000521,M002,Red Fort,Delhi,New Delhi,Fort,2024-06-03,2024,6,0,0,0,None,None,None,1,3000,0,1,35.2,0.7,Clear,2396.0,1646.142857142857,0,validated
REC_000522,M002,Red Fort,Delhi,New Delhi,Fort,2024-06-04,2024,6,1,0,0,None,None,None,1,3000,1,0,36.9,1.0,Clear,0.0,1646.142857142857,1708,validated
REC_000523,M002,Red Fort,Delhi,New Delhi,Fort,2024-06-05,2024,6,2,0,0,None,None,None,1,3000,1,0,36.4,3.3,Clear,1708.0,1653.857142857143,1571,validated
REC_000524,M002,Red Fort,Delhi,New Delhi,Fort,2024-06-06,2024,6,3,0,0,None,None,None,1,3000,1,0,38.2,7.9,Clear,1571.0,1631.2857142857142,1631,validated
REC_000525,M002,Red Fort,Delhi,New Delhi,Fort,2024-06-07,2024,6,4,0,0,None,None,None,1,3000,1,0,38.5,4.9,Clear,1631.0,1626.7142857142858,1587,validated
REC_000526,M002,Red Fort,Delhi,New Delhi,Fort,2024-06-08,2024,6,5,1,0,None,None,None,1,3000,1,0,38.3,2.5,Clear,1587.0,1623.142857142857,2249,validated
REC_000527,M002,Red Fort,Delhi,New Delhi,Fort,2024-06-09,2024,6,6,1,0,None,None,None,1,3000,1,0,37.8,11.7,Clear,2249.0,1591.7142857142858,2453,validated
REC_000528,M002,Red Fort,Delhi,New Delhi,Fort,2024-06-10,2024,6,0,0,0,None,None,None,1,3000,0,1,41.2,2.5,Clear,2453.0,1599.857142857143,0,validated
REC_000529,M002,Red Fort,Delhi,New Delhi,Fort,2024-06-11,2024,6,1,0,0,None,None,None,1,3000,1,0,44.2,3.2,Clear,0.0,1599.857142857143,1177,validated
REC_000530,M002,Red Fort,Delhi,New Delhi,Fort,2024-06-12,2024,6,2,0,0,None,None,None,1,3000,1,0,38.1,6.6,Clear,1177.0,1524.0,1595,validated
REC_000531,M002,Red Fort,Delhi,New Delhi,Fort,2024-06-13,2024,6,3,0,0,None,None,None,1,3000,1,0,35.7,6.2,Clear,1595.0,1527.4285714285713,1651,validated
REC_000532,M002,Red Fort,Delhi,New Delhi,Fort,2024-06-14,2024,6,4,0,0,None,None,None,1,3000,1,0,35.7,0.7,Clear,1651.0,1530.2857142857142,1589,validated
REC_000533,M002,Red Fort,Delhi,New Delhi,Fort,2024-06-15,2024,6,5,1,0,None,None,None,1,3000,1,0,42.1,2.9,Clear,1589.0,1530.5714285714287,1731,validated
REC_000534,M002,Red Fort,Delhi,New Delhi,Fort,2024-06-16,2024,6,6,1,0,None,None,None,1,3000,1,0,39.1,8.5,Clear,1731.0,1456.5714285714287,2370,validated
REC_000535,M002,Red Fort,Delhi,New Delhi,Fort,2024-06-17,2024,6,0,0,1,Bakrid / Eid al-Adha,Eid al-Adha,High,1,3000,0,1,36.7,2.4,Clear,2370.0,1444.7142857142858,0,validated
REC_000536,M002,Red Fort,Delhi,New Delhi,Fort,2024-06-18,2024,6,1,0,0,None,None,None,1,3000,1,0,39.8,16.8,Clear,0.0,1444.7142857142858,1650,validated
REC_000537,M002,Red Fort,Delhi,New Delhi,Fort,2024-06-19,2024,6,2,0,0,None,None,None,1,3000,1,0,35.4,9.6,Clear,1650.0,1512.2857142857142,1641,validated
REC_000538,M002,Red Fort,Delhi,New Delhi,Fort,2024-06-20,2024,6,3,0,0,None,None,None,1,3000,1,0,49.2,0.4,Clear,1641.0,1518.857142857143,1306,validated
REC_000539,M002,Red Fort,Delhi,New Delhi,Fort,2024-06-21,2024,6,4,0,0,None,None,None,1,3000,1,0,39.8,1.9,Clear,1306.0,1469.5714285714287,1665,validated
REC_000540,M002,Red Fort,Delhi,New Delhi,Fort,2024-06-22,2024,6,5,1,0,None,None,None,1,3000,1,0,33.0,1.4,Clear,1665.0,1480.4285714285713,2444,validated
REC_000541,M002,Red Fort,Delhi,New Delhi,Fort,2024-06-23,2024,6,6,1,0,None,None,None,1,3000,1,0,42.8,4.0,Clear,2444.0,1582.2857142857142,1760,validated
REC_000542,M002,Red Fort,Delhi,New Delhi,Fort,2024-06-24,2024,6,0,0,0,None,None,None,1,3000,0,1,42.5,9.9,Clear,1760.0,1495.142857142857,0,validated
REC_000543,M002,Red Fort,Delhi,New Delhi,Fort,2024-06-25,2024,6,1,0,0,None,None,None,1,3000,1,0,33.7,4.8,Clear,0.0,1495.142857142857,1665,validated
REC_000544,M002,Red Fort,Delhi,New Delhi,Fort,2024-06-26,2024,6,2,0,0,None,None,None,1,3000,1,0,35.7,7.8,Clear,1665.0,1497.2857142857142,1741,validated
REC_000545,M002,Red Fort,Delhi,New Delhi,Fort,2024-06-27,2024,6,3,0,0,None,None,None,1,3000,1,0,37.1,16.4,Clear,1741.0,1511.5714285714287,1696,validated
REC_000546,M002,Red Fort,Delhi,New Delhi,Fort,2024-06-28,2024,6,4,0,0,None,None,None,1,3000,1,0,36.8,0.8,Clear,1696.0,1567.2857142857142,1622,validated
REC_000547,M002,Red Fort,Delhi,New Delhi,Fort,2024-06-29,2024,6,5,1,0,None,None,None,1,3000,1,0,39.0,0.7,Clear,1622.0,1561.142857142857,2492,validated
REC_000548,M002,Red Fort,Delhi,New Delhi,Fort,2024-06-30,2024,6,6,1,0,None,None,None,1,3000,1,0,45.2,0.3,Clear,2492.0,1568.0,1704,validated
REC_000549,M002,Red Fort,Delhi,New Delhi,Fort,2024-07-01,2024,7,0,0,0,None,None,None,0,3000,0,1,31.5,12.7,Rainy,1704.0,1560.0,0,validated
REC_000550,M002,Red Fort,Delhi,New Delhi,Fort,2024-07-02,2024,7,1,0,0,None,None,None,0,3000,1,0,31.6,61.5,Rainy,0.0,1560.0,1185,validated
REC_000551,M002,Red Fort,Delhi,New Delhi,Fort,2024-07-03,2024,7,2,0,0,None,None,None,0,3000,1,0,30.9,19.8,Rainy,1185.0,1491.4285714285713,1107,validated
REC_000552,M002,Red Fort,Delhi,New Delhi,Fort,2024-07-04,2024,7,3,0,0,None,None,None,0,3000,1,0,32.1,38.5,Rainy,1107.0,1400.857142857143,1100,validated
REC_000553,M002,Red Fort,Delhi,New Delhi,Fort,2024-07-05,2024,7,4,0,0,None,None,None,0,3000,1,0,30.4,0.2,Cloudy,1100.0,1315.7142857142858,1961,validated
REC_000554,M002,Red Fort,Delhi,New Delhi,Fort,2024-07-06,2024,7,5,1,0,None,None,None,0,3000,1,0,31.6,39.8,Rainy,1961.0,1364.142857142857,1712,validated
REC_000555,M002,Red Fort,Delhi,New Delhi,Fort,2024-07-07,2024,7,6,1,0,None,None,None,0,3000,1,0,30.1,3.7,Clear,1712.0,1252.7142857142858,2631,validated
REC_000556,M002,Red Fort,Delhi,New Delhi,Fort,2024-07-08,2024,7,0,0,0,None,None,None,0,3000,0,1,34.3,22.3,Rainy,2631.0,1385.142857142857,0,validated
REC_000557,M002,Red Fort,Delhi,New Delhi,Fort,2024-07-09,2024,7,1,0,0,None,None,None,0,3000,1,0,30.2,31.0,Rainy,0.0,1385.142857142857,1055,validated
REC_000558,M002,Red Fort,Delhi,New Delhi,Fort,2024-07-10,2024,7,2,0,0,None,None,None,0,3000,1,0,25.7,12.3,Rainy,1055.0,1366.5714285714287,1396,validated
REC_000559,M002,Red Fort,Delhi,New Delhi,Fort,2024-07-11,2024,7,3,0,0,None,None,None,0,3000,1,0,29.8,3.4,Clear,1396.0,1407.857142857143,1889,validated
REC_000560,M002,Red Fort,Delhi,New Delhi,Fort,2024-07-12,2024,7,4,0,0,None,None,None,0,3000,1,0,29.6,7.7,Rainy,1889.0,1520.5714285714287,1410,validated
REC_000561,M002,Red Fort,Delhi,New Delhi,Fort,2024-07-13,2024,7,5,1,0,None,None,None,0,3000,1,0,35.0,19.0,Rainy,1410.0,1441.857142857143,1669,validated
REC_000562,M002,Red Fort,Delhi,New Delhi,Fort,2024-07-14,2024,7,6,1,0,None,None,None,0,3000,1,0,27.2,33.2,Rainy,1669.0,1435.7142857142858,1802,validated
REC_000563,M002,Red Fort,Delhi,New Delhi,Fort,2024-07-15,2024,7,0,0,0,None,None,None,0,3000,0,1,32.0,18.1,Rainy,1802.0,1317.2857142857142,0,validated
REC_000564,M002,Red Fort,Delhi,New Delhi,Fort,2024-07-16,2024,7,1,0,0,None,None,None,0,3000,1,0,30.9,2.4,Clear,0.0,1317.2857142857142,1907,validated
REC_000565,M002,Red Fort,Delhi,New Delhi,Fort,2024-07-17,2024,7,2,0,1,Muharram,None,Low,0,3000,1,0,28.2,1.3,Cloudy,1907.0,1439.0,2204,validated
REC_000566,M002,Red Fort,Delhi,New Delhi,Fort,2024-07-18,2024,7,3,0,0,None,None,None,0,3000,1,0,32.3,32.7,Rainy,2204.0,1554.4285714285713,1220,validated
REC_000567,M002,Red Fort,Delhi,New Delhi,Fort,2024-07-19,2024,7,4,0,0,None,None,None,0,3000,1,0,27.6,21.3,Rainy,1220.0,1458.857142857143,1056,validated
REC_000568,M002,Red Fort,Delhi,New Delhi,Fort,2024-07-20,2024,7,5,1,0,None,None,None,0,3000,1,0,31.3,4.3,Cloudy,1056.0,1408.2857142857142,2744,validated
REC_000569,M002,Red Fort,Delhi,New Delhi,Fort,2024-07-21,2024,7,6,1,0,None,None,None,0,3000,1,0,27.7,50.1,Rainy,2744.0,1561.857142857143,1726,validated
REC_000570,M002,Red Fort,Delhi,New Delhi,Fort,2024-07-22,2024,7,0,0,0,None,None,None,0,3000,0,1,32.2,28.0,Rainy,1726.0,1551.0,0,validated
REC_000571,M002,Red Fort,Delhi,New Delhi,Fort,2024-07-23,2024,7,1,0,0,None,None,None,0,3000,1,0,28.0,42.8,Rainy,0.0,1551.0,1218,validated
REC_000572,M002,Red Fort,Delhi,New Delhi,Fort,2024-07-24,2024,7,2,0,0,None,None,None,0,3000,1,0,32.7,2.1,Cloudy,1218.0,1452.5714285714287,1970,validated
REC_000573,M002,Red Fort,Delhi,New Delhi,Fort,2024-07-25,2024,7,3,0,0,None,None,None,0,3000,1,0,33.8,14.2,Rainy,1970.0,1419.142857142857,1431,validated
REC_000574,M002,Red Fort,Delhi,New Delhi,Fort,2024-07-26,2024,7,4,0,0,None,None,None,0,3000,1,0,31.6,2.1,Cloudy,1431.0,1449.2857142857142,1794,validated
REC_000575,M002,Red Fort,Delhi,New Delhi,Fort,2024-07-27,2024,7,5,1,0,None,None,None,0,3000,1,0,30.4,35.2,Rainy,1794.0,1554.7142857142858,1732,validated
REC_000576,M002,Red Fort,Delhi,New Delhi,Fort,2024-07-28,2024,7,6,1,0,None,None,None,0,3000,1,0,32.3,25.2,Rainy,1732.0,1410.142857142857,1674,validated
REC_000577,M002,Red Fort,Delhi,New Delhi,Fort,2024-07-29,2024,7,0,0,0,None,None,None,0,3000,0,1,33.2,6.0,Rainy,1674.0,1402.7142857142858,0,validated
REC_000578,M002,Red Fort,Delhi,New Delhi,Fort,2024-07-30,2024,7,1,0,0,None,None,None,0,3000,1,0,29.7,37.1,Rainy,0.0,1402.7142857142858,1189,validated
REC_000579,M002,Red Fort,Delhi,New Delhi,Fort,2024-07-31,2024,7,2,0,0,None,None,None,0,3000,1,0,29.4,14.0,Rainy,1189.0,1398.5714285714287,1423,validated
REC_000580,M002,Red Fort,Delhi,New Delhi,Fort,2024-08-01,2024,8,3,0,0,None,None,None,0,3000,1,0,30.1,0.2,Cloudy,1423.0,1320.4285714285713,1871,validated
REC_000581,M002,Red Fort,Delhi,New Delhi,Fort,2024-08-02,2024,8,4,0,0,None,None,None,0,3000,1,0,27.0,6.3,Rainy,1871.0,1383.2857142857142,1515,validated
REC_000582,M002,Red Fort,Delhi,New Delhi,Fort,2024-08-03,2024,8,5,1,0,None,None,None,0,3000,1,0,28.8,0.9,Clear,1515.0,1343.4285714285713,2665,validated
REC_000583,M002,Red Fort,Delhi,New Delhi,Fort,2024-08-04,2024,8,6,1,0,None,None,None,0,3000,1,0,33.2,16.2,Rainy,2665.0,1476.7142857142858,1687,validated
REC_000584,M002,Red Fort,Delhi,New Delhi,Fort,2024-08-05,2024,8,0,0,0,None,None,None,0,3000,0,1,30.6,28.5,Rainy,1687.0,1478.5714285714287,0,validated
REC_000585,M002,Red Fort,Delhi,New Delhi,Fort,2024-08-06,2024,8,1,0,0,None,None,None,0,3000,1,0,31.2,97.0,Rainy,0.0,1478.5714285714287,1142,validated
REC_000586,M002,Red Fort,Delhi,New Delhi,Fort,2024-08-07,2024,8,2,0,0,None,None,None,0,3000,1,0,31.2,1.2,Clear,1142.0,1471.857142857143,1904,validated
REC_000587,M002,Red Fort,Delhi,New Delhi,Fort,2024-08-08,2024,8,3,0,0,None,None,None,0,3000,1,0,28.7,1.8,Clear,1904.0,1540.5714285714287,1821,validated
REC_000588,M002,Red Fort,Delhi,New Delhi,Fort,2024-08-09,2024,8,4,0,0,None,None,None,0,3000,1,0,33.4,38.0,Rainy,1821.0,1533.4285714285713,1199,validated
REC_000589,M002,Red Fort,Delhi,New Delhi,Fort,2024-08-10,2024,8,5,1,0,None,None,None,0,3000,1,0,32.6,10.1,Rainy,1199.0,1488.2857142857142,2368,validated
REC_000590,M002,Red Fort,Delhi,New Delhi,Fort,2024-08-11,2024,8,6,1,0,None,None,None,0,3000,1,0,29.4,26.8,Rainy,2368.0,1445.857142857143,1541,validated
REC_000591,M002,Red Fort,Delhi,New Delhi,Fort,2024-08-12,2024,8,0,0,0,None,None,None,0,3000,0,1,33.2,10.5,Rainy,1541.0,1425.0,0,validated
REC_000592,M002,Red Fort,Delhi,New Delhi,Fort,2024-08-13,2024,8,1,0,0,None,None,None,0,3000,1,0,31.6,16.8,Rainy,0.0,1425.0,1241,validated
REC_000593,M002,Red Fort,Delhi,New Delhi,Fort,2024-08-14,2024,8,2,0,0,None,None,None,0,3000,1,0,35.4,21.8,Rainy,1241.0,1439.142857142857,1174,validated
REC_000594,M002,Red Fort,Delhi,New Delhi,Fort,2024-08-15,2024,8,3,0,1,Independence Day,None,High,0,3000,1,0,27.0,2.0,Cloudy,1174.0,1334.857142857143,3000,validated
REC_000595,M002,Red Fort,Delhi,New Delhi,Fort,2024-08-16,2024,8,4,0,0,None,None,None,0,3000,1,0,30.6,54.1,Rainy,3000.0,1503.2857142857142,1256,validated
REC_000596,M002,Red Fort,Delhi,New Delhi,Fort,2024-08-17,2024,8,5,1,0,None,None,None,0,3000,1,0,32.5,12.7,Rainy,1256.0,1511.4285714285713,2022,validated
REC_000597,M002,Red Fort,Delhi,New Delhi,Fort,2024-08-18,2024,8,6,1,0,None,None,None,0,3000,1,0,31.5,5.3,Rainy,2022.0,1462.0,2042,validated
REC_000598,M002,Red Fort,Delhi,New Delhi,Fort,2024-08-19,2024,8,0,0,1,Raksha Bandhan,Raksha Bandhan,Medium,0,3000,0,1,25.5,0.8,Cloudy,2042.0,1533.5714285714287,0,validated
REC_000599,M002,Red Fort,Delhi,New Delhi,Fort,2024-08-20,2024,8,1,0,0,None,None,None,0,3000,1,0,30.4,3.9,Clear,0.0,1533.5714285714287,1613,validated
REC_000600,M002,Red Fort,Delhi,New Delhi,Fort,2024-08-21,2024,8,2,0,0,None,None,None,0,3000,1,0,28.8,13.1,Rainy,1613.0,1586.7142857142858,1391,validated
REC_000601,M002,Red Fort,Delhi,New Delhi,Fort,2024-08-22,2024,8,3,0,0,None,None,None,0,3000,1,0,30.2,29.2,Rainy,1391.0,1617.7142857142858,1125,validated
REC_000602,M002,Red Fort,Delhi,New Delhi,Fort,2024-08-23,2024,8,4,0,0,None,None,None,0,3000,1,0,32.2,6.3,Rainy,1125.0,1349.857142857143,1636,validated
REC_000603,M002,Red Fort,Delhi,New Delhi,Fort,2024-08-24,2024,8,5,1,0,None,None,None,0,3000,1,0,30.6,1.6,Clear,1636.0,1404.142857142857,2697,validated
REC_000604,M002,Red Fort,Delhi,New Delhi,Fort,2024-08-25,2024,8,6,1,0,None,None,None,0,3000,1,0,30.2,12.7,Rainy,2697.0,1500.5714285714287,2004,validated
REC_000605,M002,Red Fort,Delhi,New Delhi,Fort,2024-08-26,2024,8,0,0,1,Janmashtami,Janmashtami,Medium,0,3000,0,1,31.0,21.8,Rainy,2004.0,1495.142857142857,0,validated
REC_000606,M002,Red Fort,Delhi,New Delhi,Fort,2024-08-27,2024,8,1,0,0,None,None,None,0,3000,1,0,33.7,88.8,Rainy,0.0,1495.142857142857,1146,validated
REC_000607,M002,Red Fort,Delhi,New Delhi,Fort,2024-08-28,2024,8,2,0,0,None,None,None,0,3000,1,0,29.4,9.0,Rainy,1146.0,1428.4285714285713,1310,validated
REC_000608,M002,Red Fort,Delhi,New Delhi,Fort,2024-08-29,2024,8,3,0,0,None,None,None,0,3000,1,0,27.0,42.9,Rainy,1310.0,1416.857142857143,1215,validated
REC_000609,M002,Red Fort,Delhi,New Delhi,Fort,2024-08-30,2024,8,4,0,0,None,None,None,0,3000,1,0,34.8,6.7,Rainy,1215.0,1429.7142857142858,1405,validated
REC_000610,M002,Red Fort,Delhi,New Delhi,Fort,2024-08-31,2024,8,5,1,0,None,None,None,0,3000,1,0,31.4,5.4,Rainy,1405.0,1396.7142857142858,2103,validated
REC_000611,M002,Red Fort,Delhi,New Delhi,Fort,2024-09-01,2024,9,6,1,0,None,None,None,0,3000,1,0,29.5,20.9,Rainy,2103.0,1311.857142857143,1673,validated
REC_000612,M002,Red Fort,Delhi,New Delhi,Fort,2024-09-02,2024,9,0,0,0,None,None,None,0,3000,0,1,28.8,11.0,Rainy,1673.0,1264.5714285714287,0,validated
REC_000613,M002,Red Fort,Delhi,New Delhi,Fort,2024-09-03,2024,9,1,0,0,None,None,None,0,3000,1,0,28.8,9.8,Rainy,0.0,1264.5714285714287,1417,validated
REC_000614,M002,Red Fort,Delhi,New Delhi,Fort,2024-09-04,2024,9,2,0,0,None,None,None,0,3000,1,0,30.7,1.5,Cloudy,1417.0,1303.2857142857142,1806,validated
REC_000615,M002,Red Fort,Delhi,New Delhi,Fort,2024-09-05,2024,9,3,0,0,None,None,None,0,3000,1,0,31.4,20.4,Rainy,1806.0,1374.142857142857,1195,validated
REC_000616,M002,Red Fort,Delhi,New Delhi,Fort,2024-09-06,2024,9,4,0,0,None,None,None,0,3000,1,0,33.9,0.2,Clear,1195.0,1371.2857142857142,1643,validated
REC_000617,M002,Red Fort,Delhi,New Delhi,Fort,2024-09-07,2024,9,5,1,1,Ganesh Chaturthi,Ganesh Chaturthi,High,0,3000,1,0,31.5,37.2,Rainy,1643.0,1405.2857142857142,2729,validated
REC_000618,M002,Red Fort,Delhi,New Delhi,Fort,2024-09-08,2024,9,6,1,0,None,None,None,0,3000,1,0,29.5,41.9,Rainy,2729.0,1494.7142857142858,1727,validated
REC_000619,M002,Red Fort,Delhi,New Delhi,Fort,2024-09-09,2024,9,0,0,0,None,None,None,0,3000,0,1,31.1,2.8,Cloudy,1727.0,1502.4285714285713,0,validated
REC_000620,M002,Red Fort,Delhi,New Delhi,Fort,2024-09-10,2024,9,1,0,0,None,None,None,0,3000,1,0,29.1,9.9,Rainy,0.0,1502.4285714285713,1430,validated
REC_000621,M002,Red Fort,Delhi,New Delhi,Fort,2024-09-11,2024,9,2,0,0,None,None,None,0,3000,1,0,26.3,15.5,Rainy,1430.0,1504.2857142857142,1055,validated
REC_000622,M002,Red Fort,Delhi,New Delhi,Fort,2024-09-12,2024,9,3,0,0,None,None,None,0,3000,1,0,32.8,23.5,Rainy,1055.0,1397.0,1226,validated
REC_000623,M002,Red Fort,Delhi,New Delhi,Fort,2024-09-13,2024,9,4,0,0,None,None,None,0,3000,1,0,32.1,21.2,Rainy,1226.0,1401.4285714285713,1277,validated
REC_000624,M002,Red Fort,Delhi,New Delhi,Fort,2024-09-14,2024,9,5,1,0,None,None,None,0,3000,1,0,29.1,5.8,Rainy,1277.0,1349.142857142857,2192,validated
REC_000625,M002,Red Fort,Delhi,New Delhi,Fort,2024-09-15,2024,9,6,1,0,None,None,None,0,3000,1,0,29.3,10.6,Rainy,2192.0,1272.4285714285713,2143,validated
REC_000626,M002,Red Fort,Delhi,New Delhi,Fort,2024-09-16,2024,9,0,0,1,Milad un-Nabi,None,Low,0,3000,0,1,32.2,35.1,Rainy,2143.0,1331.857142857143,0,validated
REC_000627,M002,Red Fort,Delhi,New Delhi,Fort,2024-09-17,2024,9,1,0,0,None,None,None,0,3000,1,0,30.7,6.9,Rainy,0.0,1331.857142857143,1498,validated
REC_000628,M002,Red Fort,Delhi,New Delhi,Fort,2024-09-18,2024,9,2,0,0,None,None,None,0,3000,0,1,26.4,16.5,Rainy,1498.0,1341.5714285714287,0,validated
REC_000629,M002,Red Fort,Delhi,New Delhi,Fort,2024-09-19,2024,9,3,0,0,None,None,None,0,3000,1,0,33.9,22.0,Rainy,0.0,1190.857142857143,1112,validated
REC_000630,M002,Red Fort,Delhi,New Delhi,Fort,2024-09-20,2024,9,4,0,0,None,None,None,0,3000,1,0,34.7,3.3,Cloudy,1112.0,1174.5714285714287,1713,validated
REC_000631,M002,Red Fort,Delhi,New Delhi,Fort,2024-09-21,2024,9,5,1,0,None,None,None,0,3000,1,0,29.9,0.5,Clear,1713.0,1236.857142857143,2425,validated
REC_000632,M002,Red Fort,Delhi,New Delhi,Fort,2024-09-22,2024,9,6,1,0,None,None,None,0,3000,1,0,34.0,1.3,Cloudy,2425.0,1270.142857142857,2754,validated
REC_000633,M002,Red Fort,Delhi,New Delhi,Fort,2024-09-23,2024,9,0,0,0,None,None,None,0,3000,0,1,28.0,16.8,Rainy,2754.0,1357.4285714285713,0,validated
REC_000634,M002,Red Fort,Delhi,New Delhi,Fort,2024-09-24,2024,9,1,0,0,None,None,None,0,3000,1,0,27.9,79.7,Rainy,0.0,1357.4285714285713,1135,validated
REC_000635,M002,Red Fort,Delhi,New Delhi,Fort,2024-09-25,2024,9,2,0,0,None,None,None,0,3000,1,0,35.7,2.7,Cloudy,1135.0,1305.5714285714287,1758,validated
REC_000636,M002,Red Fort,Delhi,New Delhi,Fort,2024-09-26,2024,9,3,0,0,None,None,None,0,3000,1,0,31.0,59.8,Rainy,1758.0,1556.7142857142858,1142,validated
REC_000637,M002,Red Fort,Delhi,New Delhi,Fort,2024-09-27,2024,9,4,0,0,None,None,None,0,3000,1,0,29.9,0.6,Cloudy,1142.0,1561.0,1790,validated
REC_000638,M002,Red Fort,Delhi,New Delhi,Fort,2024-09-28,2024,9,5,1,0,None,None,None,0,3000,1,0,30.4,6.1,Rainy,1790.0,1572.0,2254,validated
REC_000639,M002,Red Fort,Delhi,New Delhi,Fort,2024-09-29,2024,9,6,1,0,None,None,None,0,3000,1,0,30.8,39.5,Rainy,2254.0,1547.5714285714287,1715,validated
REC_000640,M002,Red Fort,Delhi,New Delhi,Fort,2024-09-30,2024,9,0,0,0,None,None,None,0,3000,0,1,33.9,74.4,Rainy,1715.0,1399.142857142857,0,validated
REC_000641,M002,Red Fort,Delhi,New Delhi,Fort,2024-10-01,2024,10,1,0,0,None,None,None,0,3000,1,0,25.1,0.7,Clear,0.0,1399.142857142857,1661,validated
REC_000642,M002,Red Fort,Delhi,New Delhi,Fort,2024-10-02,2024,10,2,0,1,Mahatma Gandhi Jayanti,None,Medium,0,3000,1,0,19.5,0.8,Clear,1661.0,1474.2857142857142,2361,validated
REC_000643,M002,Red Fort,Delhi,New Delhi,Fort,2024-10-03,2024,10,3,0,0,None,None,None,0,3000,1,0,20.5,1.6,Clear,2361.0,1560.4285714285713,1780,validated
REC_000644,M002,Red Fort,Delhi,New Delhi,Fort,2024-10-04,2024,10,4,0,0,None,None,None,0,3000,1,0,27.7,0.7,Clear,1780.0,1651.5714285714287,1686,validated
REC_000645,M002,Red Fort,Delhi,New Delhi,Fort,2024-10-05,2024,10,5,1,0,None,None,None,0,3000,1,0,21.4,6.8,Clear,1686.0,1636.7142857142858,2735,validated
REC_000646,M002,Red Fort,Delhi,New Delhi,Fort,2024-10-06,2024,10,6,1,0,None,None,None,0,3000,1,0,18.5,0.3,Clear,2735.0,1705.4285714285713,2583,validated
REC_000647,M002,Red Fort,Delhi,New Delhi,Fort,2024-10-07,2024,10,0,0,0,None,None,None,0,3000,0,1,31.0,1.0,Clear,2583.0,1829.4285714285713,0,validated
REC_000648,M002,Red Fort,Delhi,New Delhi,Fort,2024-10-08,2024,10,1,0,0,None,None,None,0,3000,1,0,24.9,1.7,Clear,0.0,1829.4285714285713,1880,validated
REC_000649,M002,Red Fort,Delhi,New Delhi,Fort,2024-10-09,2024,10,2,0,0,None,None,None,0,3000,1,0,22.7,0.1,Clear,1880.0,1860.7142857142858,1685,validated
REC_000650,M002,Red Fort,Delhi,New Delhi,Fort,2024-10-10,2024,10,3,0,0,None,None,None,0,3000,1,0,19.4,6.7,Clear,1685.0,1764.142857142857,1821,validated
REC_000651,M002,Red Fort,Delhi,New Delhi,Fort,2024-10-11,2024,10,4,0,1,Maha Navami,Navratri,High,0,3000,1,0,24.8,4.1,Haze,1821.0,1770.0,3000,validated
REC_000652,M002,Red Fort,Delhi,New Delhi,Fort,2024-10-12,2024,10,5,1,1,Dussehra,Dussehra,High,0,3000,1,0,22.9,3.2,Clear,3000.0,1957.7142857142858,3000,validated
REC_000653,M002,Red Fort,Delhi,New Delhi,Fort,2024-10-13,2024,10,6,1,0,None,None,None,0,3000,1,0,23.6,7.9,Clear,3000.0,1995.5714285714287,2456,validated
REC_000654,M002,Red Fort,Delhi,New Delhi,Fort,2024-10-14,2024,10,0,0,0,None,None,None,0,3000,0,1,24.8,0.9,Clear,2456.0,1977.4285714285713,0,validated
REC_000655,M002,Red Fort,Delhi,New Delhi,Fort,2024-10-15,2024,10,1,0,0,None,None,None,0,3000,1,0,27.1,0.5,Clear,0.0,1977.4285714285713,1821,validated
REC_000656,M002,Red Fort,Delhi,New Delhi,Fort,2024-10-16,2024,10,2,0,0,None,None,None,0,3000,1,0,16.7,1.4,Clear,1821.0,1969.0,1907,validated
REC_000657,M002,Red Fort,Delhi,New Delhi,Fort,2024-10-17,2024,10,3,0,0,None,None,None,0,3000,1,0,23.0,2.9,Clear,1907.0,2000.7142857142858,1904,validated
REC_000658,M002,Red Fort,Delhi,New Delhi,Fort,2024-10-18,2024,10,4,0,0,None,None,None,0,3000,1,0,23.4,4.5,Haze,1904.0,2012.5714285714287,1787,validated
REC_000659,M002,Red Fort,Delhi,New Delhi,Fort,2024-10-19,2024,10,5,1,0,None,None,None,0,3000,1,0,27.0,1.4,Clear,1787.0,1839.2857142857142,2865,validated
REC_000660,M002,Red Fort,Delhi,New Delhi,Fort,2024-10-20,2024,10,6,1,0,None,None,None,0,3000,1,0,23.3,2.6,Clear,2865.0,1820.0,2556,validated
REC_000661,M002,Red Fort,Delhi,New Delhi,Fort,2024-10-21,2024,10,0,0,0,None,None,None,0,3000,0,1,21.8,0.9,Clear,2556.0,1834.2857142857142,0,validated
REC_000662,M002,Red Fort,Delhi,New Delhi,Fort,2024-10-22,2024,10,1,0,0,None,None,None,0,3000,1,0,21.3,6.3,Haze,0.0,1834.2857142857142,1738,validated
REC_000663,M002,Red Fort,Delhi,New Delhi,Fort,2024-10-23,2024,10,2,0,0,None,None,None,0,3000,1,0,22.4,0.0,Clear,1738.0,1822.4285714285713,1877,validated
REC_000664,M002,Red Fort,Delhi,New Delhi,Fort,2024-10-24,2024,10,3,0,0,None,None,None,0,3000,1,0,25.5,0.3,Clear,1877.0,1818.142857142857,1864,validated
REC_000665,M002,Red Fort,Delhi,New Delhi,Fort,2024-10-25,2024,10,4,0,0,None,None,None,0,3000,1,0,26.1,2.9,Clear,1864.0,1812.4285714285713,1906,validated
REC_000666,M002,Red Fort,Delhi,New Delhi,Fort,2024-10-26,2024,10,5,1,0,None,None,None,0,3000,1,0,21.7,1.3,Haze,1906.0,1829.4285714285713,2637,validated
REC_000667,M002,Red Fort,Delhi,New Delhi,Fort,2024-10-27,2024,10,6,1,0,None,None,None,0,3000,1,0,19.1,0.1,Clear,2637.0,1796.857142857143,2396,validated
REC_000668,M002,Red Fort,Delhi,New Delhi,Fort,2024-10-28,2024,10,0,0,0,None,None,None,0,3000,0,1,24.3,5.9,Haze,2396.0,1774.0,0,validated
REC_000669,M002,Red Fort,Delhi,New Delhi,Fort,2024-10-29,2024,10,1,0,0,None,None,None,0,3000,1,0,23.6,6.2,Clear,0.0,1774.0,1758,validated
REC_000670,M002,Red Fort,Delhi,New Delhi,Fort,2024-10-30,2024,10,2,0,0,None,None,None,0,3000,1,0,23.3,1.4,Clear,1758.0,1776.857142857143,1783,validated
REC_000671,M002,Red Fort,Delhi,New Delhi,Fort,2024-10-31,2024,10,3,0,1,Diwali,Diwali,High,0,3000,1,0,24.2,0.2,Clear,1783.0,1763.4285714285713,2650,validated
REC_000672,M002,Red Fort,Delhi,New Delhi,Fort,2024-11-01,2024,11,4,0,1,Govardhan Puja,Diwali,High,0,3000,1,0,21.7,0.7,Clear,2650.0,1875.7142857142858,3000,validated
REC_000673,M002,Red Fort,Delhi,New Delhi,Fort,2024-11-02,2024,11,5,1,1,Bhai Dooj,Diwali,Medium,0,3000,1,0,26.1,4.7,Clear,3000.0,2032.0,3000,validated
REC_000674,M002,Red Fort,Delhi,New Delhi,Fort,2024-11-03,2024,11,6,1,0,None,None,None,0,3000,1,0,23.6,2.0,Clear,3000.0,2083.8571428571427,2873,validated
REC_000675,M002,Red Fort,Delhi,New Delhi,Fort,2024-11-04,2024,11,0,0,0,None,None,None,0,3000,0,1,27.6,2.1,Haze,2873.0,2152.0,0,validated
REC_000676,M002,Red Fort,Delhi,New Delhi,Fort,2024-11-05,2024,11,1,0,0,None,None,None,0,3000,1,0,24.0,1.2,Clear,0.0,2152.0,2268,validated
REC_000677,M002,Red Fort,Delhi,New Delhi,Fort,2024-11-06,2024,11,2,0,0,None,None,None,0,3000,1,0,22.1,2.3,Haze,2268.0,2224.8571428571427,2180,validated
REC_000678,M002,Red Fort,Delhi,New Delhi,Fort,2024-11-07,2024,11,3,0,0,None,None,None,0,3000,1,0,26.5,3.3,Clear,2180.0,2281.5714285714284,2220,validated
REC_000679,M002,Red Fort,Delhi,New Delhi,Fort,2024-11-08,2024,11,4,0,0,None,None,None,0,3000,1,0,20.5,3.0,Clear,2220.0,2220.1428571428573,2167,validated
REC_000680,M002,Red Fort,Delhi,New Delhi,Fort,2024-11-09,2024,11,5,1,0,None,None,None,0,3000,1,0,18.5,0.3,Clear,2167.0,2101.1428571428573,3000,validated
REC_000681,M002,Red Fort,Delhi,New Delhi,Fort,2024-11-10,2024,11,6,1,0,None,None,None,0,3000,1,0,22.1,0.6,Clear,3000.0,2101.1428571428573,3000,validated
REC_000682,M002,Red Fort,Delhi,New Delhi,Fort,2024-11-11,2024,11,0,0,0,None,None,None,0,3000,0,1,21.4,0.2,Clear,3000.0,2119.285714285714,0,validated
REC_000683,M002,Red Fort,Delhi,New Delhi,Fort,2024-11-12,2024,11,1,0,0,None,None,None,0,3000,1,0,27.4,0.6,Clear,0.0,2119.285714285714,2270,validated
REC_000684,M002,Red Fort,Delhi,New Delhi,Fort,2024-11-13,2024,11,2,0,0,None,None,None,0,3000,1,0,22.0,4.4,Clear,2270.0,2119.5714285714284,2135,validated
REC_000685,M002,Red Fort,Delhi,New Delhi,Fort,2024-11-14,2024,11,3,0,0,None,None,None,0,3000,1,0,26.3,6.7,Haze,2135.0,2113.1428571428573,2152,validated
REC_000686,M002,Red Fort,Delhi,New Delhi,Fort,2024-11-15,2024,11,4,0,1,Guru Nanak Jayanti,None,Medium,0,3000,1,0,29.9,1.0,Clear,2152.0,2103.4285714285716,2881,validated
REC_000687,M002,Red Fort,Delhi,New Delhi,Fort,2024-11-16,2024,11,5,1,0,None,None,None,0,3000,1,0,21.6,2.2,Clear,2881.0,2205.4285714285716,2966,validated
REC_000688,M002,Red Fort,Delhi,New Delhi,Fort,2024-11-17,2024,11,6,1,0,None,None,None,0,3000,1,0,27.2,0.2,Clear,2966.0,2200.5714285714284,3000,validated
REC_000689,M002,Red Fort,Delhi,New Delhi,Fort,2024-11-18,2024,11,0,0,0,None,None,None,0,3000,0,1,24.4,0.9,Clear,3000.0,2200.5714285714284,0,validated
REC_000690,M002,Red Fort,Delhi,New Delhi,Fort,2024-11-19,2024,11,1,0,0,None,None,None,0,3000,1,0,15.5,1.2,Haze,0.0,2200.5714285714284,2161,validated
REC_000691,M002,Red Fort,Delhi,New Delhi,Fort,2024-11-20,2024,11,2,0,0,None,None,None,0,3000,1,0,19.8,0.1,Clear,2161.0,2185.0,2007,validated
REC_000692,M002,Red Fort,Delhi,New Delhi,Fort,2024-11-21,2024,11,3,0,0,None,None,None,0,3000,1,0,27.7,3.8,Haze,2007.0,2166.714285714286,2125,validated
REC_000693,M002,Red Fort,Delhi,New Delhi,Fort,2024-11-22,2024,11,4,0,0,None,None,None,0,3000,1,0,22.9,4.2,Haze,2125.0,2162.8571428571427,2387,validated
REC_000694,M002,Red Fort,Delhi,New Delhi,Fort,2024-11-23,2024,11,5,1,0,None,None,None,0,3000,1,0,26.9,0.7,Haze,2387.0,2092.285714285714,3000,validated
REC_000695,M002,Red Fort,Delhi,New Delhi,Fort,2024-11-24,2024,11,6,1,0,None,None,None,0,3000,1,0,27.8,0.8,Clear,3000.0,2097.1428571428573,3000,validated
REC_000696,M002,Red Fort,Delhi,New Delhi,Fort,2024-11-25,2024,11,0,0,0,None,None,None,0,3000,0,1,28.6,0.4,Clear,3000.0,2097.1428571428573,0,validated
REC_000697,M002,Red Fort,Delhi,New Delhi,Fort,2024-11-26,2024,11,1,0,0,None,None,None,0,3000,1,0,21.7,0.7,Clear,0.0,2097.1428571428573,1971,validated
REC_000698,M002,Red Fort,Delhi,New Delhi,Fort,2024-11-27,2024,11,2,0,0,None,None,None,0,3000,1,0,24.4,3.6,Haze,1971.0,2070.0,1995,validated
REC_000699,M002,Red Fort,Delhi,New Delhi,Fort,2024-11-28,2024,11,3,0,0,None,None,None,0,3000,1,0,20.6,0.0,Haze,1995.0,2068.285714285714,2136,validated
REC_000700,M002,Red Fort,Delhi,New Delhi,Fort,2024-11-29,2024,11,4,0,0,None,None,None,0,3000,1,0,16.1,1.0,Clear,2136.0,2069.8571428571427,2151,validated
REC_000701,M002,Red Fort,Delhi,New Delhi,Fort,2024-11-30,2024,11,5,1,0,None,None,None,0,3000,1,0,24.0,1.2,Clear,2151.0,2036.142857142857,3000,validated
REC_000702,M002,Red Fort,Delhi,New Delhi,Fort,2024-12-01,2024,12,6,1,0,None,None,None,0,3000,1,0,14.5,0.6,Clear,3000.0,2036.142857142857,3000,validated
REC_000703,M002,Red Fort,Delhi,New Delhi,Fort,2024-12-02,2024,12,0,0,0,None,None,None,0,3000,0,1,17.9,5.6,Foggy,3000.0,2036.142857142857,0,validated
REC_000704,M002,Red Fort,Delhi,New Delhi,Fort,2024-12-03,2024,12,1,0,0,None,None,None,0,3000,1,0,13.4,0.5,Foggy,0.0,2036.142857142857,1962,validated
REC_000705,M002,Red Fort,Delhi,New Delhi,Fort,2024-12-04,2024,12,2,0,0,None,None,None,0,3000,1,0,16.5,1.1,Foggy,1962.0,2034.857142857143,1871,validated
REC_000706,M002,Red Fort,Delhi,New Delhi,Fort,2024-12-05,2024,12,3,0,0,None,None,None,0,3000,1,0,16.5,5.5,Clear,1871.0,2017.142857142857,2014,validated
REC_000707,M002,Red Fort,Delhi,New Delhi,Fort,2024-12-06,2024,12,4,0,0,None,None,None,0,3000,1,0,15.7,0.9,Clear,2014.0,1999.7142857142858,2233,validated
REC_000708,M002,Red Fort,Delhi,New Delhi,Fort,2024-12-07,2024,12,5,1,0,None,None,None,0,3000,1,0,13.0,0.4,Foggy,2233.0,2011.4285714285713,2793,validated
REC_000709,M002,Red Fort,Delhi,New Delhi,Fort,2024-12-08,2024,12,6,1,0,None,None,None,0,3000,1,0,18.2,1.0,Foggy,2793.0,1981.857142857143,2803,validated
REC_000710,M002,Red Fort,Delhi,New Delhi,Fort,2024-12-09,2024,12,0,0,0,None,None,None,0,3000,0,1,15.3,0.1,Clear,2803.0,1953.7142857142858,0,validated
REC_000711,M002,Red Fort,Delhi,New Delhi,Fort,2024-12-10,2024,12,1,0,0,None,None,None,0,3000,1,0,14.1,0.4,Foggy,0.0,1953.7142857142858,1976,validated
REC_000712,M002,Red Fort,Delhi,New Delhi,Fort,2024-12-11,2024,12,2,0,0,None,None,None,0,3000,1,0,11.5,2.3,Clear,1976.0,1955.7142857142858,2195,validated
REC_000713,M002,Red Fort,Delhi,New Delhi,Fort,2024-12-12,2024,12,3,0,0,None,None,None,0,3000,1,0,13.1,1.5,Clear,2195.0,2002.0,2033,validated
REC_000714,M002,Red Fort,Delhi,New Delhi,Fort,2024-12-13,2024,12,4,0,0,None,None,None,0,3000,1,0,16.1,0.6,Clear,2033.0,2004.7142857142858,2131,validated
REC_000715,M002,Red Fort,Delhi,New Delhi,Fort,2024-12-14,2024,12,5,1,0,None,None,None,0,3000,1,0,9.4,3.3,Clear,2131.0,1990.142857142857,2961,validated
REC_000716,M002,Red Fort,Delhi,New Delhi,Fort,2024-12-15,2024,12,6,1,0,None,None,None,0,3000,1,0,13.6,4.8,Clear,2961.0,2014.142857142857,3000,validated
REC_000717,M002,Red Fort,Delhi,New Delhi,Fort,2024-12-16,2024,12,0,0,0,None,None,None,0,3000,0,1,9.9,1.7,Foggy,3000.0,2042.2857142857142,0,validated
REC_000718,M002,Red Fort,Delhi,New Delhi,Fort,2024-12-17,2024,12,1,0,0,None,None,None,0,3000,1,0,16.1,0.9,Clear,0.0,2042.2857142857142,2093,validated
REC_000719,M002,Red Fort,Delhi,New Delhi,Fort,2024-12-18,2024,12,2,0,0,None,None,None,0,3000,1,0,12.6,0.3,Clear,2093.0,2059.0,2151,validated
REC_000720,M002,Red Fort,Delhi,New Delhi,Fort,2024-12-19,2024,12,3,0,0,None,None,None,0,3000,1,0,15.1,0.4,Clear,2151.0,2052.714285714286,2200,validated
REC_000721,M002,Red Fort,Delhi,New Delhi,Fort,2024-12-20,2024,12,4,0,0,None,None,None,0,3000,1,0,14.1,0.5,Clear,2200.0,2076.5714285714284,2195,validated
REC_000722,M002,Red Fort,Delhi,New Delhi,Fort,2024-12-21,2024,12,5,1,0,None,None,None,0,3000,1,0,12.2,1.5,Clear,2195.0,2085.714285714286,3000,validated
REC_000723,M002,Red Fort,Delhi,New Delhi,Fort,2024-12-22,2024,12,6,1,0,None,None,None,1,3000,1,0,15.4,3.6,Clear,3000.0,2091.285714285714,3000,validated
REC_000724,M002,Red Fort,Delhi,New Delhi,Fort,2024-12-23,2024,12,0,0,0,None,None,None,1,3000,0,1,14.1,5.7,Clear,3000.0,2091.285714285714,0,validated
REC_000725,M002,Red Fort,Delhi,New Delhi,Fort,2024-12-24,2024,12,1,0,0,None,None,None,1,3000,1,0,15.4,0.3,Clear,0.0,2091.285714285714,2364,validated
REC_000726,M002,Red Fort,Delhi,New Delhi,Fort,2024-12-25,2024,12,2,0,1,Christmas,Christmas,High,1,3000,1,0,16.1,1.5,Clear,2364.0,2130.0,3000,validated
REC_000727,M002,Red Fort,Delhi,New Delhi,Fort,2024-12-26,2024,12,3,0,0,None,None,None,1,3000,1,0,11.0,2.2,Clear,3000.0,2251.285714285714,2560,validated
REC_000728,M002,Red Fort,Delhi,New Delhi,Fort,2024-12-27,2024,12,4,0,0,None,None,None,1,3000,1,0,13.5,0.4,Clear,2560.0,2302.714285714286,2397,validated
REC_000729,M002,Red Fort,Delhi,New Delhi,Fort,2024-12-28,2024,12,5,1,0,None,None,None,1,3000,1,0,11.3,2.8,Clear,2397.0,2331.5714285714284,3000,validated
REC_000730,M002,Red Fort,Delhi,New Delhi,Fort,2024-12-29,2024,12,6,1,0,None,None,None,1,3000,1,0,11.8,0.0,Clear,3000.0,2331.5714285714284,3000,validated
REC_000731,M002,Red Fort,Delhi,New Delhi,Fort,2024-12-30,2024,12,0,0,0,None,None,None,1,3000,0,1,14.8,0.5,Clear,3000.0,2331.5714285714284,0,validated
REC_000732,M002,Red Fort,Delhi,New Delhi,Fort,2024-12-31,2024,12,1,0,0,None,None,None,1,3000,1,0,10.6,2.1,Clear,0.0,2331.5714285714284,2284,validated
REC_000733,M003,Gateway of India,Maharashtra,Mumbai,Monument,2024-01-01,2024,1,0,0,1,New Year's Day,None,Low,0,2000,1,0,28.2,0.4,Cloudy,,,1923,validated
REC_000734,M003,Gateway of India,Maharashtra,Mumbai,Monument,2024-01-02,2024,1,1,0,0,None,None,None,0,2000,1,0,28.8,0.4,Clear,1923.0,1923.0,1376,validated
REC_000735,M003,Gateway of India,Maharashtra,Mumbai,Monument,2024-01-03,2024,1,2,0,0,None,None,None,0,2000,1,0,26.6,2.5,Clear,1376.0,1649.5,1450,validated
REC_000736,M003,Gateway of India,Maharashtra,Mumbai,Monument,2024-01-04,2024,1,3,0,0,None,None,None,0,2000,1,0,24.9,0.0,Clear,1450.0,1583.0,1497,validated
REC_000737,M003,Gateway of India,Maharashtra,Mumbai,Monument,2024-01-05,2024,1,4,0,0,None,None,None,0,2000,1,0,28.4,0.3,Cloudy,1497.0,1561.5,1480,validated
REC_000738,M003,Gateway of India,Maharashtra,Mumbai,Monument,2024-01-06,2024,1,5,1,0,None,None,None,0,2000,1,0,24.9,0.9,Clear,1480.0,1545.2,2000,validated
REC_000739,M003,Gateway of India,Maharashtra,Mumbai,Monument,2024-01-07,2024,1,6,1,0,None,None,None,0,2000,1,0,26.4,0.4,Cloudy,2000.0,1621.0,2000,validated
REC_000740,M003,Gateway of India,Maharashtra,Mumbai,Monument,2024-01-08,2024,1,0,0,0,None,None,None,0,2000,1,0,30.8,0.6,Clear,2000.0,1675.142857142857,1464,validated
REC_000741,M003,Gateway of India,Maharashtra,Mumbai,Monument,2024-01-09,2024,1,1,0,0,None,None,None,0,2000,1,0,28.8,0.2,Clear,1464.0,1609.5714285714287,1395,validated
REC_000742,M003,Gateway of India,Maharashtra,Mumbai,Monument,2024-01-10,2024,1,2,0,0,None,None,None,0,2000,1,0,27.3,0.1,Clear,1395.0,1612.2857142857142,1528,validated
REC_000743,M003,Gateway of India,Maharashtra,Mumbai,Monument,2024-01-11,2024,1,3,0,0,None,None,None,0,2000,1,0,28.0,0.5,Cloudy,1528.0,1623.4285714285713,1548,validated
REC_000744,M003,Gateway of India,Maharashtra,Mumbai,Monument,2024-01-12,2024,1,4,0,0,None,None,None,0,2000,1,0,27.0,1.2,Cloudy,1548.0,1630.7142857142858,1566,validated
REC_000745,M003,Gateway of India,Maharashtra,Mumbai,Monument,2024-01-13,2024,1,5,1,0,None,None,None,0,2000,1,0,26.1,2.1,Clear,1566.0,1643.0,2000,validated
REC_000746,M003,Gateway of India,Maharashtra,Mumbai,Monument,2024-01-14,2024,1,6,1,1,Makar Sankranti,Pongal,High,0,2000,1,0,26.9,0.0,Clear,2000.0,1643.0,2000,validated
REC_000747,M003,Gateway of India,Maharashtra,Mumbai,Monument,2024-01-15,2024,1,0,0,1,Pongal,Pongal,High,0,2000,1,0,29.4,0.1,Cloudy,2000.0,1643.0,2000,validated
REC_000748,M003,Gateway of India,Maharashtra,Mumbai,Monument,2024-01-16,2024,1,1,0,0,None,None,None,0,2000,1,0,26.5,0.4,Clear,2000.0,1719.5714285714287,1418,validated
REC_000749,M003,Gateway of India,Maharashtra,Mumbai,Monument,2024-01-17,2024,1,2,0,0,None,None,None,0,2000,1,0,30.4,1.9,Clear,1418.0,1722.857142857143,1556,validated
REC_000750,M003,Gateway of India,Maharashtra,Mumbai,Monument,2024-01-18,2024,1,3,0,0,None,None,None,0,2000,1,0,25.9,1.2,Cloudy,1556.0,1726.857142857143,1405,validated
REC_000751,M003,Gateway of India,Maharashtra,Mumbai,Monument,2024-01-19,2024,1,4,0,0,None,None,None,0,2000,1,0,27.1,2.3,Cloudy,1405.0,1706.4285714285713,1410,validated
REC_000752,M003,Gateway of India,Maharashtra,Mumbai,Monument,2024-01-20,2024,1,5,1,0,None,None,None,0,2000,1,0,30.9,1.1,Clear,1410.0,1684.142857142857,1981,validated
REC_000753,M003,Gateway of India,Maharashtra,Mumbai,Monument,2024-01-21,2024,1,6,1,0,None,None,None,0,2000,1,0,31.6,0.2,Cloudy,1981.0,1681.4285714285713,2000,validated
REC_000754,M003,Gateway of India,Maharashtra,Mumbai,Monument,2024-01-22,2024,1,0,0,0,None,None,None,0,2000,1,0,29.1,0.0,Clear,2000.0,1681.4285714285713,1502,validated
REC_000755,M003,Gateway of India,Maharashtra,Mumbai,Monument,2024-01-23,2024,1,1,0,0,None,None,None,0,2000,1,0,24.8,1.3,Cloudy,1502.0,1610.2857142857142,1554,validated
REC_000756,M003,Gateway of India,Maharashtra,Mumbai,Monument,2024-01-24,2024,1,2,0,0,None,None,None,0,2000,1,0,28.1,0.7,Clear,1554.0,1629.7142857142858,1423,validated
REC_000757,M003,Gateway of India,Maharashtra,Mumbai,Monument,2024-01-25,2024,1,3,0,0,None,None,None,0,2000,1,0,30.2,0.6,Cloudy,1423.0,1610.7142857142858,1569,validated
REC_000758,M003,Gateway of India,Maharashtra,Mumbai,Monument,2024-01-26,2024,1,4,0,1,Republic Day,None,High,0,2000,1,0,30.2,2.0,Clear,1569.0,1634.142857142857,2000,validated
REC_000759,M003,Gateway of India,Maharashtra,Mumbai,Monument,2024-01-27,2024,1,5,1,0,None,None,None,0,2000,1,0,26.9,0.4,Clear,2000.0,1718.4285714285713,2000,validated
REC_000760,M003,Gateway of India,Maharashtra,Mumbai,Monument,2024-01-28,2024,1,6,1,0,None,None,None,0,2000,1,0,30.1,0.8,Cloudy,2000.0,1721.142857142857,2000,validated
REC_000761,M003,Gateway of India,Maharashtra,Mumbai,Monument,2024-01-29,2024,1,0,0,0,None,None,None,0,2000,1,0,23.2,0.2,Cloudy,2000.0,1721.142857142857,1489,validated
REC_000762,M003,Gateway of India,Maharashtra,Mumbai,Monument,2024-01-30,2024,1,1,0,0,None,None,None,0,2000,1,0,26.6,0.0,Cloudy,1489.0,1719.2857142857142,1602,validated
REC_000763,M003,Gateway of India,Maharashtra,Mumbai,Monument,2024-01-31,2024,1,2,0,0,None,None,None,0,2000,1,0,27.9,0.3,Cloudy,1602.0,1726.142857142857,1528,validated
REC_000764,M003,Gateway of India,Maharashtra,Mumbai,Monument,2024-02-01,2024,2,3,0,0,None,None,None,0,2000,1,0,28.4,3.4,Clear,1528.0,1741.142857142857,1593,validated
REC_000765,M003,Gateway of India,Maharashtra,Mumbai,Monument,2024-02-02,2024,2,4,0,0,None,None,None,0,2000,1,0,31.6,2.0,Clear,1593.0,1744.5714285714287,1497,validated
REC_000766,M003,Gateway of India,Maharashtra,Mumbai,Monument,2024-02-03,2024,2,5,1,0,None,None,None,0,2000,1,0,28.5,0.5,Clear,1497.0,1672.7142857142858,2000,validated
REC_000767,M003,Gateway of India,Maharashtra,Mumbai,Monument,2024-02-04,2024,2,6,1,0,None,None,None,0,2000,1,0,25.8,2.1,Clear,2000.0,1672.7142857142858,2000,validated
REC_000768,M003,Gateway of India,Maharashtra,Mumbai,Monument,2024-02-05,2024,2,0,0,0,None,None,None,0,2000,1,0,26.7,1.0,Clear,2000.0,1672.7142857142858,1552,validated
REC_000769,M003,Gateway of India,Maharashtra,Mumbai,Monument,2024-02-06,2024,2,1,0,0,None,None,None,0,2000,1,0,28.1,0.3,Clear,1552.0,1681.7142857142858,1447,validated
REC_000770,M003,Gateway of India,Maharashtra,Mumbai,Monument,2024-02-07,2024,2,2,0,0,None,None,None,0,2000,1,0,30.5,0.4,Cloudy,1447.0,1659.5714285714287,1381,validated
REC_000771,M003,Gateway of India,Maharashtra,Mumbai,Monument,2024-02-08,2024,2,3,0,0,None,None,None,0,2000,1,0,26.6,1.5,Clear,1381.0,1638.5714285714287,1483,validated
REC_000772,M003,Gateway of India,Maharashtra,Mumbai,Monument,2024-02-09,2024,2,4,0,0,None,None,None,0,2000,1,0,31.6,0.4,Clear,1483.0,1622.857142857143,1445,validated
REC_000773,M003,Gateway of India,Maharashtra,Mumbai,Monument,2024-02-10,2024,2,5,1,0,None,None,None,0,2000,1,0,29.1,1.0,Clear,1445.0,1615.4285714285713,2000,validated
REC_000774,M003,Gateway of India,Maharashtra,Mumbai,Monument,2024-02-11,2024,2,6,1,0,None,None,None,0,2000,1,0,25.6,0.5,Cloudy,2000.0,1615.4285714285713,2000,validated
REC_000775,M003,Gateway of India,Maharashtra,Mumbai,Monument,2024-02-12,2024,2,0,0,0,None,None,None,0,2000,1,0,27.4,0.3,Clear,2000.0,1615.4285714285713,1455,validated
REC_000776,M003,Gateway of India,Maharashtra,Mumbai,Monument,2024-02-13,2024,2,1,0,0,None,None,None,0,2000,1,0,25.3,3.5,Clear,1455.0,1601.5714285714287,1500,validated
REC_000777,M003,Gateway of India,Maharashtra,Mumbai,Monument,2024-02-14,2024,2,2,0,0,None,None,None,0,2000,1,0,31.0,1.2,Clear,1500.0,1609.142857142857,1449,validated
REC_000778,M003,Gateway of India,Maharashtra,Mumbai,Monument,2024-02-15,2024,2,3,0,0,None,None,None,0,2000,1,0,25.8,0.3,Clear,1449.0,1618.857142857143,1370,validated
REC_000779,M003,Gateway of India,Maharashtra,Mumbai,Monument,2024-02-16,2024,2,4,0,0,None,None,None,0,2000,1,0,24.5,0.3,Clear,1370.0,1602.7142857142858,1485,validated
REC_000780,M003,Gateway of India,Maharashtra,Mumbai,Monument,2024-02-17,2024,2,5,1,0,None,None,None,0,2000,1,0,28.2,0.1,Clear,1485.0,1608.4285714285713,2000,validated
REC_000781,M003,Gateway of India,Maharashtra,Mumbai,Monument,2024-02-18,2024,2,6,1,0,None,None,None,0,2000,1,0,27.8,0.1,Clear,2000.0,1608.4285714285713,2000,validated
REC_000782,M003,Gateway of India,Maharashtra,Mumbai,Monument,2024-02-19,2024,2,0,0,0,None,None,None,0,2000,1,0,31.0,0.3,Clear,2000.0,1608.4285714285713,1588,validated
REC_000783,M003,Gateway of India,Maharashtra,Mumbai,Monument,2024-02-20,2024,2,1,0,0,None,None,None,0,2000,1,0,30.4,0.9,Clear,1588.0,1627.4285714285713,1570,validated
REC_000784,M003,Gateway of India,Maharashtra,Mumbai,Monument,2024-02-21,2024,2,2,0,0,None,None,None,0,2000,1,0,29.3,2.0,Cloudy,1570.0,1637.4285714285713,1380,validated
REC_000785,M003,Gateway of India,Maharashtra,Mumbai,Monument,2024-02-22,2024,2,3,0,0,None,None,None,0,2000,1,0,27.6,0.9,Cloudy,1380.0,1627.5714285714287,1515,validated
REC_000786,M003,Gateway of India,Maharashtra,Mumbai,Monument,2024-02-23,2024,2,4,0,0,None,None,None,0,2000,1,0,26.3,0.0,Clear,1515.0,1648.2857142857142,1621,validated
REC_000787,M003,Gateway of India,Maharashtra,Mumbai,Monument,2024-02-24,2024,2,5,1,0,None,None,None,0,2000,1,0,27.3,3.2,Clear,1621.0,1667.7142857142858,1991,validated
REC_000788,M003,Gateway of India,Maharashtra,Mumbai,Monument,2024-02-25,2024,2,6,1,0,None,None,None,0,2000,1,0,27.2,1.1,Cloudy,1991.0,1666.4285714285713,2000,validated
REC_000789,M003,Gateway of India,Maharashtra,Mumbai,Monument,2024-02-26,2024,2,0,0,0,None,None,None,0,2000,1,0,26.3,1.4,Cloudy,2000.0,1666.4285714285713,1484,validated
REC_000790,M003,Gateway of India,Maharashtra,Mumbai,Monument,2024-02-27,2024,2,1,0,0,None,None,None,0,2000,1,0,24.8,0.6,Cloudy,1484.0,1651.5714285714287,1462,validated
REC_000791,M003,Gateway of India,Maharashtra,Mumbai,Monument,2024-02-28,2024,2,2,0,0,None,None,None,0,2000,1,0,28.0,1.0,Clear,1462.0,1636.142857142857,1488,validated
REC_000792,M003,Gateway of India,Maharashtra,Mumbai,Monument,2024-02-29,2024,2,3,0,0,None,None,None,0,2000,1,0,29.6,0.1,Clear,1488.0,1651.5714285714287,1422,validated
REC_000793,M003,Gateway of India,Maharashtra,Mumbai,Monument,2024-03-01,2024,3,4,0,0,None,None,None,0,2000,1,0,28.7,0.0,Clear,1422.0,1638.2857142857142,1336,validated
REC_000794,M003,Gateway of India,Maharashtra,Mumbai,Monument,2024-03-02,2024,3,5,1,0,None,None,None,0,2000,1,0,26.6,0.3,Clear,1336.0,1597.5714285714287,1802,validated
REC_000795,M003,Gateway of India,Maharashtra,Mumbai,Monument,2024-03-03,2024,3,6,1,0,None,None,None,0,2000,1,0,31.4,0.9,Clear,1802.0,1570.5714285714287,1856,validated
REC_000796,M003,Gateway of India,Maharashtra,Mumbai,Monument,2024-03-04,2024,3,0,0,0,None,None,None,0,2000,1,0,28.8,1.7,Cloudy,1856.0,1550.0,1329,validated
REC_000797,M003,Gateway of India,Maharashtra,Mumbai,Monument,2024-03-05,2024,3,1,0,0,None,None,None,0,2000,1,0,25.2,1.0,Cloudy,1329.0,1527.857142857143,1313,validated
REC_000798,M003,Gateway of India,Maharashtra,Mumbai,Monument,2024-03-06,2024,3,2,0,0,None,None,None,0,2000,1,0,28.3,0.1,Clear,1313.0,1506.5714285714287,1411,validated
REC_000799,M003,Gateway of India,Maharashtra,Mumbai,Monument,2024-03-07,2024,3,3,0,0,None,None,None,0,2000,1,0,28.3,0.8,Clear,1411.0,1495.5714285714287,1349,validated
REC_000800,M003,Gateway of India,Maharashtra,Mumbai,Monument,2024-03-08,2024,3,4,0,1,Maha Shivratri,Shivratri,Medium,0,2000,1,0,29.6,1.1,Cloudy,1349.0,1485.142857142857,1667,validated
REC_000801,M003,Gateway of India,Maharashtra,Mumbai,Monument,2024-03-09,2024,3,5,1,0,None,None,None,0,2000,1,0,32.3,0.3,Cloudy,1667.0,1532.4285714285713,1814,validated
REC_000802,M003,Gateway of India,Maharashtra,Mumbai,Monument,2024-03-10,2024,3,6,1,0,None,None,None,0,2000,1,0,24.8,1.0,Cloudy,1814.0,1534.142857142857,1693,validated
REC_000803,M003,Gateway of India,Maharashtra,Mumbai,Monument,2024-03-11,2024,3,0,0,0,None,None,None,0,2000,1,0,27.0,0.0,Clear,1693.0,1510.857142857143,1184,validated
REC_000804,M003,Gateway of India,Maharashtra,Mumbai,Monument,2024-03-12,2024,3,1,0,0,None,None,None,0,2000,1,0,26.6,0.7,Cloudy,1184.0,1490.142857142857,1300,validated
REC_000805,M003,Gateway of India,Maharashtra,Mumbai,Monument,2024-03-13,2024,3,2,0,0,None,None,None,0,2000,1,0,28.5,0.5,Clear,1300.0,1488.2857142857142,1275,validated
REC_000806,M003,Gateway of India,Maharashtra,Mumbai,Monument,2024-03-14,2024,3,3,0,0,None,None,None,0,2000,1,0,26.6,0.2,Clear,1275.0,1468.857142857143,1267,validated
REC_000807,M003,Gateway of India,Maharashtra,Mumbai,Monument,2024-03-15,2024,3,4,0,0,None,None,None,0,2000,1,0,29.1,2.1,Cloudy,1267.0,1457.142857142857,1232,validated
REC_000808,M003,Gateway of India,Maharashtra,Mumbai,Monument,2024-03-16,2024,3,5,1,0,None,None,None,0,2000,1,0,26.6,0.3,Clear,1232.0,1395.0,1916,validated
REC_000809,M003,Gateway of India,Maharashtra,Mumbai,Monument,2024-03-17,2024,3,6,1,0,None,None,None,0,2000,1,0,28.2,0.8,Clear,1916.0,1409.5714285714287,1728,validated
REC_000810,M003,Gateway of India,Maharashtra,Mumbai,Monument,2024-03-18,2024,3,0,0,0,None,None,None,0,2000,0,1,30.1,1.6,Clear,1728.0,1414.5714285714287,0,validated
REC_000811,M003,Gateway of India,Maharashtra,Mumbai,Monument,2024-03-19,2024,3,1,0,0,None,None,None,0,2000,1,0,27.1,2.5,Cloudy,0.0,1245.4285714285713,1225,validated
REC_000812,M003,Gateway of India,Maharashtra,Mumbai,Monument,2024-03-20,2024,3,2,0,0,None,None,None,0,2000,1,0,25.3,0.7,Cloudy,1225.0,1234.7142857142858,1369,validated
REC_000813,M003,Gateway of India,Maharashtra,Mumbai,Monument,2024-03-21,2024,3,3,0,0,None,None,None,0,2000,1,0,23.7,0.7,Clear,1369.0,1248.142857142857,1327,validated
REC_000814,M003,Gateway of India,Maharashtra,Mumbai,Monument,2024-03-22,2024,3,4,0,0,None,None,None,0,2000,1,0,29.7,1.8,Cloudy,1327.0,1256.7142857142858,1274,validated
REC_000815,M003,Gateway of India,Maharashtra,Mumbai,Monument,2024-03-23,2024,3,5,1,0,None,None,None,0,2000,1,0,31.2,0.9,Clear,1274.0,1262.7142857142858,1791,validated
REC_000816,M003,Gateway of India,Maharashtra,Mumbai,Monument,2024-03-24,2024,3,6,1,0,None,None,None,0,2000,1,0,29.1,1.2,Clear,1791.0,1244.857142857143,1895,validated
REC_000817,M003,Gateway of India,Maharashtra,Mumbai,Monument,2024-03-25,2024,3,0,0,1,Holi,Holi,High,0,2000,1,0,31.5,0.2,Clear,1895.0,1268.7142857142858,1986,validated
REC_000818,M003,Gateway of India,Maharashtra,Mumbai,Monument,2024-03-26,2024,3,1,0,0,None,None,None,0,2000,1,0,28.8,0.4,Clear,1986.0,1552.4285714285713,1306,validated
REC_000819,M003,Gateway of India,Maharashtra,Mumbai,Monument,2024-03-27,2024,3,2,0,0,None,None,None,0,2000,1,0,24.9,0.9,Clear,1306.0,1564.0,1290,validated
REC_000820,M003,Gateway of India,Maharashtra,Mumbai,Monument,2024-03-28,2024,3,3,0,0,None,None,None,0,2000,1,0,26.8,0.3,Clear,1290.0,1552.7142857142858,1307,validated
REC_000821,M003,Gateway of India,Maharashtra,Mumbai,Monument,2024-03-29,2024,3,4,0,1,Good Friday,None,Low,0,2000,1,0,28.9,0.8,Clear,1307.0,1549.857142857143,1734,validated
REC_000822,M003,Gateway of India,Maharashtra,Mumbai,Monument,2024-03-30,2024,3,5,1,0,None,None,None,0,2000,1,0,23.3,1.2,Cloudy,1734.0,1615.5714285714287,1885,validated
REC_000823,M003,Gateway of India,Maharashtra,Mumbai,Monument,2024-03-31,2024,3,6,1,0,None,None,None,0,2000,1,0,25.4,0.5,Cloudy,1885.0,1629.0,1936,validated
REC_000824,M003,Gateway of India,Maharashtra,Mumbai,Monument,2024-04-01,2024,4,0,0,0,None,None,None,0,2000,1,0,32.4,0.1,Clear,1936.0,1634.857142857143,1278,validated
REC_000825,M003,Gateway of India,Maharashtra,Mumbai,Monument,2024-04-02,2024,4,1,0,0,None,None,None,0,2000,1,0,26.4,0.2,Clear,1278.0,1533.7142857142858,1269,validated
REC_000826,M003,Gateway of India,Maharashtra,Mumbai,Monument,2024-04-03,2024,4,2,0,0,None,None,None,0,2000,1,0,25.4,2.3,Clear,1269.0,1528.4285714285713,1125,validated
REC_000827,M003,Gateway of India,Maharashtra,Mumbai,Monument,2024-04-04,2024,4,3,0,0,None,None,None,0,2000,1,0,28.5,0.0,Cloudy,1125.0,1504.857142857143,1297,validated
REC_000828,M003,Gateway of India,Maharashtra,Mumbai,Monument,2024-04-05,2024,4,4,0,0,None,None,None,0,2000,1,0,26.5,0.8,Clear,1297.0,1503.4285714285713,1228,validated
REC_000829,M003,Gateway of India,Maharashtra,Mumbai,Monument,2024-04-06,2024,4,5,1,0,None,None,None,0,2000,1,0,29.7,0.0,Cloudy,1228.0,1431.142857142857,2000,validated
REC_000830,M003,Gateway of India,Maharashtra,Mumbai,Monument,2024-04-07,2024,4,6,1,0,None,None,None,0,2000,1,0,28.3,1.7,Cloudy,2000.0,1447.5714285714287,1688,validated
REC_000831,M003,Gateway of India,Maharashtra,Mumbai,Monument,2024-04-08,2024,4,0,0,0,None,None,None,0,2000,1,0,27.6,1.6,Clear,1688.0,1412.142857142857,1321,validated
REC_000832,M003,Gateway of India,Maharashtra,Mumbai,Monument,2024-04-09,2024,4,1,0,1,Ugadi / Gudi Padwa,Ugadi,Medium,0,2000,1,0,27.4,2.1,Clear,1321.0,1418.2857142857142,1674,validated
REC_000833,M003,Gateway of India,Maharashtra,Mumbai,Monument,2024-04-10,2024,4,2,0,0,None,None,None,0,2000,1,0,26.6,1.6,Cloudy,1674.0,1476.142857142857,1282,validated
REC_000834,M003,Gateway of India,Maharashtra,Mumbai,Monument,2024-04-11,2024,4,3,0,1,Eid-ul-Fitr,Eid,High,0,2000,1,0,29.9,0.8,Cloudy,1282.0,1498.5714285714287,2000,validated
REC_000835,M003,Gateway of India,Maharashtra,Mumbai,Monument,2024-04-12,2024,4,4,0,0,None,None,None,0,2000,1,0,26.9,0.1,Clear,2000.0,1599.0,1280,validated
REC_000836,M003,Gateway of India,Maharashtra,Mumbai,Monument,2024-04-13,2024,4,5,1,0,None,None,None,0,2000,1,0,30.7,5.9,Clear,1280.0,1606.4285714285713,1783,validated
REC_000837,M003,Gateway of India,Maharashtra,Mumbai,Monument,2024-04-14,2024,4,6,1,0,None,None,None,0,2000,1,0,26.6,0.4,Clear,1783.0,1575.4285714285713,1867,validated
REC_000838,M003,Gateway of India,Maharashtra,Mumbai,Monument,2024-04-15,2024,4,0,0,0,None,None,None,0,2000,1,0,26.8,0.6,Cloudy,1867.0,1601.0,1383,validated
REC_000839,M003,Gateway of India,Maharashtra,Mumbai,Monument,2024-04-16,2024,4,1,0,0,None,None,None,0,2000,1,0,29.9,0.0,Clear,1383.0,1609.857142857143,1286,validated
REC_000840,M003,Gateway of India,Maharashtra,Mumbai,Monument,2024-04-17,2024,4,2,0,1,Ram Navami,Ram Navami,Medium,0,2000,1,0,32.2,0.0,Cloudy,1286.0,1554.4285714285713,1712,validated
REC_000841,M003,Gateway of India,Maharashtra,Mumbai,Monument,2024-04-18,2024,4,3,0,0,None,None,None,0,2000,1,0,31.0,0.1,Cloudy,1712.0,1615.857142857143,1390,validated
REC_000842,M003,Gateway of India,Maharashtra,Mumbai,Monument,2024-04-19,2024,4,4,0,0,None,None,None,0,2000,1,0,28.8,1.4,Cloudy,1390.0,1528.7142857142858,1225,validated
REC_000843,M003,Gateway of India,Maharashtra,Mumbai,Monument,2024-04-20,2024,4,5,1,0,None,None,None,0,2000,1,0,28.1,1.1,Clear,1225.0,1520.857142857143,1817,validated
REC_000844,M003,Gateway of India,Maharashtra,Mumbai,Monument,2024-04-21,2024,4,6,1,1,Mahavir Jayanti,None,Low,0,2000,1,0,29.1,0.2,Cloudy,1817.0,1525.7142857142858,2000,validated
REC_000845,M003,Gateway of India,Maharashtra,Mumbai,Monument,2024-04-22,2024,4,0,0,0,None,None,None,0,2000,1,0,28.4,1.4,Clear,2000.0,1544.7142857142858,1350,validated
REC_000846,M003,Gateway of India,Maharashtra,Mumbai,Monument,2024-04-23,2024,4,1,0,0,None,None,None,0,2000,1,0,28.6,0.9,Clear,1350.0,1540.0,1293,validated
REC_000847,M003,Gateway of India,Maharashtra,Mumbai,Monument,2024-04-24,2024,4,2,0,0,None,None,None,0,2000,1,0,25.6,1.3,Clear,1293.0,1541.0,1259,validated
REC_000848,M003,Gateway of India,Maharashtra,Mumbai,Monument,2024-04-25,2024,4,3,0,0,None,None,None,0,2000,1,0,26.0,0.3,Clear,1259.0,1476.2857142857142,1355,validated
REC_000849,M003,Gateway of India,Maharashtra,Mumbai,Monument,2024-04-26,2024,4,4,0,0,None,None,None,0,2000,1,0,27.7,0.7,Clear,1355.0,1471.2857142857142,1314,validated
REC_000850,M003,Gateway of India,Maharashtra,Mumbai,Monument,2024-04-27,2024,4,5,1,0,None,None,None,0,2000,1,0,27.0,0.5,Cloudy,1314.0,1484.0,1989,validated
REC_000851,M003,Gateway of India,Maharashtra,Mumbai,Monument,2024-04-28,2024,4,6,1,0,None,None,None,0,2000,1,0,29.2,0.3,Clear,1989.0,1508.5714285714287,1894,validated
REC_000852,M003,Gateway of India,Maharashtra,Mumbai,Monument,2024-04-29,2024,4,0,0,0,None,None,None,0,2000,1,0,27.9,1.0,Clear,1894.0,1493.4285714285713,1246,validated
REC_000853,M003,Gateway of India,Maharashtra,Mumbai,Monument,2024-04-30,2024,4,1,0,0,None,None,None,0,2000,1,0,26.8,1.2,Clear,1246.0,1478.5714285714287,1200,validated
REC_000854,M003,Gateway of India,Maharashtra,Mumbai,Monument,2024-05-01,2024,5,2,0,0,None,None,None,1,2000,1,0,29.2,1.1,Cloudy,1200.0,1465.2857142857142,1316,validated
REC_000855,M003,Gateway of India,Maharashtra,Mumbai,Monument,2024-05-02,2024,5,3,0,0,None,None,None,1,2000,1,0,29.5,0.2,Clear,1316.0,1473.4285714285713,1210,validated
REC_000856,M003,Gateway of India,Maharashtra,Mumbai,Monument,2024-05-03,2024,5,4,0,0,None,None,None,1,2000,1,0,30.9,0.6,Clear,1210.0,1452.7142857142858,1249,validated
REC_000857,M003,Gateway of India,Maharashtra,Mumbai,Monument,2024-05-04,2024,5,5,1,0,None,None,None,1,2000,1,0,29.0,0.8,Clear,1249.0,1443.4285714285713,1728,validated
REC_000858,M003,Gateway of India,Maharashtra,Mumbai,Monument,2024-05-05,2024,5,6,1,0,None,None,None,1,2000,1,0,30.3,2.3,Cloudy,1728.0,1406.142857142857,1904,validated
REC_000859,M003,Gateway of India,Maharashtra,Mumbai,Monument,2024-05-06,2024,5,0,0,0,None,None,None,1,2000,1,0,27.4,5.6,Cloudy,1904.0,1407.5714285714287,1240,validated
REC_000860,M003,Gateway of India,Maharashtra,Mumbai,Monument,2024-05-07,2024,5,1,0,0,None,None,None,1,2000,1,0,29.3,0.9,Clear,1240.0,1406.7142857142858,1344,validated
REC_000861,M003,Gateway of India,Maharashtra,Mumbai,Monument,2024-05-08,2024,5,2,0,0,None,None,None,1,2000,1,0,26.4,1.6,Cloudy,1344.0,1427.2857142857142,1264,validated
REC_000862,M003,Gateway of India,Maharashtra,Mumbai,Monument,2024-05-09,2024,5,3,0,0,None,None,None,1,2000,1,0,27.0,0.1,Clear,1264.0,1419.857142857143,1347,validated
REC_000863,M003,Gateway of India,Maharashtra,Mumbai,Monument,2024-05-10,2024,5,4,0,0,None,None,None,1,2000,1,0,26.8,0.8,Clear,1347.0,1439.4285714285713,1194,validated
REC_000864,M003,Gateway of India,Maharashtra,Mumbai,Monument,2024-05-11,2024,5,5,1,0,None,None,None,1,2000,1,0,29.4,0.0,Cloudy,1194.0,1431.5714285714287,1965,validated
REC_000865,M003,Gateway of India,Maharashtra,Mumbai,Monument,2024-05-12,2024,5,6,1,0,None,None,None,1,2000,1,0,29.3,0.0,Cloudy,1965.0,1465.4285714285713,1941,validated
REC_000866,M003,Gateway of India,Maharashtra,Mumbai,Monument,2024-05-13,2024,5,0,0,0,None,None,None,1,2000,1,0,32.0,1.0,Cloudy,1941.0,1470.7142857142858,1374,validated
REC_000867,M003,Gateway of India,Maharashtra,Mumbai,Monument,2024-05-14,2024,5,1,0,0,None,None,None,1,2000,1,0,31.5,4.7,Cloudy,1374.0,1489.857142857143,1383,validated
REC_000868,M003,Gateway of India,Maharashtra,Mumbai,Monument,2024-05-15,2024,5,2,0,0,None,None,None,1,2000,1,0,27.0,0.5,Clear,1383.0,1495.4285714285713,1315,validated
REC_000869,M003,Gateway of India,Maharashtra,Mumbai,Monument,2024-05-16,2024,5,3,0,0,None,None,None,1,2000,1,0,28.3,2.6,Clear,1315.0,1502.7142857142858,1177,validated
REC_000870,M003,Gateway of India,Maharashtra,Mumbai,Monument,2024-05-17,2024,5,4,0,0,None,None,None,1,2000,1,0,28.3,5.4,Cloudy,1177.0,1478.4285714285713,1341,validated
REC_000871,M003,Gateway of India,Maharashtra,Mumbai,Monument,2024-05-18,2024,5,5,1,0,None,None,None,1,2000,1,0,29.1,1.3,Clear,1341.0,1499.4285714285713,1836,validated
REC_000872,M003,Gateway of India,Maharashtra,Mumbai,Monument,2024-05-19,2024,5,6,1,0,None,None,None,1,2000,1,0,26.7,1.1,Clear,1836.0,1481.0,1894,validated
REC_000873,M003,Gateway of India,Maharashtra,Mumbai,Monument,2024-05-20,2024,5,0,0,0,None,None,None,1,2000,1,0,27.7,0.2,Clear,1894.0,1474.2857142857142,1341,validated
REC_000874,M003,Gateway of India,Maharashtra,Mumbai,Monument,2024-05-21,2024,5,1,0,0,None,None,None,1,2000,1,0,30.2,1.0,Clear,1341.0,1469.5714285714287,1296,validated
REC_000875,M003,Gateway of India,Maharashtra,Mumbai,Monument,2024-05-22,2024,5,2,0,0,None,None,None,1,2000,1,0,26.0,0.9,Clear,1296.0,1457.142857142857,1245,validated
REC_000876,M003,Gateway of India,Maharashtra,Mumbai,Monument,2024-05-23,2024,5,3,0,1,Buddha Purnima,None,Low,1,2000,1,0,31.6,1.1,Cloudy,1245.0,1447.142857142857,1629,validated
REC_000877,M003,Gateway of India,Maharashtra,Mumbai,Monument,2024-05-24,2024,5,4,0,0,None,None,None,1,2000,1,0,30.7,1.2,Cloudy,1629.0,1511.7142857142858,1208,validated
REC_000878,M003,Gateway of India,Maharashtra,Mumbai,Monument,2024-05-25,2024,5,5,1,0,None,None,None,1,2000,1,0,34.1,0.5,Clear,1208.0,1492.7142857142858,1690,validated
REC_000879,M003,Gateway of India,Maharashtra,Mumbai,Monument,2024-05-26,2024,5,6,1,0,None,None,None,1,2000,1,0,29.1,2.5,Clear,1690.0,1471.857142857143,1682,validated
REC_000880,M003,Gateway of India,Maharashtra,Mumbai,Monument,2024-05-27,2024,5,0,0,0,None,None,None,1,2000,1,0,30.2,0.1,Clear,1682.0,1441.5714285714287,1219,validated
REC_000881,M003,Gateway of India,Maharashtra,Mumbai,Monument,2024-05-28,2024,5,1,0,0,None,None,None,1,2000,1,0,27.7,0.9,Cloudy,1219.0,1424.142857142857,1291,validated
REC_000882,M003,Gateway of India,Maharashtra,Mumbai,Monument,2024-05-29,2024,5,2,0,0,None,None,None,1,2000,1,0,29.6,0.2,Cloudy,1291.0,1423.4285714285713,1260,validated
REC_000883,M003,Gateway of India,Maharashtra,Mumbai,Monument,2024-05-30,2024,5,3,0,0,None,None,None,1,2000,1,0,28.4,1.3,Clear,1260.0,1425.5714285714287,1289,validated
REC_000884,M003,Gateway of India,Maharashtra,Mumbai,Monument,2024-05-31,2024,5,4,0,0,None,None,None,1,2000,1,0,28.1,0.6,Cloudy,1289.0,1377.0,1259,validated
REC_000885,M003,Gateway of India,Maharashtra,Mumbai,Monument,2024-06-01,2024,6,5,1,0,None,None,None,1,2000,1,0,27.0,1.9,Cloudy,1259.0,1384.2857142857142,1823,validated
REC_000886,M003,Gateway of India,Maharashtra,Mumbai,Monument,2024-06-02,2024,6,6,1,0,None,None,None,1,2000,1,0,26.5,2.1,Cloudy,1823.0,1403.2857142857142,1781,validated
REC_000887,M003,Gateway of India,Maharashtra,Mumbai,Monument,2024-06-03,2024,6,0,0,0,None,None,None,1,2000,1,0,26.6,17.7,Rainy,1781.0,1417.4285714285713,805,validated
REC_000888,M003,Gateway of India,Maharashtra,Mumbai,Monument,2024-06-04,2024,6,1,0,0,None,None,None,1,2000,1,0,27.4,5.1,Cloudy,805.0,1358.2857142857142,1162,validated
REC_000889,M003,Gateway of India,Maharashtra,Mumbai,Monument,2024-06-05,2024,6,2,0,0,None,None,None,1,2000,1,0,27.1,44.8,Rainy,1162.0,1339.857142857143,776,validated
REC_000890,M003,Gateway of India,Maharashtra,Mumbai,Monument,2024-06-06,2024,6,3,0,0,None,None,None,1,2000,1,0,25.9,7.4,Cloudy,776.0,1270.7142857142858,1246,validated
REC_000891,M003,Gateway of India,Maharashtra,Mumbai,Monument,2024-06-07,2024,6,4,0,0,None,None,None,1,2000,1,0,26.8,12.3,Rainy,1246.0,1264.5714285714287,993,validated
REC_000892,M003,Gateway of India,Maharashtra,Mumbai,Monument,2024-06-08,2024,6,5,1,0,None,None,None,1,2000,1,0,28.4,6.6,Cloudy,993.0,1226.5714285714287,1807,validated
REC_000893,M003,Gateway of India,Maharashtra,Mumbai,Monument,2024-06-09,2024,6,6,1,0,None,None,None,1,2000,1,0,28.7,11.7,Rainy,1807.0,1224.2857142857142,1471,validated
REC_000894,M003,Gateway of India,Maharashtra,Mumbai,Monument,2024-06-10,2024,6,0,0,0,None,None,None,1,2000,1,0,26.3,10.1,Rainy,1471.0,1180.0,1085,validated
REC_000895,M003,Gateway of India,Maharashtra,Mumbai,Monument,2024-06-11,2024,6,1,0,0,None,None,None,1,2000,1,0,28.6,4.1,Cloudy,1085.0,1220.0,1282,validated
REC_000896,M003,Gateway of India,Maharashtra,Mumbai,Monument,2024-06-12,2024,6,2,0,0,None,None,None,1,2000,1,0,33.4,4.4,Cloudy,1282.0,1237.142857142857,1180,validated
REC_000897,M003,Gateway of India,Maharashtra,Mumbai,Monument,2024-06-13,2024,6,3,0,0,None,None,None,1,2000,1,0,29.6,18.7,Rainy,1180.0,1294.857142857143,822,validated
REC_000898,M003,Gateway of India,Maharashtra,Mumbai,Monument,2024-06-14,2024,6,4,0,0,None,None,None,1,2000,1,0,26.3,10.2,Rainy,822.0,1234.2857142857142,956,validated
REC_000899,M003,Gateway of India,Maharashtra,Mumbai,Monument,2024-06-15,2024,6,5,1,0,None,None,None,1,2000,1,0,23.4,36.1,Rainy,956.0,1229.0,1307,validated
REC_000900,M003,Gateway of India,Maharashtra,Mumbai,Monument,2024-06-16,2024,6,6,1,0,None,None,None,1,2000,1,0,29.6,42.0,Rainy,1307.0,1157.5714285714287,1172,validated
REC_000901,M003,Gateway of India,Maharashtra,Mumbai,Monument,2024-06-17,2024,6,0,0,1,Bakrid / Eid al-Adha,Eid al-Adha,High,1,2000,1,0,29.6,21.6,Rainy,1172.0,1114.857142857143,1262,validated
REC_000902,M003,Gateway of India,Maharashtra,Mumbai,Monument,2024-06-18,2024,6,1,0,0,None,None,None,1,2000,1,0,29.7,6.1,Cloudy,1262.0,1140.142857142857,1378,validated
REC_000903,M003,Gateway of India,Maharashtra,Mumbai,Monument,2024-06-19,2024,6,2,0,0,None,None,None,1,2000,1,0,27.9,19.0,Rainy,1378.0,1153.857142857143,877,validated
REC_000904,M003,Gateway of India,Maharashtra,Mumbai,Monument,2024-06-20,2024,6,3,0,0,None,None,None,1,2000,1,0,27.9,12.6,Rainy,877.0,1110.5714285714287,1002,validated
REC_000905,M003,Gateway of India,Maharashtra,Mumbai,Monument,2024-06-21,2024,6,4,0,0,None,None,None,1,2000,1,0,30.1,11.1,Rainy,1002.0,1136.2857142857142,1096,validated
REC_000906,M003,Gateway of India,Maharashtra,Mumbai,Monument,2024-06-22,2024,6,5,1,0,None,None,None,1,2000,1,0,27.5,3.8,Cloudy,1096.0,1156.2857142857142,1866,validated
REC_000907,M003,Gateway of India,Maharashtra,Mumbai,Monument,2024-06-23,2024,6,6,1,0,None,None,None,1,2000,1,0,25.5,24.2,Rainy,1866.0,1236.142857142857,1330,validated
REC_000908,M003,Gateway of India,Maharashtra,Mumbai,Monument,2024-06-24,2024,6,0,0,0,None,None,None,1,2000,1,0,27.7,7.3,Cloudy,1330.0,1258.7142857142858,1137,validated
REC_000909,M003,Gateway of India,Maharashtra,Mumbai,Monument,2024-06-25,2024,6,1,0,0,None,None,None,1,2000,1,0,29.7,30.3,Rainy,1137.0,1240.857142857143,834,validated
REC_000910,M003,Gateway of India,Maharashtra,Mumbai,Monument,2024-06-26,2024,6,2,0,0,None,None,None,1,2000,1,0,25.8,5.7,Cloudy,834.0,1163.142857142857,1213,validated
REC_000911,M003,Gateway of India,Maharashtra,Mumbai,Monument,2024-06-27,2024,6,3,0,0,None,None,None,1,2000,1,0,26.6,5.7,Cloudy,1213.0,1211.142857142857,1235,validated
REC_000912,M003,Gateway of India,Maharashtra,Mumbai,Monument,2024-06-28,2024,6,4,0,0,None,None,None,1,2000,1,0,29.7,73.3,Rainy,1235.0,1244.4285714285713,828,validated
REC_000913,M003,Gateway of India,Maharashtra,Mumbai,Monument,2024-06-29,2024,6,5,1,0,None,None,None,1,2000,1,0,28.9,4.3,Cloudy,828.0,1206.142857142857,1954,validated
REC_000914,M003,Gateway of India,Maharashtra,Mumbai,Monument,2024-06-30,2024,6,6,1,0,None,None,None,1,2000,1,0,27.0,12.8,Rainy,1954.0,1218.7142857142858,1482,validated
REC_000915,M003,Gateway of India,Maharashtra,Mumbai,Monument,2024-07-01,2024,7,0,0,0,None,None,None,0,2000,1,0,26.3,52.2,Rainy,1482.0,1240.4285714285713,822,validated
REC_000916,M003,Gateway of India,Maharashtra,Mumbai,Monument,2024-07-02,2024,7,1,0,0,None,None,None,0,2000,1,0,29.0,31.3,Rainy,822.0,1195.4285714285713,816,validated
REC_000917,M003,Gateway of India,Maharashtra,Mumbai,Monument,2024-07-03,2024,7,2,0,0,None,None,None,0,2000,1,0,26.6,58.0,Rainy,816.0,1192.857142857143,809,validated
REC_000918,M003,Gateway of India,Maharashtra,Mumbai,Monument,2024-07-04,2024,7,3,0,0,None,None,None,0,2000,1,0,26.2,0.0,Cloudy,809.0,1135.142857142857,1319,validated
REC_000919,M003,Gateway of India,Maharashtra,Mumbai,Monument,2024-07-05,2024,7,4,0,0,None,None,None,0,2000,1,0,28.8,27.6,Rainy,1319.0,1147.142857142857,818,validated
REC_000920,M003,Gateway of India,Maharashtra,Mumbai,Monument,2024-07-06,2024,7,5,1,0,None,None,None,0,2000,1,0,28.9,17.2,Rainy,818.0,1145.7142857142858,1181,validated
REC_000921,M003,Gateway of India,Maharashtra,Mumbai,Monument,2024-07-07,2024,7,6,1,0,None,None,None,0,2000,1,0,27.5,18.6,Rainy,1181.0,1035.2857142857142,1167,validated
REC_000922,M003,Gateway of India,Maharashtra,Mumbai,Monument,2024-07-08,2024,7,0,0,0,None,None,None,0,2000,1,0,26.7,7.6,Cloudy,1167.0,990.2857142857143,1295,validated
REC_000923,M003,Gateway of India,Maharashtra,Mumbai,Monument,2024-07-09,2024,7,1,0,0,None,None,None,0,2000,1,0,29.8,17.6,Rainy,1295.0,1057.857142857143,819,validated
REC_000924,M003,Gateway of India,Maharashtra,Mumbai,Monument,2024-07-10,2024,7,2,0,0,None,None,None,0,2000,1,0,28.9,18.7,Rainy,819.0,1058.2857142857142,926,validated
REC_000925,M003,Gateway of India,Maharashtra,Mumbai,Monument,2024-07-11,2024,7,3,0,0,None,None,None,0,2000,1,0,25.2,216.3,Rainy,926.0,1075.0,822,validated
REC_000926,M003,Gateway of India,Maharashtra,Mumbai,Monument,2024-07-12,2024,7,4,0,0,None,None,None,0,2000,1,0,30.8,49.2,Rainy,822.0,1004.0,819,validated
REC_000927,M003,Gateway of India,Maharashtra,Mumbai,Monument,2024-07-13,2024,7,5,1,0,None,None,None,0,2000,1,0,25.8,20.0,Rainy,819.0,1004.1428571428571,1272,validated
REC_000928,M003,Gateway of India,Maharashtra,Mumbai,Monument,2024-07-14,2024,7,6,1,0,None,None,None,0,2000,1,0,28.4,20.0,Rainy,1272.0,1017.1428571428571,1185,validated
REC_000929,M003,Gateway of India,Maharashtra,Mumbai,Monument,2024-07-15,2024,7,0,0,0,None,None,None,0,2000,1,0,28.0,1.0,Cloudy,1185.0,1019.7142857142857,1164,validated
REC_000930,M003,Gateway of India,Maharashtra,Mumbai,Monument,2024-07-16,2024,7,1,0,0,None,None,None,0,2000,1,0,31.4,51.2,Rainy,1164.0,1001.0,779,validated
REC_000931,M003,Gateway of India,Maharashtra,Mumbai,Monument,2024-07-17,2024,7,2,0,1,Muharram,None,Low,0,2000,1,0,27.4,1.4,Cloudy,779.0,995.2857142857143,1578,validated
REC_000932,M003,Gateway of India,Maharashtra,Mumbai,Monument,2024-07-18,2024,7,3,0,0,None,None,None,0,2000,1,0,28.7,26.2,Rainy,1578.0,1088.4285714285713,810,validated
REC_000933,M003,Gateway of India,Maharashtra,Mumbai,Monument,2024-07-19,2024,7,4,0,0,None,None,None,0,2000,1,0,26.9,13.4,Rainy,810.0,1086.7142857142858,1016,validated
REC_000934,M003,Gateway of India,Maharashtra,Mumbai,Monument,2024-07-20,2024,7,5,1,0,None,None,None,0,2000,1,0,30.5,38.9,Rainy,1016.0,1114.857142857143,1245,validated
REC_000935,M003,Gateway of India,Maharashtra,Mumbai,Monument,2024-07-21,2024,7,6,1,0,None,None,None,0,2000,1,0,27.1,7.6,Cloudy,1245.0,1111.0,1949,validated
REC_000936,M003,Gateway of India,Maharashtra,Mumbai,Monument,2024-07-22,2024,7,0,0,0,None,None,None,0,2000,1,0,31.7,74.1,Rainy,1949.0,1220.142857142857,817,validated
REC_000937,M003,Gateway of India,Maharashtra,Mumbai,Monument,2024-07-23,2024,7,1,0,0,None,None,None,0,2000,1,0,27.7,0.5,Cloudy,817.0,1170.5714285714287,1306,validated
REC_000938,M003,Gateway of India,Maharashtra,Mumbai,Monument,2024-07-24,2024,7,2,0,0,None,None,None,0,2000,1,0,30.6,41.8,Rainy,1306.0,1245.857142857143,815,validated
REC_000939,M003,Gateway of India,Maharashtra,Mumbai,Monument,2024-07-25,2024,7,3,0,0,None,None,None,0,2000,1,0,25.6,0.9,Cloudy,815.0,1136.857142857143,1305,validated
REC_000940,M003,Gateway of India,Maharashtra,Mumbai,Monument,2024-07-26,2024,7,4,0,0,None,None,None,0,2000,1,0,28.5,75.8,Rainy,1305.0,1207.5714285714287,874,validated
REC_000941,M003,Gateway of India,Maharashtra,Mumbai,Monument,2024-07-27,2024,7,5,1,0,None,None,None,0,2000,1,0,25.1,31.8,Rainy,874.0,1187.2857142857142,1278,validated
REC_000942,M003,Gateway of India,Maharashtra,Mumbai,Monument,2024-07-28,2024,7,6,1,0,None,None,None,0,2000,1,0,27.1,82.3,Rainy,1278.0,1192.0,1245,validated
REC_000943,M003,Gateway of India,Maharashtra,Mumbai,Monument,2024-07-29,2024,7,0,0,0,None,None,None,0,2000,1,0,29.1,9.1,Rainy,1245.0,1091.4285714285713,1085,validated
REC_000944,M003,Gateway of India,Maharashtra,Mumbai,Monument,2024-07-30,2024,7,1,0,0,None,None,None,0,2000,1,0,30.9,129.3,Rainy,1085.0,1129.7142857142858,799,validated
REC_000945,M003,Gateway of India,Maharashtra,Mumbai,Monument,2024-07-31,2024,7,2,0,0,None,None,None,0,2000,1,0,25.4,2.3,Cloudy,799.0,1057.2857142857142,1193,validated
REC_000946,M003,Gateway of India,Maharashtra,Mumbai,Monument,2024-08-01,2024,8,3,0,0,None,None,None,0,2000,1,0,27.2,11.8,Rainy,1193.0,1111.2857142857142,1015,validated
REC_000947,M003,Gateway of India,Maharashtra,Mumbai,Monument,2024-08-02,2024,8,4,0,0,None,None,None,0,2000,1,0,25.7,73.9,Rainy,1015.0,1069.857142857143,858,validated
REC_000948,M003,Gateway of India,Maharashtra,Mumbai,Monument,2024-08-03,2024,8,5,1,0,None,None,None,0,2000,1,0,25.7,4.6,Cloudy,858.0,1067.5714285714287,1879,validated
REC_000949,M003,Gateway of India,Maharashtra,Mumbai,Monument,2024-08-04,2024,8,6,1,0,None,None,None,0,2000,1,0,29.0,19.5,Rainy,1879.0,1153.4285714285713,1213,validated
REC_000950,M003,Gateway of India,Maharashtra,Mumbai,Monument,2024-08-05,2024,8,0,0,0,None,None,None,0,2000,1,0,24.7,30.4,Rainy,1213.0,1148.857142857143,879,validated
REC_000951,M003,Gateway of India,Maharashtra,Mumbai,Monument,2024-08-06,2024,8,1,0,0,None,None,None,0,2000,1,0,29.6,24.1,Rainy,879.0,1119.4285714285713,804,validated
REC_000952,M003,Gateway of India,Maharashtra,Mumbai,Monument,2024-08-07,2024,8,2,0,0,None,None,None,0,2000,1,0,31.5,14.4,Rainy,804.0,1120.142857142857,1025,validated
REC_000953,M003,Gateway of India,Maharashtra,Mumbai,Monument,2024-08-08,2024,8,3,0,0,None,None,None,0,2000,1,0,29.2,32.9,Rainy,1025.0,1096.142857142857,810,validated
REC_000954,M003,Gateway of India,Maharashtra,Mumbai,Monument,2024-08-09,2024,8,4,0,0,None,None,None,0,2000,1,0,26.8,5.7,Cloudy,810.0,1066.857142857143,1245,validated
REC_000955,M003,Gateway of India,Maharashtra,Mumbai,Monument,2024-08-10,2024,8,5,1,0,None,None,None,0,2000,1,0,24.2,49.8,Rainy,1245.0,1122.142857142857,1246,validated
REC_000956,M003,Gateway of India,Maharashtra,Mumbai,Monument,2024-08-11,2024,8,6,1,0,None,None,None,0,2000,1,0,26.9,21.2,Rainy,1246.0,1031.7142857142858,1221,validated
REC_000957,M003,Gateway of India,Maharashtra,Mumbai,Monument,2024-08-12,2024,8,0,0,0,None,None,None,0,2000,1,0,24.3,10.0,Rainy,1221.0,1032.857142857143,968,validated
REC_000958,M003,Gateway of India,Maharashtra,Mumbai,Monument,2024-08-13,2024,8,1,0,0,None,None,None,0,2000,1,0,32.0,5.0,Cloudy,968.0,1045.5714285714287,1307,validated
REC_000959,M003,Gateway of India,Maharashtra,Mumbai,Monument,2024-08-14,2024,8,2,0,0,None,None,None,0,2000,1,0,26.0,65.2,Rainy,1307.0,1117.4285714285713,898,validated
REC_000960,M003,Gateway of India,Maharashtra,Mumbai,Monument,2024-08-15,2024,8,3,0,1,Independence Day,None,High,0,2000,1,0,26.3,30.1,Rainy,898.0,1099.2857142857142,1434,validated
REC_000961,M003,Gateway of India,Maharashtra,Mumbai,Monument,2024-08-16,2024,8,4,0,0,None,None,None,0,2000,1,0,29.6,64.0,Rainy,1434.0,1188.4285714285713,775,validated
REC_000962,M003,Gateway of India,Maharashtra,Mumbai,Monument,2024-08-17,2024,8,5,1,0,None,None,None,0,2000,1,0,26.1,0.3,Cloudy,775.0,1121.2857142857142,1928,validated
REC_000963,M003,Gateway of India,Maharashtra,Mumbai,Monument,2024-08-18,2024,8,6,1,0,None,None,None,0,2000,1,0,29.0,3.1,Cloudy,1928.0,1218.7142857142858,1778,validated
REC_000964,M003,Gateway of India,Maharashtra,Mumbai,Monument,2024-08-19,2024,8,0,0,1,Raksha Bandhan,Raksha Bandhan,Medium,0,2000,1,0,32.8,3.5,Cloudy,1778.0,1298.2857142857142,1702,validated
REC_000965,M003,Gateway of India,Maharashtra,Mumbai,Monument,2024-08-20,2024,8,1,0,0,None,None,None,0,2000,1,0,26.6,37.6,Rainy,1702.0,1403.142857142857,848,validated
REC_000966,M003,Gateway of India,Maharashtra,Mumbai,Monument,2024-08-21,2024,8,2,0,0,None,None,None,0,2000,1,0,27.6,21.3,Rainy,848.0,1337.5714285714287,771,validated
REC_000967,M003,Gateway of India,Maharashtra,Mumbai,Monument,2024-08-22,2024,8,3,0,0,None,None,None,0,2000,1,0,29.2,78.0,Rainy,771.0,1319.4285714285713,764,validated
REC_000968,M003,Gateway of India,Maharashtra,Mumbai,Monument,2024-08-23,2024,8,4,0,0,None,None,None,0,2000,1,0,26.3,1.4,Cloudy,764.0,1223.7142857142858,1308,validated
REC_000969,M003,Gateway of India,Maharashtra,Mumbai,Monument,2024-08-24,2024,8,5,1,0,None,None,None,0,2000,1,0,27.4,17.1,Rainy,1308.0,1299.857142857143,1259,validated
REC_000970,M003,Gateway of India,Maharashtra,Mumbai,Monument,2024-08-25,2024,8,6,1,0,None,None,None,0,2000,1,0,25.3,8.2,Rainy,1259.0,1204.2857142857142,1367,validated
REC_000971,M003,Gateway of India,Maharashtra,Mumbai,Monument,2024-08-26,2024,8,0,0,1,Janmashtami,Janmashtami,Medium,0,2000,1,0,30.1,48.6,Rainy,1367.0,1145.5714285714287,1093,validated
REC_000972,M003,Gateway of India,Maharashtra,Mumbai,Monument,2024-08-27,2024,8,1,0,0,None,None,None,0,2000,1,0,30.7,12.1,Rainy,1093.0,1058.5714285714287,1099,validated
REC_000973,M003,Gateway of India,Maharashtra,Mumbai,Monument,2024-08-28,2024,8,2,0,0,None,None,None,0,2000,1,0,27.0,11.1,Rainy,1099.0,1094.4285714285713,960,validated
REC_000974,M003,Gateway of India,Maharashtra,Mumbai,Monument,2024-08-29,2024,8,3,0,0,None,None,None,0,2000,1,0,22.3,51.5,Rainy,960.0,1121.4285714285713,821,validated
REC_000975,M003,Gateway of India,Maharashtra,Mumbai,Monument,2024-08-30,2024,8,4,0,0,None,None,None,0,2000,1,0,25.4,46.3,Rainy,821.0,1129.5714285714287,827,validated
REC_000976,M003,Gateway of India,Maharashtra,Mumbai,Monument,2024-08-31,2024,8,5,1,0,None,None,None,0,2000,1,0,30.3,17.2,Rainy,827.0,1060.857142857143,1250,validated
REC_000977,M003,Gateway of India,Maharashtra,Mumbai,Monument,2024-09-01,2024,9,6,1,0,None,None,None,0,2000,1,0,27.6,3.5,Cloudy,1250.0,1059.5714285714287,1902,validated
REC_000978,M003,Gateway of India,Maharashtra,Mumbai,Monument,2024-09-02,2024,9,0,0,0,None,None,None,0,2000,1,0,28.9,21.2,Rainy,1902.0,1136.0,843,validated
REC_000979,M003,Gateway of India,Maharashtra,Mumbai,Monument,2024-09-03,2024,9,1,0,0,None,None,None,0,2000,1,0,27.0,14.7,Rainy,843.0,1100.2857142857142,1063,validated
REC_000980,M003,Gateway of India,Maharashtra,Mumbai,Monument,2024-09-04,2024,9,2,0,0,None,None,None,0,2000,1,0,26.0,99.3,Rainy,1063.0,1095.142857142857,917,validated
REC_000981,M003,Gateway of India,Maharashtra,Mumbai,Monument,2024-09-05,2024,9,3,0,0,None,None,None,0,2000,1,0,29.0,2.0,Cloudy,917.0,1089.0,1237,validated
REC_000982,M003,Gateway of India,Maharashtra,Mumbai,Monument,2024-09-06,2024,9,4,0,0,None,None,None,0,2000,1,0,27.6,26.6,Rainy,1237.0,1148.4285714285713,852,validated
REC_000983,M003,Gateway of India,Maharashtra,Mumbai,Monument,2024-09-07,2024,9,5,1,1,Ganesh Chaturthi,Ganesh Chaturthi,High,0,2000,1,0,29.0,2.2,Cloudy,852.0,1152.0,2000,validated
REC_000984,M003,Gateway of India,Maharashtra,Mumbai,Monument,2024-09-08,2024,9,6,1,0,None,None,None,0,2000,1,0,23.9,14.5,Rainy,2000.0,1259.142857142857,1538,validated
REC_000985,M003,Gateway of India,Maharashtra,Mumbai,Monument,2024-09-09,2024,9,0,0,0,None,None,None,0,2000,1,0,28.9,26.5,Rainy,1538.0,1207.142857142857,787,validated
REC_000986,M003,Gateway of India,Maharashtra,Mumbai,Monument,2024-09-10,2024,9,1,0,0,None,None,None,0,2000,1,0,26.6,3.1,Cloudy,787.0,1199.142857142857,1230,validated
REC_000987,M003,Gateway of India,Maharashtra,Mumbai,Monument,2024-09-11,2024,9,2,0,0,None,None,None,0,2000,1,0,24.4,31.5,Rainy,1230.0,1223.0,821,validated
REC_000988,M003,Gateway of India,Maharashtra,Mumbai,Monument,2024-09-12,2024,9,3,0,0,None,None,None,0,2000,1,0,28.4,14.1,Rainy,821.0,1209.2857142857142,1020,validated
REC_000989,M003,Gateway of India,Maharashtra,Mumbai,Monument,2024-09-13,2024,9,4,0,0,None,None,None,0,2000,1,0,27.3,49.2,Rainy,1020.0,1178.2857142857142,841,validated
REC_000990,M003,Gateway of India,Maharashtra,Mumbai,Monument,2024-09-14,2024,9,5,1,0,None,None,None,0,2000,1,0,26.9,5.2,Cloudy,841.0,1176.7142857142858,1899,validated
REC_000991,M003,Gateway of India,Maharashtra,Mumbai,Monument,2024-09-15,2024,9,6,1,0,None,None,None,0,2000,1,0,30.0,7.4,Cloudy,1899.0,1162.2857142857142,2000,validated
REC_000992,M003,Gateway of India,Maharashtra,Mumbai,Monument,2024-09-16,2024,9,0,0,1,Milad un-Nabi,None,Low,0,2000,1,0,28.0,88.8,Rainy,2000.0,1228.2857142857142,1074,validated
REC_000993,M003,Gateway of India,Maharashtra,Mumbai,Monument,2024-09-17,2024,9,1,0,0,None,None,None,0,2000,1,0,27.5,76.2,Rainy,1074.0,1269.2857142857142,854,validated
REC_000994,M003,Gateway of India,Maharashtra,Mumbai,Monument,2024-09-18,2024,9,2,0,0,None,None,None,0,2000,0,1,29.4,27.8,Rainy,854.0,1215.5714285714287,0,validated
REC_000995,M003,Gateway of India,Maharashtra,Mumbai,Monument,2024-09-19,2024,9,3,0,0,None,None,None,0,2000,1,0,30.9,21.2,Rainy,0.0,1098.2857142857142,821,validated
REC_000996,M003,Gateway of India,Maharashtra,Mumbai,Monument,2024-09-20,2024,9,4,0,0,None,None,None,0,2000,1,0,26.5,36.8,Rainy,821.0,1069.857142857143,921,validated
REC_000997,M003,Gateway of India,Maharashtra,Mumbai,Monument,2024-09-21,2024,9,5,1,0,None,None,None,0,2000,1,0,27.4,50.1,Rainy,921.0,1081.2857142857142,1242,validated
REC_000998,M003,Gateway of India,Maharashtra,Mumbai,Monument,2024-09-22,2024,9,6,1,0,None,None,None,0,2000,1,0,30.4,15.8,Rainy,1242.0,987.4285714285714,1233,validated
REC_000999,M003,Gateway of India,Maharashtra,Mumbai,Monument,2024-09-23,2024,9,0,0,0,None,None,None,0,2000,1,0,29.5,8.1,Rainy,1233.0,877.8571428571429,1028,validated
REC_001000,M003,Gateway of India,Maharashtra,Mumbai,Monument,2024-09-24,2024,9,1,0,0,None,None,None,0,2000,1,0,27.9,20.2,Rainy,1028.0,871.2857142857143,896,validated
REC_001001,M003,Gateway of India,Maharashtra,Mumbai,Monument,2024-09-25,2024,9,2,0,0,None,None,None,0,2000,1,0,29.3,11.0,Rainy,896.0,877.2857142857143,948,validated
REC_001002,M003,Gateway of India,Maharashtra,Mumbai,Monument,2024-09-26,2024,9,3,0,0,None,None,None,0,2000,1,0,27.8,36.5,Rainy,948.0,1012.7142857142857,862,validated
REC_001003,M003,Gateway of India,Maharashtra,Mumbai,Monument,2024-09-27,2024,9,4,0,0,None,None,None,0,2000,1,0,30.6,45.8,Rainy,862.0,1018.5714285714286,795,validated
REC_001004,M003,Gateway of India,Maharashtra,Mumbai,Monument,2024-09-28,2024,9,5,1,0,None,None,None,0,2000,1,0,27.7,42.8,Rainy,795.0,1000.5714285714286,1260,validated
REC_001005,M003,Gateway of India,Maharashtra,Mumbai,Monument,2024-09-29,2024,9,6,1,0,None,None,None,0,2000,1,0,28.1,30.2,Rainy,1260.0,1003.1428571428571,1204,validated
REC_001006,M003,Gateway of India,Maharashtra,Mumbai,Monument,2024-09-30,2024,9,0,0,0,None,None,None,0,2000,1,0,26.5,78.1,Rainy,1204.0,999.0,860,validated
REC_001007,M003,Gateway of India,Maharashtra,Mumbai,Monument,2024-10-01,2024,10,1,0,0,None,None,None,0,2000,1,0,28.9,0.3,Clear,860.0,975.0,1225,validated
REC_001008,M003,Gateway of India,Maharashtra,Mumbai,Monument,2024-10-02,2024,10,2,0,1,Mahatma Gandhi Jayanti,None,Medium,0,2000,1,0,23.5,0.2,Clear,1225.0,1022.0,1796,validated
REC_001009,M003,Gateway of India,Maharashtra,Mumbai,Monument,2024-10-03,2024,10,3,0,0,None,None,None,0,2000,1,0,31.0,2.3,Clear,1796.0,1143.142857142857,1269,validated
REC_001010,M003,Gateway of India,Maharashtra,Mumbai,Monument,2024-10-04,2024,10,4,0,0,None,None,None,0,2000,1,0,26.3,0.0,Clear,1269.0,1201.2857142857142,1285,validated
REC_001011,M003,Gateway of India,Maharashtra,Mumbai,Monument,2024-10-05,2024,10,5,1,0,None,None,None,0,2000,1,0,25.7,0.3,Clear,1285.0,1271.2857142857142,1917,validated
REC_001012,M003,Gateway of India,Maharashtra,Mumbai,Monument,2024-10-06,2024,10,6,1,0,None,None,None,0,2000,1,0,27.3,2.0,Cloudy,1917.0,1365.142857142857,1837,validated
REC_001013,M003,Gateway of India,Maharashtra,Mumbai,Monument,2024-10-07,2024,10,0,0,0,None,None,None,0,2000,1,0,26.8,0.0,Clear,1837.0,1455.5714285714287,1293,validated
REC_001014,M003,Gateway of India,Maharashtra,Mumbai,Monument,2024-10-08,2024,10,1,0,0,None,None,None,0,2000,1,0,27.3,0.9,Clear,1293.0,1517.4285714285713,1294,validated
REC_001015,M003,Gateway of India,Maharashtra,Mumbai,Monument,2024-10-09,2024,10,2,0,0,None,None,None,0,2000,1,0,26.6,0.0,Clear,1294.0,1527.2857142857142,1365,validated
REC_001016,M003,Gateway of India,Maharashtra,Mumbai,Monument,2024-10-10,2024,10,3,0,0,None,None,None,0,2000,1,0,28.7,0.8,Clear,1365.0,1465.7142857142858,1295,validated
REC_001017,M003,Gateway of India,Maharashtra,Mumbai,Monument,2024-10-11,2024,10,4,0,1,Maha Navami,Navratri,High,0,2000,1,0,26.0,2.3,Clear,1295.0,1469.4285714285713,2000,validated
REC_001018,M003,Gateway of India,Maharashtra,Mumbai,Monument,2024-10-12,2024,10,5,1,1,Dussehra,Dussehra,High,0,2000,1,0,26.7,0.6,Cloudy,2000.0,1571.5714285714287,2000,validated
REC_001019,M003,Gateway of India,Maharashtra,Mumbai,Monument,2024-10-13,2024,10,6,1,0,None,None,None,0,2000,1,0,26.8,0.3,Cloudy,2000.0,1583.4285714285713,1946,validated
REC_001020,M003,Gateway of India,Maharashtra,Mumbai,Monument,2024-10-14,2024,10,0,0,0,None,None,None,0,2000,1,0,24.0,2.0,Clear,1946.0,1599.0,1260,validated
REC_001021,M003,Gateway of India,Maharashtra,Mumbai,Monument,2024-10-15,2024,10,1,0,0,None,None,None,0,2000,1,0,29.4,0.1,Clear,1260.0,1594.2857142857142,1249,validated
REC_001022,M003,Gateway of India,Maharashtra,Mumbai,Monument,2024-10-16,2024,10,2,0,0,None,None,None,0,2000,1,0,24.1,0.5,Clear,1249.0,1587.857142857143,1256,validated
REC_001023,M003,Gateway of India,Maharashtra,Mumbai,Monument,2024-10-17,2024,10,3,0,0,None,None,None,0,2000,1,0,28.5,1.6,Cloudy,1256.0,1572.2857142857142,1222,validated
REC_001024,M003,Gateway of India,Maharashtra,Mumbai,Monument,2024-10-18,2024,10,4,0,0,None,None,None,0,2000,1,0,27.7,0.3,Clear,1222.0,1561.857142857143,1288,validated
REC_001025,M003,Gateway of India,Maharashtra,Mumbai,Monument,2024-10-19,2024,10,5,1,0,None,None,None,0,2000,1,0,31.4,0.1,Clear,1288.0,1460.142857142857,1803,validated
REC_001026,M003,Gateway of India,Maharashtra,Mumbai,Monument,2024-10-20,2024,10,6,1,0,None,None,None,0,2000,1,0,31.1,0.2,Clear,1803.0,1432.0,1803,validated
REC_001027,M003,Gateway of India,Maharashtra,Mumbai,Monument,2024-10-21,2024,10,0,0,0,None,None,None,0,2000,1,0,29.0,2.3,Clear,1803.0,1411.5714285714287,1278,validated
REC_001028,M003,Gateway of India,Maharashtra,Mumbai,Monument,2024-10-22,2024,10,1,0,0,None,None,None,0,2000,1,0,27.1,0.3,Clear,1278.0,1414.142857142857,1207,validated
REC_001029,M003,Gateway of India,Maharashtra,Mumbai,Monument,2024-10-23,2024,10,2,0,0,None,None,None,0,2000,1,0,29.0,1.7,Clear,1207.0,1408.142857142857,1363,validated
REC_001030,M003,Gateway of India,Maharashtra,Mumbai,Monument,2024-10-24,2024,10,3,0,0,None,None,None,0,2000,1,0,29.0,0.4,Clear,1363.0,1423.4285714285713,1254,validated
REC_001031,M003,Gateway of India,Maharashtra,Mumbai,Monument,2024-10-25,2024,10,4,0,0,None,None,None,0,2000,1,0,27.2,4.9,Clear,1254.0,1428.0,1286,validated
REC_001032,M003,Gateway of India,Maharashtra,Mumbai,Monument,2024-10-26,2024,10,5,1,0,None,None,None,0,2000,1,0,29.2,0.9,Cloudy,1286.0,1427.7142857142858,1990,validated
REC_001033,M003,Gateway of India,Maharashtra,Mumbai,Monument,2024-10-27,2024,10,6,1,0,None,None,None,0,2000,1,0,27.4,1.0,Clear,1990.0,1454.4285714285713,1712,validated
REC_001034,M003,Gateway of India,Maharashtra,Mumbai,Monument,2024-10-28,2024,10,0,0,0,None,None,None,0,2000,1,0,24.3,0.8,Cloudy,1712.0,1441.4285714285713,1249,validated
REC_001035,M003,Gateway of India,Maharashtra,Mumbai,Monument,2024-10-29,2024,10,1,0,0,None,None,None,0,2000,1,0,29.9,0.8,Cloudy,1249.0,1437.2857142857142,1335,validated
REC_001036,M003,Gateway of India,Maharashtra,Mumbai,Monument,2024-10-30,2024,10,2,0,0,None,None,None,0,2000,1,0,29.3,0.3,Cloudy,1335.0,1455.5714285714287,1252,validated
REC_001037,M003,Gateway of India,Maharashtra,Mumbai,Monument,2024-10-31,2024,10,3,0,1,Diwali,Diwali,High,0,2000,1,0,27.1,1.1,Clear,1252.0,1439.7142857142858,2000,validated
REC_001038,M003,Gateway of India,Maharashtra,Mumbai,Monument,2024-11-01,2024,11,4,0,1,Govardhan Puja,Diwali,High,0,2000,1,0,31.2,0.9,Clear,2000.0,1546.2857142857142,2000,validated
REC_001039,M003,Gateway of India,Maharashtra,Mumbai,Monument,2024-11-02,2024,11,5,1,1,Bhai Dooj,Diwali,Medium,0,2000,1,0,29.8,0.3,Clear,2000.0,1648.2857142857142,2000,validated
REC_001040,M003,Gateway of India,Maharashtra,Mumbai,Monument,2024-11-03,2024,11,6,1,0,None,None,None,0,2000,1,0,29.2,1.4,Clear,2000.0,1649.7142857142858,2000,validated
REC_001041,M003,Gateway of India,Maharashtra,Mumbai,Monument,2024-11-04,2024,11,0,0,0,None,None,None,0,2000,1,0,30.1,0.0,Cloudy,2000.0,1690.857142857143,1519,validated
REC_001042,M003,Gateway of India,Maharashtra,Mumbai,Monument,2024-11-05,2024,11,1,0,0,None,None,None,0,2000,1,0,27.4,2.6,Clear,1519.0,1729.4285714285713,1336,validated
REC_001043,M003,Gateway of India,Maharashtra,Mumbai,Monument,2024-11-06,2024,11,2,0,0,None,None,None,0,2000,1,0,27.4,0.1,Clear,1336.0,1729.5714285714287,1493,validated
REC_001044,M003,Gateway of India,Maharashtra,Mumbai,Monument,2024-11-07,2024,11,3,0,0,None,None,None,0,2000,1,0,28.2,0.6,Clear,1493.0,1764.0,1474,validated
REC_001045,M003,Gateway of India,Maharashtra,Mumbai,Monument,2024-11-08,2024,11,4,0,0,None,None,None,0,2000,1,0,26.9,1.1,Cloudy,1474.0,1688.857142857143,1429,validated
REC_001046,M003,Gateway of India,Maharashtra,Mumbai,Monument,2024-11-09,2024,11,5,1,0,None,None,None,0,2000,1,0,31.2,0.7,Clear,1429.0,1607.2857142857142,2000,validated
REC_001047,M003,Gateway of India,Maharashtra,Mumbai,Monument,2024-11-10,2024,11,6,1,0,None,None,None,0,2000,1,0,28.4,0.4,Cloudy,2000.0,1607.2857142857142,2000,validated
REC_001048,M003,Gateway of India,Maharashtra,Mumbai,Monument,2024-11-11,2024,11,0,0,0,None,None,None,0,2000,1,0,25.9,1.3,Clear,2000.0,1607.2857142857142,1474,validated
REC_001049,M003,Gateway of India,Maharashtra,Mumbai,Monument,2024-11-12,2024,11,1,0,0,None,None,None,0,2000,1,0,31.8,2.3,Cloudy,1474.0,1600.857142857143,1513,validated
REC_001050,M003,Gateway of India,Maharashtra,Mumbai,Monument,2024-11-13,2024,11,2,0,0,None,None,None,0,2000,1,0,30.4,2.9,Clear,1513.0,1626.142857142857,1581,validated
REC_001051,M003,Gateway of India,Maharashtra,Mumbai,Monument,2024-11-14,2024,11,3,0,0,None,None,None,0,2000,1,0,29.3,1.0,Clear,1581.0,1638.7142857142858,1409,validated
REC_001052,M003,Gateway of India,Maharashtra,Mumbai,Monument,2024-11-15,2024,11,4,0,1,Guru Nanak Jayanti,None,Medium,0,2000,1,0,30.3,0.8,Clear,1409.0,1629.4285714285713,1822,validated
REC_001053,M003,Gateway of India,Maharashtra,Mumbai,Monument,2024-11-16,2024,11,5,1,0,None,None,None,0,2000,1,0,26.5,0.5,Cloudy,1822.0,1685.5714285714287,2000,validated
REC_001054,M003,Gateway of India,Maharashtra,Mumbai,Monument,2024-11-17,2024,11,6,1,0,None,None,None,0,2000,1,0,27.2,0.0,Cloudy,2000.0,1685.5714285714287,2000,validated
REC_001055,M003,Gateway of India,Maharashtra,Mumbai,Monument,2024-11-18,2024,11,0,0,0,None,None,None,0,2000,1,0,25.4,0.0,Clear,2000.0,1685.5714285714287,1438,validated
REC_001056,M003,Gateway of India,Maharashtra,Mumbai,Monument,2024-11-19,2024,11,1,0,0,None,None,None,0,2000,1,0,29.2,0.1,Clear,1438.0,1680.4285714285713,1701,validated
REC_001057,M003,Gateway of India,Maharashtra,Mumbai,Monument,2024-11-20,2024,11,2,0,0,None,None,None,0,2000,1,0,30.8,0.5,Clear,1701.0,1707.2857142857142,1376,validated
REC_001058,M003,Gateway of India,Maharashtra,Mumbai,Monument,2024-11-21,2024,11,3,0,0,None,None,None,0,2000,1,0,27.4,0.1,Clear,1376.0,1678.0,1448,validated
REC_001059,M003,Gateway of India,Maharashtra,Mumbai,Monument,2024-11-22,2024,11,4,0,0,None,None,None,0,2000,1,0,27.9,0.8,Cloudy,1448.0,1683.5714285714287,1515,validated
REC_001060,M003,Gateway of India,Maharashtra,Mumbai,Monument,2024-11-23,2024,11,5,1,0,None,None,None,0,2000,1,0,26.9,0.4,Clear,1515.0,1639.7142857142858,2000,validated
REC_001061,M003,Gateway of India,Maharashtra,Mumbai,Monument,2024-11-24,2024,11,6,1,0,None,None,None,0,2000,1,0,30.4,0.4,Clear,2000.0,1639.7142857142858,2000,validated
REC_001062,M003,Gateway of India,Maharashtra,Mumbai,Monument,2024-11-25,2024,11,0,0,0,None,None,None,0,2000,1,0,26.2,0.9,Clear,2000.0,1639.7142857142858,1519,validated
REC_001063,M003,Gateway of India,Maharashtra,Mumbai,Monument,2024-11-26,2024,11,1,0,0,None,None,None,0,2000,1,0,30.1,2.1,Clear,1519.0,1651.2857142857142,1556,validated
REC_001064,M003,Gateway of India,Maharashtra,Mumbai,Monument,2024-11-27,2024,11,2,0,0,None,None,None,0,2000,1,0,29.5,0.2,Clear,1556.0,1630.5714285714287,1602,validated
REC_001065,M003,Gateway of India,Maharashtra,Mumbai,Monument,2024-11-28,2024,11,3,0,0,None,None,None,0,2000,1,0,27.1,1.0,Cloudy,1602.0,1662.857142857143,1365,validated
REC_001066,M003,Gateway of India,Maharashtra,Mumbai,Monument,2024-11-29,2024,11,4,0,0,None,None,None,0,2000,1,0,27.4,3.3,Clear,1365.0,1651.0,1477,validated
REC_001067,M003,Gateway of India,Maharashtra,Mumbai,Monument,2024-11-30,2024,11,5,1,0,None,None,None,0,2000,1,0,33.1,0.8,Clear,1477.0,1645.5714285714287,2000,validated
REC_001068,M003,Gateway of India,Maharashtra,Mumbai,Monument,2024-12-01,2024,12,6,1,0,None,None,None,0,2000,1,0,30.4,0.3,Clear,2000.0,1645.5714285714287,2000,validated
REC_001069,M003,Gateway of India,Maharashtra,Mumbai,Monument,2024-12-02,2024,12,0,0,0,None,None,None,0,2000,1,0,31.9,0.3,Clear,2000.0,1645.5714285714287,1493,validated
REC_001070,M003,Gateway of India,Maharashtra,Mumbai,Monument,2024-12-03,2024,12,1,0,0,None,None,None,0,2000,1,0,29.7,1.7,Clear,1493.0,1641.857142857143,1512,validated
REC_001071,M003,Gateway of India,Maharashtra,Mumbai,Monument,2024-12-04,2024,12,2,0,0,None,None,None,0,2000,1,0,26.4,1.0,Clear,1512.0,1635.5714285714287,1597,validated
REC_001072,M003,Gateway of India,Maharashtra,Mumbai,Monument,2024-12-05,2024,12,3,0,0,None,None,None,0,2000,1,0,29.2,0.8,Clear,1597.0,1634.857142857143,1426,validated
REC_001073,M003,Gateway of India,Maharashtra,Mumbai,Monument,2024-12-06,2024,12,4,0,0,None,None,None,0,2000,1,0,27.3,1.5,Cloudy,1426.0,1643.5714285714287,1483,validated
REC_001074,M003,Gateway of India,Maharashtra,Mumbai,Monument,2024-12-07,2024,12,5,1,0,None,None,None,0,2000,1,0,30.4,0.5,Cloudy,1483.0,1644.4285714285713,2000,validated
REC_001075,M003,Gateway of India,Maharashtra,Mumbai,Monument,2024-12-08,2024,12,6,1,0,None,None,None,0,2000,1,0,23.5,2.7,Clear,2000.0,1644.4285714285713,2000,validated
REC_001076,M003,Gateway of India,Maharashtra,Mumbai,Monument,2024-12-09,2024,12,0,0,0,None,None,None,0,2000,1,0,28.4,3.5,Clear,2000.0,1644.4285714285713,1421,validated
REC_001077,M003,Gateway of India,Maharashtra,Mumbai,Monument,2024-12-10,2024,12,1,0,0,None,None,None,0,2000,1,0,27.6,0.7,Clear,1421.0,1634.142857142857,1458,validated
REC_001078,M003,Gateway of India,Maharashtra,Mumbai,Monument,2024-12-11,2024,12,2,0,0,None,None,None,0,2000,1,0,23.9,0.5,Clear,1458.0,1626.4285714285713,1443,validated
REC_001079,M003,Gateway of India,Maharashtra,Mumbai,Monument,2024-12-12,2024,12,3,0,0,None,None,None,0,2000,1,0,27.6,0.5,Clear,1443.0,1604.4285714285713,1566,validated
REC_001080,M003,Gateway of India,Maharashtra,Mumbai,Monument,2024-12-13,2024,12,4,0,0,None,None,None,0,2000,1,0,32.0,0.1,Cloudy,1566.0,1624.4285714285713,1436,validated
REC_001081,M003,Gateway of India,Maharashtra,Mumbai,Monument,2024-12-14,2024,12,5,1,0,None,None,None,0,2000,1,0,28.3,3.1,Clear,1436.0,1617.7142857142858,2000,validated
REC_001082,M003,Gateway of India,Maharashtra,Mumbai,Monument,2024-12-15,2024,12,6,1,0,None,None,None,0,2000,1,0,32.9,0.9,Clear,2000.0,1617.7142857142858,2000,validated
REC_001083,M003,Gateway of India,Maharashtra,Mumbai,Monument,2024-12-16,2024,12,0,0,0,None,None,None,0,2000,1,0,26.3,0.5,Clear,2000.0,1617.7142857142858,1467,validated
REC_001084,M003,Gateway of India,Maharashtra,Mumbai,Monument,2024-12-17,2024,12,1,0,0,None,None,None,0,2000,1,0,26.3,0.1,Clear,1467.0,1624.2857142857142,1545,validated
REC_001085,M003,Gateway of India,Maharashtra,Mumbai,Monument,2024-12-18,2024,12,2,0,0,None,None,None,0,2000,1,0,30.0,0.9,Clear,1545.0,1636.7142857142858,1514,validated
REC_001086,M003,Gateway of India,Maharashtra,Mumbai,Monument,2024-12-19,2024,12,3,0,0,None,None,None,0,2000,1,0,28.4,0.1,Clear,1514.0,1646.857142857143,1598,validated
REC_001087,M003,Gateway of India,Maharashtra,Mumbai,Monument,2024-12-20,2024,12,4,0,0,None,None,None,0,2000,1,0,27.6,0.4,Clear,1598.0,1651.4285714285713,1555,validated
REC_001088,M003,Gateway of India,Maharashtra,Mumbai,Monument,2024-12-21,2024,12,5,1,0,None,None,None,0,2000,1,0,27.6,0.9,Clear,1555.0,1668.4285714285713,2000,validated
REC_001089,M003,Gateway of India,Maharashtra,Mumbai,Monument,2024-12-22,2024,12,6,1,0,None,None,None,1,2000,1,0,30.4,0.1,Clear,2000.0,1668.4285714285713,2000,validated
REC_001090,M003,Gateway of India,Maharashtra,Mumbai,Monument,2024-12-23,2024,12,0,0,0,None,None,None,1,2000,1,0,30.2,1.5,Clear,2000.0,1668.4285714285713,1756,validated
REC_001091,M003,Gateway of India,Maharashtra,Mumbai,Monument,2024-12-24,2024,12,1,0,0,None,None,None,1,2000,1,0,29.1,0.0,Clear,1756.0,1709.7142857142858,1649,validated
REC_001092,M003,Gateway of India,Maharashtra,Mumbai,Monument,2024-12-25,2024,12,2,0,1,Christmas,Christmas,High,1,2000,1,0,33.3,2.7,Clear,1649.0,1724.5714285714287,2000,validated
REC_001093,M003,Gateway of India,Maharashtra,Mumbai,Monument,2024-12-26,2024,12,3,0,0,None,None,None,1,2000,1,0,30.8,3.0,Clear,2000.0,1794.0,1712,validated
REC_001094,M003,Gateway of India,Maharashtra,Mumbai,Monument,2024-12-27,2024,12,4,0,0,None,None,None,1,2000,1,0,26.8,0.1,Clear,1712.0,1810.2857142857142,1791,validated
REC_001095,M003,Gateway of India,Maharashtra,Mumbai,Monument,2024-12-28,2024,12,5,1,0,None,None,None,1,2000,1,0,25.5,0.1,Clear,1791.0,1844.0,2000,validated
REC_001096,M003,Gateway of India,Maharashtra,Mumbai,Monument,2024-12-29,2024,12,6,1,0,None,None,None,1,2000,1,0,27.5,0.2,Clear,2000.0,1844.0,2000,validated
REC_001097,M003,Gateway of India,Maharashtra,Mumbai,Monument,2024-12-30,2024,12,0,0,0,None,None,None,1,2000,1,0,28.7,0.4,Cloudy,2000.0,1844.0,1823,validated
REC_001098,M003,Gateway of India,Maharashtra,Mumbai,Monument,2024-12-31,2024,12,1,0,0,None,None,None,1,2000,1,0,30.5,1.0,Cloudy,1823.0,1853.5714285714287,1737,validated
REC_001099,M004,Qutub Minar,Delhi,New Delhi,Minaret,2024-01-01,2024,1,0,0,1,New Year's Day,None,Low,0,2500,1,0,10.2,4.8,Clear,,,2446,validated
REC_001100,M004,Qutub Minar,Delhi,New Delhi,Minaret,2024-01-02,2024,1,1,0,0,None,None,None,0,2500,1,0,10.6,1.5,Clear,2446.0,2446.0,1845,validated
REC_001101,M004,Qutub Minar,Delhi,New Delhi,Minaret,2024-01-03,2024,1,2,0,0,None,None,None,0,2500,1,0,17.5,1.1,Foggy,1845.0,2145.5,1664,validated
REC_001102,M004,Qutub Minar,Delhi,New Delhi,Minaret,2024-01-04,2024,1,3,0,0,None,None,None,0,2500,1,0,12.5,0.9,Foggy,1664.0,1985.0,1639,validated
REC_001103,M004,Qutub Minar,Delhi,New Delhi,Minaret,2024-01-05,2024,1,4,0,0,None,None,None,0,2500,1,0,12.7,0.7,Foggy,1639.0,1898.5,1575,validated
REC_001104,M004,Qutub Minar,Delhi,New Delhi,Minaret,2024-01-06,2024,1,5,1,0,None,None,None,0,2500,1,0,14.7,1.0,Clear,1575.0,1833.8,2283,validated
REC_001105,M004,Qutub Minar,Delhi,New Delhi,Minaret,2024-01-07,2024,1,6,1,0,None,None,None,0,2500,1,0,13.5,1.1,Foggy,2283.0,1908.6666666666667,2371,validated
REC_001106,M004,Qutub Minar,Delhi,New Delhi,Minaret,2024-01-08,2024,1,0,0,0,None,None,None,0,2500,1,0,14.3,1.3,Clear,2371.0,1974.7142857142858,1733,validated
REC_001107,M004,Qutub Minar,Delhi,New Delhi,Minaret,2024-01-09,2024,1,1,0,0,None,None,None,0,2500,1,0,15.4,0.1,Foggy,1733.0,1872.857142857143,1625,validated
REC_001108,M004,Qutub Minar,Delhi,New Delhi,Minaret,2024-01-10,2024,1,2,0,0,None,None,None,0,2500,1,0,19.3,0.1,Clear,1625.0,1841.4285714285713,1853,validated
REC_001109,M004,Qutub Minar,Delhi,New Delhi,Minaret,2024-01-11,2024,1,3,0,0,None,None,None,0,2500,1,0,12.8,0.1,Foggy,1853.0,1868.4285714285713,1686,validated
REC_001110,M004,Qutub Minar,Delhi,New Delhi,Minaret,2024-01-12,2024,1,4,0,0,None,None,None,0,2500,1,0,9.9,0.7,Clear,1686.0,1875.142857142857,1810,validated
REC_001111,M004,Qutub Minar,Delhi,New Delhi,Minaret,2024-01-13,2024,1,5,1,0,None,None,None,0,2500,1,0,14.8,0.2,Clear,1810.0,1908.7142857142858,2500,validated
REC_001112,M004,Qutub Minar,Delhi,New Delhi,Minaret,2024-01-14,2024,1,6,1,1,Makar Sankranti,Pongal,High,0,2500,1,0,12.0,0.0,Clear,2500.0,1939.7142857142858,2500,validated
REC_001113,M004,Qutub Minar,Delhi,New Delhi,Minaret,2024-01-15,2024,1,0,0,1,Pongal,Pongal,High,0,2500,1,0,11.2,1.0,Clear,2500.0,1958.142857142857,2500,validated
REC_001114,M004,Qutub Minar,Delhi,New Delhi,Minaret,2024-01-16,2024,1,1,0,0,None,None,None,0,2500,1,0,14.3,2.0,Foggy,2500.0,2067.714285714286,1661,validated
REC_001115,M004,Qutub Minar,Delhi,New Delhi,Minaret,2024-01-17,2024,1,2,0,0,None,None,None,0,2500,1,0,10.5,0.2,Foggy,1661.0,2072.8571428571427,1574,validated
REC_001116,M004,Qutub Minar,Delhi,New Delhi,Minaret,2024-01-18,2024,1,3,0,0,None,None,None,0,2500,1,0,15.6,1.2,Clear,1574.0,2033.0,1893,validated
REC_001117,M004,Qutub Minar,Delhi,New Delhi,Minaret,2024-01-19,2024,1,4,0,0,None,None,None,0,2500,1,0,11.8,2.3,Clear,1893.0,2062.5714285714284,1681,validated
REC_001118,M004,Qutub Minar,Delhi,New Delhi,Minaret,2024-01-20,2024,1,5,1,0,None,None,None,0,2500,1,0,15.3,2.7,Foggy,1681.0,2044.142857142857,2308,validated
REC_001119,M004,Qutub Minar,Delhi,New Delhi,Minaret,2024-01-21,2024,1,6,1,0,None,None,None,0,2500,1,0,10.2,5.7,Foggy,2308.0,2016.7142857142858,2149,validated
REC_001120,M004,Qutub Minar,Delhi,New Delhi,Minaret,2024-01-22,2024,1,0,0,0,None,None,None,0,2500,1,0,12.5,2.0,Clear,2149.0,1966.5714285714287,1897,validated
REC_001121,M004,Qutub Minar,Delhi,New Delhi,Minaret,2024-01-23,2024,1,1,0,0,None,None,None,0,2500,1,0,17.0,2.4,Clear,1897.0,1880.4285714285713,1825,validated
REC_001122,M004,Qutub Minar,Delhi,New Delhi,Minaret,2024-01-24,2024,1,2,0,0,None,None,None,0,2500,1,0,14.4,0.2,Clear,1825.0,1903.857142857143,1767,validated
REC_001123,M004,Qutub Minar,Delhi,New Delhi,Minaret,2024-01-25,2024,1,3,0,0,None,None,None,0,2500,1,0,8.5,1.1,Clear,1767.0,1931.4285714285713,1899,validated
REC_001124,M004,Qutub Minar,Delhi,New Delhi,Minaret,2024-01-26,2024,1,4,0,1,Republic Day,None,High,0,2500,1,0,15.0,0.8,Foggy,1899.0,1932.2857142857142,2406,validated
REC_001125,M004,Qutub Minar,Delhi,New Delhi,Minaret,2024-01-27,2024,1,5,1,0,None,None,None,0,2500,1,0,17.4,1.0,Clear,2406.0,2035.857142857143,2457,validated
REC_001126,M004,Qutub Minar,Delhi,New Delhi,Minaret,2024-01-28,2024,1,6,1,0,None,None,None,0,2500,1,0,16.9,1.3,Foggy,2457.0,2057.1428571428573,2145,validated
REC_001127,M004,Qutub Minar,Delhi,New Delhi,Minaret,2024-01-29,2024,1,0,0,0,None,None,None,0,2500,1,0,20.4,1.3,Foggy,2145.0,2056.5714285714284,1509,validated
REC_001128,M004,Qutub Minar,Delhi,New Delhi,Minaret,2024-01-30,2024,1,1,0,0,None,None,None,0,2500,1,0,17.0,1.2,Foggy,1509.0,2001.142857142857,1569,validated
REC_001129,M004,Qutub Minar,Delhi,New Delhi,Minaret,2024-01-31,2024,1,2,0,0,None,None,None,0,2500,1,0,15.5,2.4,Clear,1569.0,1964.5714285714287,1960,validated
REC_001130,M004,Qutub Minar,Delhi,New Delhi,Minaret,2024-02-01,2024,2,3,0,0,None,None,None,0,2500,1,0,23.2,0.3,Clear,1960.0,1992.142857142857,2019,validated
REC_001131,M004,Qutub Minar,Delhi,New Delhi,Minaret,2024-02-02,2024,2,4,0,0,None,None,None,0,2500,1,0,29.4,1.4,Clear,2019.0,2009.2857142857142,1667,validated
REC_001132,M004,Qutub Minar,Delhi,New Delhi,Minaret,2024-02-03,2024,2,5,1,0,None,None,None,0,2500,1,0,24.0,0.7,Clear,1667.0,1903.7142857142858,2500,validated
REC_001133,M004,Qutub Minar,Delhi,New Delhi,Minaret,2024-02-04,2024,2,6,1,0,None,None,None,0,2500,1,0,24.2,5.7,Haze,2500.0,1909.857142857143,2500,validated
REC_001134,M004,Qutub Minar,Delhi,New Delhi,Minaret,2024-02-05,2024,2,0,0,0,None,None,None,0,2500,1,0,21.3,2.0,Clear,2500.0,1960.5714285714287,1794,validated
REC_001135,M004,Qutub Minar,Delhi,New Delhi,Minaret,2024-02-06,2024,2,1,0,0,None,None,None,0,2500,1,0,25.7,4.5,Haze,1794.0,2001.2857142857142,1574,validated
REC_001136,M004,Qutub Minar,Delhi,New Delhi,Minaret,2024-02-07,2024,2,2,0,0,None,None,None,0,2500,1,0,26.8,1.8,Clear,1574.0,2002.0,1816,validated
REC_001137,M004,Qutub Minar,Delhi,New Delhi,Minaret,2024-02-08,2024,2,3,0,0,None,None,None,0,2500,1,0,28.7,4.9,Clear,1816.0,1981.4285714285713,1760,validated
REC_001138,M004,Qutub Minar,Delhi,New Delhi,Minaret,2024-02-09,2024,2,4,0,0,None,None,None,0,2500,1,0,22.3,0.4,Haze,1760.0,1944.4285714285713,1728,validated
REC_001139,M004,Qutub Minar,Delhi,New Delhi,Minaret,2024-02-10,2024,2,5,1,0,None,None,None,0,2500,1,0,25.6,1.8,Clear,1728.0,1953.142857142857,2370,validated
REC_001140,M004,Qutub Minar,Delhi,New Delhi,Minaret,2024-02-11,2024,2,6,1,0,None,None,None,0,2500,1,0,21.8,0.2,Haze,2370.0,1934.5714285714287,2500,validated
REC_001141,M004,Qutub Minar,Delhi,New Delhi,Minaret,2024-02-12,2024,2,0,0,0,None,None,None,0,2500,1,0,19.5,0.7,Clear,2500.0,1934.5714285714287,1808,validated
REC_001142,M004,Qutub Minar,Delhi,New Delhi,Minaret,2024-02-13,2024,2,1,0,0,None,None,None,0,2500,1,0,28.0,3.2,Clear,1808.0,1936.5714285714287,1906,validated
REC_001143,M004,Qutub Minar,Delhi,New Delhi,Minaret,2024-02-14,2024,2,2,0,0,None,None,None,0,2500,1,0,23.7,1.7,Clear,1906.0,1984.0,1889,validated
REC_001144,M004,Qutub Minar,Delhi,New Delhi,Minaret,2024-02-15,2024,2,3,0,0,None,None,None,0,2500,1,0,25.4,11.6,Clear,1889.0,1994.4285714285713,1817,validated
REC_001145,M004,Qutub Minar,Delhi,New Delhi,Minaret,2024-02-16,2024,2,4,0,0,None,None,None,0,2500,1,0,25.9,0.1,Haze,1817.0,2002.5714285714287,1767,validated
REC_001146,M004,Qutub Minar,Delhi,New Delhi,Minaret,2024-02-17,2024,2,5,1,0,None,None,None,0,2500,1,0,23.2,0.5,Haze,1767.0,2008.142857142857,2500,validated
REC_001147,M004,Qutub Minar,Delhi,New Delhi,Minaret,2024-02-18,2024,2,6,1,0,None,None,None,0,2500,1,0,24.0,2.2,Haze,2500.0,2026.7142857142858,2500,validated
REC_001148,M004,Qutub Minar,Delhi,New Delhi,Minaret,2024-02-19,2024,2,0,0,0,None,None,None,0,2500,1,0,26.4,0.7,Clear,2500.0,2026.7142857142858,1870,validated
REC_001149,M004,Qutub Minar,Delhi,New Delhi,Minaret,2024-02-20,2024,2,1,0,0,None,None,None,0,2500,1,0,25.7,0.7,Clear,1870.0,2035.5714285714287,1816,validated
REC_001150,M004,Qutub Minar,Delhi,New Delhi,Minaret,2024-02-21,2024,2,2,0,0,None,None,None,0,2500,1,0,26.3,6.7,Clear,1816.0,2022.7142857142858,1894,validated
REC_001151,M004,Qutub Minar,Delhi,New Delhi,Minaret,2024-02-22,2024,2,3,0,0,None,None,None,0,2500,1,0,25.1,2.6,Clear,1894.0,2023.4285714285713,1726,validated
REC_001152,M004,Qutub Minar,Delhi,New Delhi,Minaret,2024-02-23,2024,2,4,0,0,None,None,None,0,2500,1,0,24.1,0.7,Clear,1726.0,2010.4285714285713,1668,validated
REC_001153,M004,Qutub Minar,Delhi,New Delhi,Minaret,2024-02-24,2024,2,5,1,0,None,None,None,0,2500,1,0,27.9,0.5,Clear,1668.0,1996.2857142857142,2500,validated
REC_001154,M004,Qutub Minar,Delhi,New Delhi,Minaret,2024-02-25,2024,2,6,1,0,None,None,None,0,2500,1,0,21.5,3.1,Clear,2500.0,1996.2857142857142,2500,validated
REC_001155,M004,Qutub Minar,Delhi,New Delhi,Minaret,2024-02-26,2024,2,0,0,0,None,None,None,0,2500,1,0,28.0,4.5,Clear,2500.0,1996.2857142857142,1737,validated
REC_001156,M004,Qutub Minar,Delhi,New Delhi,Minaret,2024-02-27,2024,2,1,0,0,None,None,None,0,2500,1,0,19.5,0.1,Clear,1737.0,1977.2857142857142,1695,validated
REC_001157,M004,Qutub Minar,Delhi,New Delhi,Minaret,2024-02-28,2024,2,2,0,0,None,None,None,0,2500,1,0,23.1,0.8,Clear,1695.0,1960.0,1759,validated
REC_001158,M004,Qutub Minar,Delhi,New Delhi,Minaret,2024-02-29,2024,2,3,0,0,None,None,None,0,2500,1,0,22.9,3.9,Clear,1759.0,1940.7142857142858,1864,validated
REC_001159,M004,Qutub Minar,Delhi,New Delhi,Minaret,2024-03-01,2024,3,4,0,0,None,None,None,0,2500,1,0,22.3,2.3,Clear,1864.0,1960.4285714285713,1531,validated
REC_001160,M004,Qutub Minar,Delhi,New Delhi,Minaret,2024-03-02,2024,3,5,1,0,None,None,None,0,2500,1,0,20.6,1.4,Clear,1531.0,1940.857142857143,2308,validated
REC_001161,M004,Qutub Minar,Delhi,New Delhi,Minaret,2024-03-03,2024,3,6,1,0,None,None,None,0,2500,1,0,20.9,0.7,Clear,2308.0,1913.4285714285713,2178,validated
REC_001162,M004,Qutub Minar,Delhi,New Delhi,Minaret,2024-03-04,2024,3,0,0,0,None,None,None,0,2500,1,0,23.6,2.2,Clear,2178.0,1867.4285714285713,1525,validated
REC_001163,M004,Qutub Minar,Delhi,New Delhi,Minaret,2024-03-05,2024,3,1,0,0,None,None,None,0,2500,1,0,26.5,0.3,Clear,1525.0,1837.142857142857,1468,validated
REC_001164,M004,Qutub Minar,Delhi,New Delhi,Minaret,2024-03-06,2024,3,2,0,0,None,None,None,0,2500,1,0,26.5,0.6,Clear,1468.0,1804.7142857142858,1586,validated
REC_001165,M004,Qutub Minar,Delhi,New Delhi,Minaret,2024-03-07,2024,3,3,0,0,None,None,None,0,2500,1,0,23.4,3.8,Clear,1586.0,1780.0,1635,validated
REC_001166,M004,Qutub Minar,Delhi,New Delhi,Minaret,2024-03-08,2024,3,4,0,1,Maha Shivratri,Shivratri,Medium,0,2500,1,0,25.0,1.6,Haze,1635.0,1747.2857142857142,1917,validated
REC_001167,M004,Qutub Minar,Delhi,New Delhi,Minaret,2024-03-09,2024,3,5,1,0,None,None,None,0,2500,1,0,24.3,1.9,Clear,1917.0,1802.4285714285713,2371,validated
REC_001168,M004,Qutub Minar,Delhi,New Delhi,Minaret,2024-03-10,2024,3,6,1,0,None,None,None,0,2500,1,0,25.1,2.5,Haze,2371.0,1811.4285714285713,2216,validated
REC_001169,M004,Qutub Minar,Delhi,New Delhi,Minaret,2024-03-11,2024,3,0,0,0,None,None,None,0,2500,1,0,25.4,2.4,Clear,2216.0,1816.857142857143,1570,validated
REC_001170,M004,Qutub Minar,Delhi,New Delhi,Minaret,2024-03-12,2024,3,1,0,0,None,None,None,0,2500,1,0,25.1,0.2,Clear,1570.0,1823.2857142857142,1545,validated
REC_001171,M004,Qutub Minar,Delhi,New Delhi,Minaret,2024-03-13,2024,3,2,0,0,None,None,None,0,2500,1,0,24.2,2.0,Clear,1545.0,1834.2857142857142,1514,validated
REC_001172,M004,Qutub Minar,Delhi,New Delhi,Minaret,2024-03-14,2024,3,3,0,0,None,None,None,0,2500,1,0,27.0,1.0,Haze,1514.0,1824.0,1445,validated
REC_001173,M004,Qutub Minar,Delhi,New Delhi,Minaret,2024-03-15,2024,3,4,0,0,None,None,None,0,2500,1,0,24.1,7.4,Clear,1445.0,1796.857142857143,1480,validated
REC_001174,M004,Qutub Minar,Delhi,New Delhi,Minaret,2024-03-16,2024,3,5,1,0,None,None,None,0,2500,1,0,19.9,1.5,Clear,1480.0,1734.4285714285713,2038,validated
REC_001175,M004,Qutub Minar,Delhi,New Delhi,Minaret,2024-03-17,2024,3,6,1,0,None,None,None,0,2500,1,0,24.0,1.4,Haze,2038.0,1686.857142857143,2288,validated
REC_001176,M004,Qutub Minar,Delhi,New Delhi,Minaret,2024-03-18,2024,3,0,0,0,None,None,None,0,2500,0,1,24.6,1.8,Clear,2288.0,1697.142857142857,0,validated
REC_001177,M004,Qutub Minar,Delhi,New Delhi,Minaret,2024-03-19,2024,3,1,0,0,None,None,None,0,2500,1,0,22.3,1.1,Clear,0.0,1472.857142857143,1538,validated
REC_001178,M004,Qutub Minar,Delhi,New Delhi,Minaret,2024-03-20,2024,3,2,0,0,None,None,None,0,2500,1,0,22.5,2.1,Clear,1538.0,1471.857142857143,1375,validated
REC_001179,M004,Qutub Minar,Delhi,New Delhi,Minaret,2024-03-21,2024,3,3,0,0,None,None,None,0,2500,1,0,23.1,2.8,Clear,1375.0,1452.0,1567,validated
REC_001180,M004,Qutub Minar,Delhi,New Delhi,Minaret,2024-03-22,2024,3,4,0,0,None,None,None,0,2500,1,0,19.0,10.9,Clear,1567.0,1469.4285714285713,1482,validated
REC_001181,M004,Qutub Minar,Delhi,New Delhi,Minaret,2024-03-23,2024,3,5,1,0,None,None,None,0,2500,1,0,25.9,0.1,Haze,1482.0,1469.7142857142858,2021,validated
REC_001182,M004,Qutub Minar,Delhi,New Delhi,Minaret,2024-03-24,2024,3,6,1,0,None,None,None,0,2500,1,0,22.8,0.0,Clear,2021.0,1467.2857142857142,2227,validated
REC_001183,M004,Qutub Minar,Delhi,New Delhi,Minaret,2024-03-25,2024,3,0,0,1,Holi,Holi,High,0,2500,1,0,26.0,0.4,Haze,2227.0,1458.5714285714287,2342,validated
REC_001184,M004,Qutub Minar,Delhi,New Delhi,Minaret,2024-03-26,2024,3,1,0,0,None,None,None,0,2500,1,0,23.1,5.3,Clear,2342.0,1793.142857142857,1502,validated
REC_001185,M004,Qutub Minar,Delhi,New Delhi,Minaret,2024-03-27,2024,3,2,0,0,None,None,None,0,2500,1,0,20.9,0.9,Clear,1502.0,1788.0,1609,validated
REC_001186,M004,Qutub Minar,Delhi,New Delhi,Minaret,2024-03-28,2024,3,3,0,0,None,None,None,0,2500,1,0,26.4,0.2,Haze,1609.0,1821.4285714285713,1492,validated
REC_001187,M004,Qutub Minar,Delhi,New Delhi,Minaret,2024-03-29,2024,3,4,0,1,Good Friday,None,Low,0,2500,1,0,22.6,3.2,Clear,1492.0,1810.7142857142858,2053,validated
REC_001188,M004,Qutub Minar,Delhi,New Delhi,Minaret,2024-03-30,2024,3,5,1,0,None,None,None,0,2500,1,0,22.2,1.4,Clear,2053.0,1892.2857142857142,2151,validated
REC_001189,M004,Qutub Minar,Delhi,New Delhi,Minaret,2024-03-31,2024,3,6,1,0,None,None,None,0,2500,1,0,28.5,9.0,Clear,2151.0,1910.857142857143,2201,validated
REC_001190,M004,Qutub Minar,Delhi,New Delhi,Minaret,2024-04-01,2024,4,0,0,0,None,None,None,0,2500,1,0,32.3,19.4,Clear,2201.0,1907.142857142857,1426,validated
REC_001191,M004,Qutub Minar,Delhi,New Delhi,Minaret,2024-04-02,2024,4,1,0,0,None,None,None,0,2500,1,0,42.6,0.0,Clear,1426.0,1776.2857142857142,1045,validated
REC_001192,M004,Qutub Minar,Delhi,New Delhi,Minaret,2024-04-03,2024,4,2,0,0,None,None,None,0,2500,1,0,36.2,6.8,Clear,1045.0,1711.0,1575,validated
REC_001193,M004,Qutub Minar,Delhi,New Delhi,Minaret,2024-04-04,2024,4,3,0,0,None,None,None,0,2500,1,0,36.3,0.0,Clear,1575.0,1706.142857142857,1420,validated
REC_001194,M004,Qutub Minar,Delhi,New Delhi,Minaret,2024-04-05,2024,4,4,0,0,None,None,None,0,2500,1,0,35.2,1.1,Clear,1420.0,1695.857142857143,1367,validated
REC_001195,M004,Qutub Minar,Delhi,New Delhi,Minaret,2024-04-06,2024,4,5,1,0,None,None,None,0,2500,1,0,39.7,2.2,Clear,1367.0,1597.857142857143,2275,validated
REC_001196,M004,Qutub Minar,Delhi,New Delhi,Minaret,2024-04-07,2024,4,6,1,0,None,None,None,0,2500,1,0,36.9,9.4,Clear,2275.0,1615.5714285714287,1949,validated
REC_001197,M004,Qutub Minar,Delhi,New Delhi,Minaret,2024-04-08,2024,4,0,0,0,None,None,None,0,2500,1,0,37.7,0.5,Clear,1949.0,1579.5714285714287,1420,validated
REC_001198,M004,Qutub Minar,Delhi,New Delhi,Minaret,2024-04-09,2024,4,1,0,1,Ugadi / Gudi Padwa,Ugadi,Medium,0,2500,1,0,34.3,1.5,Clear,1420.0,1578.7142857142858,1995,validated
REC_001199,M004,Qutub Minar,Delhi,New Delhi,Minaret,2024-04-10,2024,4,2,0,0,None,None,None,0,2500,1,0,36.1,0.5,Clear,1995.0,1714.4285714285713,1433,validated
REC_001200,M004,Qutub Minar,Delhi,New Delhi,Minaret,2024-04-11,2024,4,3,0,1,Eid-ul-Fitr,Eid,High,0,2500,1,0,39.1,0.3,Clear,1433.0,1694.142857142857,2346,validated
REC_001201,M004,Qutub Minar,Delhi,New Delhi,Minaret,2024-04-12,2024,4,4,0,0,None,None,None,0,2500,1,0,42.6,0.3,Clear,2346.0,1826.4285714285713,1113,validated
REC_001202,M004,Qutub Minar,Delhi,New Delhi,Minaret,2024-04-13,2024,4,5,1,0,None,None,None,0,2500,1,0,38.8,7.7,Clear,1113.0,1790.142857142857,2175,validated
REC_001203,M004,Qutub Minar,Delhi,New Delhi,Minaret,2024-04-14,2024,4,6,1,0,None,None,None,0,2500,1,0,36.9,5.9,Clear,2175.0,1775.857142857143,2105,validated
REC_001204,M004,Qutub Minar,Delhi,New Delhi,Minaret,2024-04-15,2024,4,0,0,0,None,None,None,0,2500,1,0,34.9,1.4,Clear,2105.0,1798.142857142857,1395,validated
REC_001205,M004,Qutub Minar,Delhi,New Delhi,Minaret,2024-04-16,2024,4,1,0,0,None,None,None,0,2500,1,0,32.4,3.1,Clear,1395.0,1794.5714285714287,1536,validated
REC_001206,M004,Qutub Minar,Delhi,New Delhi,Minaret,2024-04-17,2024,4,2,0,1,Ram Navami,Ram Navami,Medium,0,2500,1,0,35.0,0.7,Clear,1536.0,1729.0,1953,validated
REC_001207,M004,Qutub Minar,Delhi,New Delhi,Minaret,2024-04-18,2024,4,3,0,0,None,None,None,0,2500,1,0,31.1,6.4,Clear,1953.0,1803.2857142857142,1559,validated
REC_001208,M004,Qutub Minar,Delhi,New Delhi,Minaret,2024-04-19,2024,4,4,0,0,None,None,None,0,2500,1,0,42.6,0.7,Clear,1559.0,1690.857142857143,1076,validated
REC_001209,M004,Qutub Minar,Delhi,New Delhi,Minaret,2024-04-20,2024,4,5,1,0,None,None,None,0,2500,1,0,38.3,1.9,Clear,1076.0,1685.5714285714287,2120,validated
REC_001210,M004,Qutub Minar,Delhi,New Delhi,Minaret,2024-04-21,2024,4,6,1,1,Mahavir Jayanti,None,Low,0,2500,1,0,37.7,1.3,Clear,2120.0,1677.7142857142858,2500,validated
REC_001211,M004,Qutub Minar,Delhi,New Delhi,Minaret,2024-04-22,2024,4,0,0,0,None,None,None,0,2500,1,0,37.6,0.8,Clear,2500.0,1734.142857142857,1541,validated
REC_001212,M004,Qutub Minar,Delhi,New Delhi,Minaret,2024-04-23,2024,4,1,0,0,None,None,None,0,2500,1,0,37.5,0.6,Clear,1541.0,1755.0,1470,validated
REC_001213,M004,Qutub Minar,Delhi,New Delhi,Minaret,2024-04-24,2024,4,2,0,0,None,None,None,0,2500,1,0,38.9,15.9,Clear,1470.0,1745.5714285714287,1598,validated
REC_001214,M004,Qutub Minar,Delhi,New Delhi,Minaret,2024-04-25,2024,4,3,0,0,None,None,None,0,2500,1,0,36.0,1.7,Clear,1598.0,1694.857142857143,1411,validated
REC_001215,M004,Qutub Minar,Delhi,New Delhi,Minaret,2024-04-26,2024,4,4,0,0,None,None,None,0,2500,1,0,39.7,0.6,Clear,1411.0,1673.7142857142858,1520,validated
REC_001216,M004,Qutub Minar,Delhi,New Delhi,Minaret,2024-04-27,2024,4,5,1,0,None,None,None,0,2500,1,0,41.0,6.6,Clear,1520.0,1737.142857142857,1614,validated
REC_001217,M004,Qutub Minar,Delhi,New Delhi,Minaret,2024-04-28,2024,4,6,1,0,None,None,None,0,2500,1,0,36.2,1.5,Clear,1614.0,1664.857142857143,2022,validated
REC_001218,M004,Qutub Minar,Delhi,New Delhi,Minaret,2024-04-29,2024,4,0,0,0,None,None,None,0,2500,1,0,42.6,0.6,Clear,2022.0,1596.5714285714287,1194,validated
REC_001219,M004,Qutub Minar,Delhi,New Delhi,Minaret,2024-04-30,2024,4,1,0,0,None,None,None,0,2500,1,0,39.3,1.9,Clear,1194.0,1547.0,1479,validated
REC_001220,M004,Qutub Minar,Delhi,New Delhi,Minaret,2024-05-01,2024,5,2,0,0,None,None,None,1,2500,1,0,36.8,1.1,Clear,1479.0,1548.2857142857142,1447,validated
REC_001221,M004,Qutub Minar,Delhi,New Delhi,Minaret,2024-05-02,2024,5,3,0,0,None,None,None,1,2500,1,0,33.2,3.7,Clear,1447.0,1526.7142857142858,1312,validated
REC_001222,M004,Qutub Minar,Delhi,New Delhi,Minaret,2024-05-03,2024,5,4,0,0,None,None,None,1,2500,1,0,42.9,6.9,Clear,1312.0,1512.5714285714287,1027,validated
REC_001223,M004,Qutub Minar,Delhi,New Delhi,Minaret,2024-05-04,2024,5,5,1,0,None,None,None,1,2500,1,0,33.0,6.5,Clear,1027.0,1442.142857142857,1968,validated
REC_001224,M004,Qutub Minar,Delhi,New Delhi,Minaret,2024-05-05,2024,5,6,1,0,None,None,None,1,2500,1,0,40.8,4.6,Clear,1968.0,1492.7142857142858,1473,validated
REC_001225,M004,Qutub Minar,Delhi,New Delhi,Minaret,2024-05-06,2024,5,0,0,0,None,None,None,1,2500,1,0,37.5,3.8,Clear,1473.0,1414.2857142857142,1338,validated
REC_001226,M004,Qutub Minar,Delhi,New Delhi,Minaret,2024-05-07,2024,5,1,0,0,None,None,None,1,2500,1,0,33.2,0.3,Clear,1338.0,1434.857142857143,1348,validated
REC_001227,M004,Qutub Minar,Delhi,New Delhi,Minaret,2024-05-08,2024,5,2,0,0,None,None,None,1,2500,1,0,35.2,0.4,Clear,1348.0,1416.142857142857,1306,validated
REC_001228,M004,Qutub Minar,Delhi,New Delhi,Minaret,2024-05-09,2024,5,3,0,0,None,None,None,1,2500,1,0,37.8,1.5,Clear,1306.0,1396.0,1402,validated
REC_001229,M004,Qutub Minar,Delhi,New Delhi,Minaret,2024-05-10,2024,5,4,0,0,None,None,None,1,2500,1,0,43.8,8.6,Clear,1402.0,1408.857142857143,1114,validated
REC_001230,M004,Qutub Minar,Delhi,New Delhi,Minaret,2024-05-11,2024,5,5,1,0,None,None,None,1,2500,1,0,46.4,0.9,Clear,1114.0,1421.2857142857142,1418,validated
REC_001231,M004,Qutub Minar,Delhi,New Delhi,Minaret,2024-05-12,2024,5,6,1,0,None,None,None,1,2500,1,0,32.8,5.7,Clear,1418.0,1342.7142857142858,2039,validated
REC_001232,M004,Qutub Minar,Delhi,New Delhi,Minaret,2024-05-13,2024,5,0,0,0,None,None,None,1,2500,1,0,37.5,5.4,Clear,2039.0,1423.5714285714287,1445,validated
REC_001233,M004,Qutub Minar,Delhi,New Delhi,Minaret,2024-05-14,2024,5,1,0,0,None,None,None,1,2500,1,0,38.9,0.2,Clear,1445.0,1438.857142857143,1363,validated
REC_001234,M004,Qutub Minar,Delhi,New Delhi,Minaret,2024-05-15,2024,5,2,0,0,None,None,None,1,2500,1,0,32.2,1.0,Clear,1363.0,1441.0,1400,validated
REC_001235,M004,Qutub Minar,Delhi,New Delhi,Minaret,2024-05-16,2024,5,3,0,0,None,None,None,1,2500,1,0,38.6,2.2,Clear,1400.0,1454.4285714285713,1400,validated
REC_001236,M004,Qutub Minar,Delhi,New Delhi,Minaret,2024-05-17,2024,5,4,0,0,None,None,None,1,2500,1,0,37.6,2.4,Clear,1400.0,1454.142857142857,1228,validated
REC_001237,M004,Qutub Minar,Delhi,New Delhi,Minaret,2024-05-18,2024,5,5,1,0,None,None,None,1,2500,1,0,37.4,9.6,Clear,1228.0,1470.4285714285713,2152,validated
REC_001238,M004,Qutub Minar,Delhi,New Delhi,Minaret,2024-05-19,2024,5,6,1,0,None,None,None,1,2500,1,0,39.4,6.7,Clear,2152.0,1575.2857142857142,1920,validated
REC_001239,M004,Qutub Minar,Delhi,New Delhi,Minaret,2024-05-20,2024,5,0,0,0,None,None,None,1,2500,1,0,31.3,7.5,Clear,1920.0,1558.2857142857142,1462,validated
REC_001240,M004,Qutub Minar,Delhi,New Delhi,Minaret,2024-05-21,2024,5,1,0,0,None,None,None,1,2500,1,0,36.1,11.3,Clear,1462.0,1560.7142857142858,1476,validated
REC_001241,M004,Qutub Minar,Delhi,New Delhi,Minaret,2024-05-22,2024,5,2,0,0,None,None,None,1,2500,1,0,40.5,6.5,Clear,1476.0,1576.857142857143,1017,validated
REC_001242,M004,Qutub Minar,Delhi,New Delhi,Minaret,2024-05-23,2024,5,3,0,1,Buddha Purnima,None,Low,1,2500,1,0,41.8,0.2,Clear,1017.0,1522.142857142857,1401,validated
REC_001243,M004,Qutub Minar,Delhi,New Delhi,Minaret,2024-05-24,2024,5,4,0,0,None,None,None,1,2500,1,0,34.7,2.4,Clear,1401.0,1522.2857142857142,1328,validated
REC_001244,M004,Qutub Minar,Delhi,New Delhi,Minaret,2024-05-25,2024,5,5,1,0,None,None,None,1,2500,1,0,42.5,4.0,Clear,1328.0,1536.5714285714287,1544,validated
REC_001245,M004,Qutub Minar,Delhi,New Delhi,Minaret,2024-05-26,2024,5,6,1,0,None,None,None,1,2500,1,0,35.4,3.2,Clear,1544.0,1449.7142857142858,1935,validated
REC_001246,M004,Qutub Minar,Delhi,New Delhi,Minaret,2024-05-27,2024,5,0,0,0,None,None,None,1,2500,1,0,34.7,5.5,Clear,1935.0,1451.857142857143,1276,validated
REC_001247,M004,Qutub Minar,Delhi,New Delhi,Minaret,2024-05-28,2024,5,1,0,0,None,None,None,1,2500,1,0,37.7,13.7,Clear,1276.0,1425.2857142857142,1318,validated
REC_001248,M004,Qutub Minar,Delhi,New Delhi,Minaret,2024-05-29,2024,5,2,0,0,None,None,None,1,2500,1,0,28.9,9.1,Clear,1318.0,1402.7142857142858,1508,validated
REC_001249,M004,Qutub Minar,Delhi,New Delhi,Minaret,2024-05-30,2024,5,3,0,0,None,None,None,1,2500,1,0,38.8,1.2,Clear,1508.0,1472.857142857143,1308,validated
REC_001250,M004,Qutub Minar,Delhi,New Delhi,Minaret,2024-05-31,2024,5,4,0,0,None,None,None,1,2500,1,0,37.5,0.9,Clear,1308.0,1459.5714285714287,1446,validated
REC_001251,M004,Qutub Minar,Delhi,New Delhi,Minaret,2024-06-01,2024,6,5,1,0,None,None,None,1,2500,1,0,39.6,3.2,Clear,1446.0,1476.4285714285713,2048,validated
REC_001252,M004,Qutub Minar,Delhi,New Delhi,Minaret,2024-06-02,2024,6,6,1,0,None,None,None,1,2500,1,0,35.5,3.7,Clear,2048.0,1548.4285714285713,2089,validated
REC_001253,M004,Qutub Minar,Delhi,New Delhi,Minaret,2024-06-03,2024,6,0,0,0,None,None,None,1,2500,1,0,40.7,14.8,Clear,2089.0,1570.4285714285713,938,validated
REC_001254,M004,Qutub Minar,Delhi,New Delhi,Minaret,2024-06-04,2024,6,1,0,0,None,None,None,1,2500,1,0,41.0,4.2,Clear,938.0,1522.142857142857,1016,validated
REC_001255,M004,Qutub Minar,Delhi,New Delhi,Minaret,2024-06-05,2024,6,2,0,0,None,None,None,1,2500,1,0,35.3,6.8,Clear,1016.0,1479.0,1266,validated
REC_001256,M004,Qutub Minar,Delhi,New Delhi,Minaret,2024-06-06,2024,6,3,0,0,None,None,None,1,2500,1,0,43.3,2.6,Clear,1266.0,1444.4285714285713,1013,validated
REC_001257,M004,Qutub Minar,Delhi,New Delhi,Minaret,2024-06-07,2024,6,4,0,0,None,None,None,1,2500,1,0,41.2,8.2,Clear,1013.0,1402.2857142857142,1040,validated
REC_001258,M004,Qutub Minar,Delhi,New Delhi,Minaret,2024-06-08,2024,6,5,1,0,None,None,None,1,2500,1,0,37.5,7.5,Clear,1040.0,1344.2857142857142,1972,validated
REC_001259,M004,Qutub Minar,Delhi,New Delhi,Minaret,2024-06-09,2024,6,6,1,0,None,None,None,1,2500,1,0,33.5,0.7,Clear,1972.0,1333.4285714285713,2032,validated
REC_001260,M004,Qutub Minar,Delhi,New Delhi,Minaret,2024-06-10,2024,6,0,0,0,None,None,None,1,2500,1,0,44.4,4.0,Clear,2032.0,1325.2857142857142,1004,validated
REC_001261,M004,Qutub Minar,Delhi,New Delhi,Minaret,2024-06-11,2024,6,1,0,0,None,None,None,1,2500,1,0,35.9,0.2,Clear,1004.0,1334.7142857142858,1423,validated
REC_001262,M004,Qutub Minar,Delhi,New Delhi,Minaret,2024-06-12,2024,6,2,0,0,None,None,None,1,2500,1,0,31.4,7.8,Clear,1423.0,1392.857142857143,1329,validated
REC_001263,M004,Qutub Minar,Delhi,New Delhi,Minaret,2024-06-13,2024,6,3,0,0,None,None,None,1,2500,1,0,44.6,12.2,Clear,1329.0,1401.857142857143,1052,validated
REC_001264,M004,Qutub Minar,Delhi,New Delhi,Minaret,2024-06-14,2024,6,4,0,0,None,None,None,1,2500,1,0,38.6,3.0,Clear,1052.0,1407.4285714285713,1338,validated
REC_001265,M004,Qutub Minar,Delhi,New Delhi,Minaret,2024-06-15,2024,6,5,1,0,None,None,None,1,2500,1,0,39.3,1.4,Clear,1338.0,1450.0,2249,validated
REC_001266,M004,Qutub Minar,Delhi,New Delhi,Minaret,2024-06-16,2024,6,6,1,0,None,None,None,1,2500,1,0,42.4,3.7,Clear,2249.0,1489.5714285714287,1470,validated
REC_001267,M004,Qutub Minar,Delhi,New Delhi,Minaret,2024-06-17,2024,6,0,0,1,Bakrid / Eid al-Adha,Eid al-Adha,High,1,2500,1,0,34.1,3.8,Clear,1470.0,1409.2857142857142,2147,validated
REC_001268,M004,Qutub Minar,Delhi,New Delhi,Minaret,2024-06-18,2024,6,1,0,0,None,None,None,1,2500,1,0,38.4,3.6,Clear,2147.0,1572.5714285714287,1419,validated
REC_001269,M004,Qutub Minar,Delhi,New Delhi,Minaret,2024-06-19,2024,6,2,0,0,None,None,None,1,2500,1,0,34.3,3.9,Clear,1419.0,1572.0,1362,validated
REC_001270,M004,Qutub Minar,Delhi,New Delhi,Minaret,2024-06-20,2024,6,3,0,0,None,None,None,1,2500,1,0,46.8,3.0,Clear,1362.0,1576.7142857142858,1047,validated
REC_001271,M004,Qutub Minar,Delhi,New Delhi,Minaret,2024-06-21,2024,6,4,0,0,None,None,None,1,2500,1,0,30.7,0.9,Clear,1047.0,1576.0,1343,validated
REC_001272,M004,Qutub Minar,Delhi,New Delhi,Minaret,2024-06-22,2024,6,5,1,0,None,None,None,1,2500,1,0,39.8,0.4,Clear,1343.0,1576.7142857142858,2193,validated
REC_001273,M004,Qutub Minar,Delhi,New Delhi,Minaret,2024-06-23,2024,6,6,1,0,None,None,None,1,2500,1,0,35.3,2.3,Clear,2193.0,1568.7142857142858,2045,validated
REC_001274,M004,Qutub Minar,Delhi,New Delhi,Minaret,2024-06-24,2024,6,0,0,0,None,None,None,1,2500,1,0,32.0,1.7,Clear,2045.0,1650.857142857143,1237,validated
REC_001275,M004,Qutub Minar,Delhi,New Delhi,Minaret,2024-06-25,2024,6,1,0,0,None,None,None,1,2500,1,0,38.1,5.3,Clear,1237.0,1520.857142857143,1377,validated
REC_001276,M004,Qutub Minar,Delhi,New Delhi,Minaret,2024-06-26,2024,6,2,0,0,None,None,None,1,2500,1,0,36.1,1.6,Clear,1377.0,1514.857142857143,1493,validated
REC_001277,M004,Qutub Minar,Delhi,New Delhi,Minaret,2024-06-27,2024,6,3,0,0,None,None,None,1,2500,1,0,39.3,2.7,Clear,1493.0,1533.5714285714287,1544,validated
REC_001278,M004,Qutub Minar,Delhi,New Delhi,Minaret,2024-06-28,2024,6,4,0,0,None,None,None,1,2500,1,0,39.3,1.1,Clear,1544.0,1604.5714285714287,1193,validated
REC_001279,M004,Qutub Minar,Delhi,New Delhi,Minaret,2024-06-29,2024,6,5,1,0,None,None,None,1,2500,1,0,35.8,0.3,Clear,1193.0,1583.142857142857,1929,validated
REC_001280,M004,Qutub Minar,Delhi,New Delhi,Minaret,2024-06-30,2024,6,6,1,0,None,None,None,1,2500,1,0,35.9,2.8,Clear,1929.0,1545.4285714285713,1902,validated
REC_001281,M004,Qutub Minar,Delhi,New Delhi,Minaret,2024-07-01,2024,7,0,0,0,None,None,None,0,2500,1,0,31.5,0.7,Cloudy,1902.0,1525.0,1494,validated
REC_001282,M004,Qutub Minar,Delhi,New Delhi,Minaret,2024-07-02,2024,7,1,0,0,None,None,None,0,2500,1,0,29.6,33.4,Rainy,1494.0,1561.7142857142858,949,validated
REC_001283,M004,Qutub Minar,Delhi,New Delhi,Minaret,2024-07-03,2024,7,2,0,0,None,None,None,0,2500,1,0,27.0,0.7,Cloudy,949.0,1500.5714285714287,1626,validated
REC_001284,M004,Qutub Minar,Delhi,New Delhi,Minaret,2024-07-04,2024,7,3,0,0,None,None,None,0,2500,1,0,35.6,7.3,Rainy,1626.0,1519.5714285714287,1159,validated
REC_001285,M004,Qutub Minar,Delhi,New Delhi,Minaret,2024-07-05,2024,7,4,0,0,None,None,None,0,2500,1,0,30.2,8.2,Rainy,1159.0,1464.5714285714287,1213,validated
REC_001286,M004,Qutub Minar,Delhi,New Delhi,Minaret,2024-07-06,2024,7,5,1,0,None,None,None,0,2500,1,0,30.2,61.0,Rainy,1213.0,1467.4285714285713,1526,validated
REC_001287,M004,Qutub Minar,Delhi,New Delhi,Minaret,2024-07-07,2024,7,6,1,0,None,None,None,0,2500,1,0,33.0,6.0,Rainy,1526.0,1409.857142857143,1676,validated
REC_001288,M004,Qutub Minar,Delhi,New Delhi,Minaret,2024-07-08,2024,7,0,0,0,None,None,None,0,2500,1,0,36.4,11.8,Rainy,1676.0,1377.5714285714287,1151,validated
REC_001289,M004,Qutub Minar,Delhi,New Delhi,Minaret,2024-07-09,2024,7,1,0,0,None,None,None,0,2500,1,0,33.4,6.9,Rainy,1151.0,1328.5714285714287,1252,validated
REC_001290,M004,Qutub Minar,Delhi,New Delhi,Minaret,2024-07-10,2024,7,2,0,0,None,None,None,0,2500,1,0,30.9,17.0,Rainy,1252.0,1371.857142857143,896,validated
REC_001291,M004,Qutub Minar,Delhi,New Delhi,Minaret,2024-07-11,2024,7,3,0,0,None,None,None,0,2500,1,0,31.7,7.6,Rainy,896.0,1267.5714285714287,1211,validated
REC_001292,M004,Qutub Minar,Delhi,New Delhi,Minaret,2024-07-12,2024,7,4,0,0,None,None,None,0,2500,1,0,33.9,13.0,Rainy,1211.0,1275.0,1193,validated
REC_001293,M004,Qutub Minar,Delhi,New Delhi,Minaret,2024-07-13,2024,7,5,1,0,None,None,None,0,2500,1,0,32.0,16.6,Rainy,1193.0,1272.142857142857,1430,validated
REC_001294,M004,Qutub Minar,Delhi,New Delhi,Minaret,2024-07-14,2024,7,6,1,0,None,None,None,0,2500,1,0,29.6,48.5,Rainy,1430.0,1258.4285714285713,1341,validated
REC_001295,M004,Qutub Minar,Delhi,New Delhi,Minaret,2024-07-15,2024,7,0,0,0,None,None,None,0,2500,1,0,31.5,15.7,Rainy,1341.0,1210.5714285714287,950,validated
REC_001296,M004,Qutub Minar,Delhi,New Delhi,Minaret,2024-07-16,2024,7,1,0,0,None,None,None,0,2500,1,0,34.6,38.1,Rainy,950.0,1181.857142857143,1011,validated
REC_001297,M004,Qutub Minar,Delhi,New Delhi,Minaret,2024-07-17,2024,7,2,0,1,Muharram,None,Low,0,2500,1,0,31.7,17.6,Rainy,1011.0,1147.4285714285713,1194,validated
REC_001298,M004,Qutub Minar,Delhi,New Delhi,Minaret,2024-07-18,2024,7,3,0,0,None,None,None,0,2500,1,0,29.1,4.1,Clear,1194.0,1190.0,1557,validated
REC_001299,M004,Qutub Minar,Delhi,New Delhi,Minaret,2024-07-19,2024,7,4,0,0,None,None,None,0,2500,1,0,33.8,6.4,Rainy,1557.0,1239.4285714285713,1234,validated
REC_001300,M004,Qutub Minar,Delhi,New Delhi,Minaret,2024-07-20,2024,7,5,1,0,None,None,None,0,2500,1,0,29.2,11.6,Rainy,1234.0,1245.2857142857142,1788,validated
REC_001301,M004,Qutub Minar,Delhi,New Delhi,Minaret,2024-07-21,2024,7,6,1,0,None,None,None,0,2500,1,0,27.7,0.7,Cloudy,1788.0,1296.4285714285713,2047,validated
REC_001302,M004,Qutub Minar,Delhi,New Delhi,Minaret,2024-07-22,2024,7,0,0,0,None,None,None,0,2500,1,0,30.7,75.2,Rainy,2047.0,1397.2857142857142,956,validated
REC_001303,M004,Qutub Minar,Delhi,New Delhi,Minaret,2024-07-23,2024,7,1,0,0,None,None,None,0,2500,1,0,30.2,4.1,Clear,956.0,1398.142857142857,1625,validated
REC_001304,M004,Qutub Minar,Delhi,New Delhi,Minaret,2024-07-24,2024,7,2,0,0,None,None,None,0,2500,1,0,26.2,0.4,Cloudy,1625.0,1485.857142857143,1598,validated
REC_001305,M004,Qutub Minar,Delhi,New Delhi,Minaret,2024-07-25,2024,7,3,0,0,None,None,None,0,2500,1,0,30.4,39.0,Rainy,1598.0,1543.5714285714287,978,validated
REC_001306,M004,Qutub Minar,Delhi,New Delhi,Minaret,2024-07-26,2024,7,4,0,0,None,None,None,0,2500,1,0,28.9,44.0,Rainy,978.0,1460.857142857143,1030,validated
REC_001307,M004,Qutub Minar,Delhi,New Delhi,Minaret,2024-07-27,2024,7,5,1,0,None,None,None,0,2500,1,0,30.0,2.6,Clear,1030.0,1431.7142857142858,2055,validated
REC_001308,M004,Qutub Minar,Delhi,New Delhi,Minaret,2024-07-28,2024,7,6,1,0,None,None,None,0,2500,1,0,34.6,50.1,Rainy,2055.0,1469.857142857143,1349,validated
REC_001309,M004,Qutub Minar,Delhi,New Delhi,Minaret,2024-07-29,2024,7,0,0,0,None,None,None,0,2500,1,0,28.0,21.7,Rainy,1349.0,1370.142857142857,1004,validated
REC_001310,M004,Qutub Minar,Delhi,New Delhi,Minaret,2024-07-30,2024,7,1,0,0,None,None,None,0,2500,1,0,29.5,24.1,Rainy,1004.0,1377.0,967,validated
REC_001311,M004,Qutub Minar,Delhi,New Delhi,Minaret,2024-07-31,2024,7,2,0,0,None,None,None,0,2500,1,0,29.4,6.0,Rainy,967.0,1283.0,1281,validated
REC_001312,M004,Qutub Minar,Delhi,New Delhi,Minaret,2024-08-01,2024,8,3,0,0,None,None,None,0,2500,1,0,33.2,67.6,Rainy,1281.0,1237.7142857142858,1034,validated
REC_001313,M004,Qutub Minar,Delhi,New Delhi,Minaret,2024-08-02,2024,8,4,0,0,None,None,None,0,2500,1,0,29.8,10.3,Rainy,1034.0,1245.7142857142858,1187,validated
REC_001314,M004,Qutub Minar,Delhi,New Delhi,Minaret,2024-08-03,2024,8,5,1,0,None,None,None,0,2500,1,0,31.6,53.1,Rainy,1187.0,1268.142857142857,1365,validated
REC_001315,M004,Qutub Minar,Delhi,New Delhi,Minaret,2024-08-04,2024,8,6,1,0,None,None,None,0,2500,1,0,28.3,25.4,Rainy,1365.0,1169.5714285714287,1523,validated
REC_001316,M004,Qutub Minar,Delhi,New Delhi,Minaret,2024-08-05,2024,8,0,0,0,None,None,None,0,2500,1,0,27.2,10.6,Rainy,1523.0,1194.4285714285713,1149,validated
REC_001317,M004,Qutub Minar,Delhi,New Delhi,Minaret,2024-08-06,2024,8,1,0,0,None,None,None,0,2500,1,0,32.9,1.1,Cloudy,1149.0,1215.142857142857,1404,validated
REC_001318,M004,Qutub Minar,Delhi,New Delhi,Minaret,2024-08-07,2024,8,2,0,0,None,None,None,0,2500,1,0,30.8,7.9,Rainy,1404.0,1277.5714285714287,1163,validated
REC_001319,M004,Qutub Minar,Delhi,New Delhi,Minaret,2024-08-08,2024,8,3,0,0,None,None,None,0,2500,1,0,30.7,15.8,Rainy,1163.0,1260.7142857142858,1057,validated
REC_001320,M004,Qutub Minar,Delhi,New Delhi,Minaret,2024-08-09,2024,8,4,0,0,None,None,None,0,2500,1,0,33.5,9.8,Rainy,1057.0,1264.0,1155,validated
REC_001321,M004,Qutub Minar,Delhi,New Delhi,Minaret,2024-08-10,2024,8,5,1,0,None,None,None,0,2500,1,0,35.1,12.6,Rainy,1155.0,1259.4285714285713,1715,validated
REC_001322,M004,Qutub Minar,Delhi,New Delhi,Minaret,2024-08-11,2024,8,6,1,0,None,None,None,0,2500,1,0,31.2,8.3,Rainy,1715.0,1309.4285714285713,1735,validated
REC_001323,M004,Qutub Minar,Delhi,New Delhi,Minaret,2024-08-12,2024,8,0,0,0,None,None,None,0,2500,1,0,31.8,12.5,Rainy,1735.0,1339.7142857142858,1215,validated
REC_001324,M004,Qutub Minar,Delhi,New Delhi,Minaret,2024-08-13,2024,8,1,0,0,None,None,None,0,2500,1,0,32.2,15.7,Rainy,1215.0,1349.142857142857,993,validated
REC_001325,M004,Qutub Minar,Delhi,New Delhi,Minaret,2024-08-14,2024,8,2,0,0,None,None,None,0,2500,1,0,31.8,11.0,Rainy,993.0,1290.4285714285713,1058,validated
REC_001326,M004,Qutub Minar,Delhi,New Delhi,Minaret,2024-08-15,2024,8,3,0,1,Independence Day,None,High,0,2500,1,0,29.7,61.2,Rainy,1058.0,1275.4285714285713,1472,validated
REC_001327,M004,Qutub Minar,Delhi,New Delhi,Minaret,2024-08-16,2024,8,4,0,0,None,None,None,0,2500,1,0,31.6,35.8,Rainy,1472.0,1334.7142857142858,937,validated
REC_001328,M004,Qutub Minar,Delhi,New Delhi,Minaret,2024-08-17,2024,8,5,1,0,None,None,None,0,2500,1,0,30.9,14.4,Rainy,937.0,1303.5714285714287,1826,validated
REC_001329,M004,Qutub Minar,Delhi,New Delhi,Minaret,2024-08-18,2024,8,6,1,0,None,None,None,0,2500,1,0,30.5,4.1,Clear,1826.0,1319.4285714285713,2104,validated
REC_001330,M004,Qutub Minar,Delhi,New Delhi,Minaret,2024-08-19,2024,8,0,0,1,Raksha Bandhan,Raksha Bandhan,Medium,0,2500,1,0,31.2,64.3,Rainy,2104.0,1372.142857142857,1149,validated
REC_001331,M004,Qutub Minar,Delhi,New Delhi,Minaret,2024-08-20,2024,8,1,0,0,None,None,None,0,2500,1,0,31.3,11.4,Rainy,1149.0,1362.7142857142858,1174,validated
REC_001332,M004,Qutub Minar,Delhi,New Delhi,Minaret,2024-08-21,2024,8,2,0,0,None,None,None,0,2500,1,0,33.0,3.9,Cloudy,1174.0,1388.5714285714287,1573,validated
REC_001333,M004,Qutub Minar,Delhi,New Delhi,Minaret,2024-08-22,2024,8,3,0,0,None,None,None,0,2500,1,0,29.2,11.5,Rainy,1573.0,1462.142857142857,1164,validated
REC_001334,M004,Qutub Minar,Delhi,New Delhi,Minaret,2024-08-23,2024,8,4,0,0,None,None,None,0,2500,1,0,29.8,7.3,Rainy,1164.0,1418.142857142857,1189,validated
REC_001335,M004,Qutub Minar,Delhi,New Delhi,Minaret,2024-08-24,2024,8,5,1,0,None,None,None,0,2500,1,0,32.2,79.8,Rainy,1189.0,1454.142857142857,1319,validated
REC_001336,M004,Qutub Minar,Delhi,New Delhi,Minaret,2024-08-25,2024,8,6,1,0,None,None,None,0,2500,1,0,30.8,39.9,Rainy,1319.0,1381.7142857142858,1541,validated
REC_001337,M004,Qutub Minar,Delhi,New Delhi,Minaret,2024-08-26,2024,8,0,0,1,Janmashtami,Janmashtami,Medium,0,2500,1,0,30.1,74.1,Rainy,1541.0,1301.2857142857142,1205,validated
REC_001338,M004,Qutub Minar,Delhi,New Delhi,Minaret,2024-08-27,2024,8,1,0,0,None,None,None,0,2500,1,0,33.5,3.7,Cloudy,1205.0,1309.2857142857142,1492,validated
REC_001339,M004,Qutub Minar,Delhi,New Delhi,Minaret,2024-08-28,2024,8,2,0,0,None,None,None,0,2500,1,0,28.2,16.8,Rainy,1492.0,1354.7142857142858,954,validated
REC_001340,M004,Qutub Minar,Delhi,New Delhi,Minaret,2024-08-29,2024,8,3,0,0,None,None,None,0,2500,1,0,30.8,27.5,Rainy,954.0,1266.2857142857142,967,validated
REC_001341,M004,Qutub Minar,Delhi,New Delhi,Minaret,2024-08-30,2024,8,4,0,0,None,None,None,0,2500,1,0,33.3,13.8,Rainy,967.0,1238.142857142857,1056,validated
REC_001342,M004,Qutub Minar,Delhi,New Delhi,Minaret,2024-08-31,2024,8,5,1,0,None,None,None,0,2500,1,0,29.8,39.3,Rainy,1056.0,1219.142857142857,1392,validated
REC_001343,M004,Qutub Minar,Delhi,New Delhi,Minaret,2024-09-01,2024,9,6,1,0,None,None,None,0,2500,1,0,32.8,17.2,Rainy,1392.0,1229.5714285714287,1201,validated
REC_001344,M004,Qutub Minar,Delhi,New Delhi,Minaret,2024-09-02,2024,9,0,0,0,None,None,None,0,2500,1,0,32.4,5.9,Rainy,1201.0,1181.0,1101,validated
REC_001345,M004,Qutub Minar,Delhi,New Delhi,Minaret,2024-09-03,2024,9,1,0,0,None,None,None,0,2500,1,0,32.5,5.9,Rainy,1101.0,1166.142857142857,1206,validated
REC_001346,M004,Qutub Minar,Delhi,New Delhi,Minaret,2024-09-04,2024,9,2,0,0,None,None,None,0,2500,1,0,29.4,1.6,Cloudy,1206.0,1125.2857142857142,1537,validated
REC_001347,M004,Qutub Minar,Delhi,New Delhi,Minaret,2024-09-05,2024,9,3,0,0,None,None,None,0,2500,1,0,23.9,5.4,Rainy,1537.0,1208.5714285714287,1165,validated
REC_001348,M004,Qutub Minar,Delhi,New Delhi,Minaret,2024-09-06,2024,9,4,0,0,None,None,None,0,2500,1,0,30.4,6.5,Rainy,1165.0,1236.857142857143,1247,validated
REC_001349,M004,Qutub Minar,Delhi,New Delhi,Minaret,2024-09-07,2024,9,5,1,1,Ganesh Chaturthi,Ganesh Chaturthi,High,0,2500,1,0,26.4,43.3,Rainy,1247.0,1264.142857142857,2156,validated
REC_001350,M004,Qutub Minar,Delhi,New Delhi,Minaret,2024-09-08,2024,9,6,1,0,None,None,None,0,2500,1,0,31.1,5.4,Rainy,2156.0,1373.2857142857142,1901,validated
REC_001351,M004,Qutub Minar,Delhi,New Delhi,Minaret,2024-09-09,2024,9,0,0,0,None,None,None,0,2500,1,0,29.8,23.8,Rainy,1901.0,1473.2857142857142,1071,validated
REC_001352,M004,Qutub Minar,Delhi,New Delhi,Minaret,2024-09-10,2024,9,1,0,0,None,None,None,0,2500,1,0,36.7,9.4,Rainy,1071.0,1469.0,1199,validated
REC_001353,M004,Qutub Minar,Delhi,New Delhi,Minaret,2024-09-11,2024,9,2,0,0,None,None,None,0,2500,1,0,33.9,16.6,Rainy,1199.0,1468.0,986,validated
REC_001354,M004,Qutub Minar,Delhi,New Delhi,Minaret,2024-09-12,2024,9,3,0,0,None,None,None,0,2500,1,0,27.2,21.4,Rainy,986.0,1389.2857142857142,988,validated
REC_001355,M004,Qutub Minar,Delhi,New Delhi,Minaret,2024-09-13,2024,9,4,0,0,None,None,None,0,2500,1,0,31.0,17.0,Rainy,988.0,1364.0,1037,validated
REC_001356,M004,Qutub Minar,Delhi,New Delhi,Minaret,2024-09-14,2024,9,5,1,0,None,None,None,0,2500,1,0,29.5,3.4,Cloudy,1037.0,1334.0,2082,validated
REC_001357,M004,Qutub Minar,Delhi,New Delhi,Minaret,2024-09-15,2024,9,6,1,0,None,None,None,0,2500,1,0,26.2,27.4,Rainy,2082.0,1323.4285714285713,1516,validated
REC_001358,M004,Qutub Minar,Delhi,New Delhi,Minaret,2024-09-16,2024,9,0,0,1,Milad un-Nabi,None,Low,0,2500,1,0,30.8,15.5,Rainy,1516.0,1268.4285714285713,1284,validated
REC_001359,M004,Qutub Minar,Delhi,New Delhi,Minaret,2024-09-17,2024,9,1,0,0,None,None,None,0,2500,1,0,29.6,4.9,Cloudy,1284.0,1298.857142857143,1371,validated
REC_001360,M004,Qutub Minar,Delhi,New Delhi,Minaret,2024-09-18,2024,9,2,0,0,None,None,None,0,2500,0,1,31.1,0.2,Clear,1371.0,1323.4285714285713,0,validated
REC_001361,M004,Qutub Minar,Delhi,New Delhi,Minaret,2024-09-19,2024,9,3,0,0,None,None,None,0,2500,1,0,23.7,61.4,Rainy,0.0,1182.5714285714287,1003,validated
REC_001362,M004,Qutub Minar,Delhi,New Delhi,Minaret,2024-09-20,2024,9,4,0,0,None,None,None,0,2500,1,0,33.7,2.7,Cloudy,1003.0,1184.7142857142858,1515,validated
REC_001363,M004,Qutub Minar,Delhi,New Delhi,Minaret,2024-09-21,2024,9,5,1,0,None,None,None,0,2500,1,0,31.6,22.8,Rainy,1515.0,1253.0,1486,validated
REC_001364,M004,Qutub Minar,Delhi,New Delhi,Minaret,2024-09-22,2024,9,6,1,0,None,None,None,0,2500,1,0,29.1,11.0,Rainy,1486.0,1167.857142857143,1719,validated
REC_001365,M004,Qutub Minar,Delhi,New Delhi,Minaret,2024-09-23,2024,9,0,0,0,None,None,None,0,2500,1,0,33.5,5.0,Clear,1719.0,1196.857142857143,1478,validated
REC_001366,M004,Qutub Minar,Delhi,New Delhi,Minaret,2024-09-24,2024,9,1,0,0,None,None,None,0,2500,1,0,32.9,61.2,Rainy,1478.0,1224.5714285714287,960,validated
REC_001367,M004,Qutub Minar,Delhi,New Delhi,Minaret,2024-09-25,2024,9,2,0,0,None,None,None,0,2500,1,0,26.3,13.4,Rainy,960.0,1165.857142857143,1164,validated
REC_001368,M004,Qutub Minar,Delhi,New Delhi,Minaret,2024-09-26,2024,9,3,0,0,None,None,None,0,2500,1,0,28.2,24.0,Rainy,1164.0,1332.142857142857,1020,validated
REC_001369,M004,Qutub Minar,Delhi,New Delhi,Minaret,2024-09-27,2024,9,4,0,0,None,None,None,0,2500,1,0,27.1,6.8,Rainy,1020.0,1334.5714285714287,1126,validated
REC_001370,M004,Qutub Minar,Delhi,New Delhi,Minaret,2024-09-28,2024,9,5,1,0,None,None,None,0,2500,1,0,25.9,3.8,Cloudy,1126.0,1279.0,2163,validated
REC_001371,M004,Qutub Minar,Delhi,New Delhi,Minaret,2024-09-29,2024,9,6,1,0,None,None,None,0,2500,1,0,30.8,10.6,Rainy,2163.0,1375.7142857142858,1771,validated
REC_001372,M004,Qutub Minar,Delhi,New Delhi,Minaret,2024-09-30,2024,9,0,0,0,None,None,None,0,2500,1,0,31.7,5.0,Clear,1771.0,1383.142857142857,1503,validated
REC_001373,M004,Qutub Minar,Delhi,New Delhi,Minaret,2024-10-01,2024,10,1,0,0,None,None,None,0,2500,1,0,26.3,0.2,Clear,1503.0,1386.7142857142858,1614,validated
REC_001374,M004,Qutub Minar,Delhi,New Delhi,Minaret,2024-10-02,2024,10,2,0,1,Mahatma Gandhi Jayanti,None,Medium,0,2500,1,0,24.4,2.7,Haze,1614.0,1480.142857142857,1885,validated
REC_001375,M004,Qutub Minar,Delhi,New Delhi,Minaret,2024-10-03,2024,10,3,0,0,None,None,None,0,2500,1,0,23.6,0.5,Haze,1885.0,1583.142857142857,1590,validated
REC_001376,M004,Qutub Minar,Delhi,New Delhi,Minaret,2024-10-04,2024,10,4,0,0,None,None,None,0,2500,1,0,22.3,1.9,Clear,1590.0,1664.5714285714287,1415,validated
REC_001377,M004,Qutub Minar,Delhi,New Delhi,Minaret,2024-10-05,2024,10,5,1,0,None,None,None,0,2500,1,0,22.9,0.5,Haze,1415.0,1705.857142857143,2100,validated
REC_001378,M004,Qutub Minar,Delhi,New Delhi,Minaret,2024-10-06,2024,10,6,1,0,None,None,None,0,2500,1,0,28.9,0.5,Clear,2100.0,1696.857142857143,2096,validated
REC_001379,M004,Qutub Minar,Delhi,New Delhi,Minaret,2024-10-07,2024,10,0,0,0,None,None,None,0,2500,1,0,24.9,6.2,Clear,2096.0,1743.2857142857142,1494,validated
REC_001380,M004,Qutub Minar,Delhi,New Delhi,Minaret,2024-10-08,2024,10,1,0,0,None,None,None,0,2500,1,0,20.6,1.4,Clear,1494.0,1742.0,1433,validated
REC_001381,M004,Qutub Minar,Delhi,New Delhi,Minaret,2024-10-09,2024,10,2,0,0,None,None,None,0,2500,1,0,24.3,0.9,Clear,1433.0,1716.142857142857,1507,validated
REC_001382,M004,Qutub Minar,Delhi,New Delhi,Minaret,2024-10-10,2024,10,3,0,0,None,None,None,0,2500,1,0,22.8,2.4,Haze,1507.0,1662.142857142857,1487,validated
REC_001383,M004,Qutub Minar,Delhi,New Delhi,Minaret,2024-10-11,2024,10,4,0,1,Maha Navami,Navratri,High,0,2500,1,0,18.8,2.4,Clear,1487.0,1647.4285714285713,2218,validated
REC_001384,M004,Qutub Minar,Delhi,New Delhi,Minaret,2024-10-12,2024,10,5,1,1,Dussehra,Dussehra,High,0,2500,1,0,26.8,0.7,Clear,2218.0,1762.142857142857,2500,validated
REC_001385,M004,Qutub Minar,Delhi,New Delhi,Minaret,2024-10-13,2024,10,6,1,0,None,None,None,0,2500,1,0,26.8,8.7,Haze,2500.0,1819.2857142857142,2294,validated
REC_001386,M004,Qutub Minar,Delhi,New Delhi,Minaret,2024-10-14,2024,10,0,0,0,None,None,None,0,2500,1,0,27.3,4.9,Haze,2294.0,1847.5714285714287,1620,validated
REC_001387,M004,Qutub Minar,Delhi,New Delhi,Minaret,2024-10-15,2024,10,1,0,0,None,None,None,0,2500,1,0,25.3,0.6,Clear,1620.0,1865.5714285714287,1616,validated
REC_001388,M004,Qutub Minar,Delhi,New Delhi,Minaret,2024-10-16,2024,10,2,0,0,None,None,None,0,2500,1,0,26.6,4.4,Clear,1616.0,1891.7142857142858,1364,validated
REC_001389,M004,Qutub Minar,Delhi,New Delhi,Minaret,2024-10-17,2024,10,3,0,0,None,None,None,0,2500,1,0,25.0,0.1,Haze,1364.0,1871.2857142857142,1670,validated
REC_001390,M004,Qutub Minar,Delhi,New Delhi,Minaret,2024-10-18,2024,10,4,0,0,None,None,None,0,2500,1,0,18.1,0.4,Clear,1670.0,1897.4285714285713,1493,validated
REC_001391,M004,Qutub Minar,Delhi,New Delhi,Minaret,2024-10-19,2024,10,5,1,0,None,None,None,0,2500,1,0,20.5,1.2,Haze,1493.0,1793.857142857143,2083,validated
REC_001392,M004,Qutub Minar,Delhi,New Delhi,Minaret,2024-10-20,2024,10,6,1,0,None,None,None,0,2500,1,0,22.2,3.0,Clear,2083.0,1734.2857142857142,2209,validated
REC_001393,M004,Qutub Minar,Delhi,New Delhi,Minaret,2024-10-21,2024,10,0,0,0,None,None,None,0,2500,1,0,22.8,2.1,Clear,2209.0,1722.142857142857,1521,validated
REC_001394,M004,Qutub Minar,Delhi,New Delhi,Minaret,2024-10-22,2024,10,1,0,0,None,None,None,0,2500,1,0,29.6,1.2,Clear,1521.0,1708.0,1573,validated
REC_001395,M004,Qutub Minar,Delhi,New Delhi,Minaret,2024-10-23,2024,10,2,0,0,None,None,None,0,2500,1,0,24.3,0.2,Clear,1573.0,1701.857142857143,1475,validated
REC_001396,M004,Qutub Minar,Delhi,New Delhi,Minaret,2024-10-24,2024,10,3,0,0,None,None,None,0,2500,1,0,25.2,0.3,Clear,1475.0,1717.7142857142858,1364,validated
REC_001397,M004,Qutub Minar,Delhi,New Delhi,Minaret,2024-10-25,2024,10,4,0,0,None,None,None,0,2500,1,0,22.5,0.2,Haze,1364.0,1674.0,1532,validated
REC_001398,M004,Qutub Minar,Delhi,New Delhi,Minaret,2024-10-26,2024,10,5,1,0,None,None,None,0,2500,1,0,24.2,1.3,Haze,1532.0,1679.5714285714287,2289,validated
REC_001399,M004,Qutub Minar,Delhi,New Delhi,Minaret,2024-10-27,2024,10,6,1,0,None,None,None,0,2500,1,0,26.7,3.5,Clear,2289.0,1709.0,2214,validated
REC_001400,M004,Qutub Minar,Delhi,New Delhi,Minaret,2024-10-28,2024,10,0,0,0,None,None,None,0,2500,1,0,22.8,1.0,Clear,2214.0,1709.7142857142858,1453,validated
REC_001401,M004,Qutub Minar,Delhi,New Delhi,Minaret,2024-10-29,2024,10,1,0,0,None,None,None,0,2500,1,0,27.4,2.5,Haze,1453.0,1700.0,1527,validated
REC_001402,M004,Qutub Minar,Delhi,New Delhi,Minaret,2024-10-30,2024,10,2,0,0,None,None,None,0,2500,1,0,21.3,2.0,Clear,1527.0,1693.4285714285713,1571,validated
REC_001403,M004,Qutub Minar,Delhi,New Delhi,Minaret,2024-10-31,2024,10,3,0,1,Diwali,Diwali,High,0,2500,1,0,25.0,0.0,Clear,1571.0,1707.142857142857,2305,validated
REC_001404,M004,Qutub Minar,Delhi,New Delhi,Minaret,2024-11-01,2024,11,4,0,1,Govardhan Puja,Diwali,High,0,2500,1,0,26.3,7.3,Clear,2305.0,1841.5714285714287,2500,validated
REC_001405,M004,Qutub Minar,Delhi,New Delhi,Minaret,2024-11-02,2024,11,5,1,1,Bhai Dooj,Diwali,Medium,0,2500,1,0,28.0,0.3,Clear,2500.0,1979.857142857143,2500,validated
REC_001406,M004,Qutub Minar,Delhi,New Delhi,Minaret,2024-11-03,2024,11,6,1,0,None,None,None,0,2500,1,0,22.4,0.9,Clear,2500.0,2010.0,2500,validated
REC_001407,M004,Qutub Minar,Delhi,New Delhi,Minaret,2024-11-04,2024,11,0,0,0,None,None,None,0,2500,1,0,22.9,0.1,Clear,2500.0,2050.8571428571427,1966,validated
REC_001408,M004,Qutub Minar,Delhi,New Delhi,Minaret,2024-11-05,2024,11,1,0,0,None,None,None,0,2500,1,0,26.3,2.0,Clear,1966.0,2124.1428571428573,1794,validated
REC_001409,M004,Qutub Minar,Delhi,New Delhi,Minaret,2024-11-06,2024,11,2,0,0,None,None,None,0,2500,1,0,21.8,7.2,Clear,1794.0,2162.285714285714,1803,validated
REC_001410,M004,Qutub Minar,Delhi,New Delhi,Minaret,2024-11-07,2024,11,3,0,0,None,None,None,0,2500,1,0,17.4,2.3,Clear,1803.0,2195.4285714285716,1769,validated
REC_001411,M004,Qutub Minar,Delhi,New Delhi,Minaret,2024-11-08,2024,11,4,0,0,None,None,None,0,2500,1,0,21.0,0.8,Haze,1769.0,2118.8571428571427,1882,validated
REC_001412,M004,Qutub Minar,Delhi,New Delhi,Minaret,2024-11-09,2024,11,5,1,0,None,None,None,0,2500,1,0,23.0,1.8,Clear,1882.0,2030.5714285714287,2500,validated
REC_001413,M004,Qutub Minar,Delhi,New Delhi,Minaret,2024-11-10,2024,11,6,1,0,None,None,None,0,2500,1,0,23.6,1.2,Haze,2500.0,2030.5714285714287,2500,validated
REC_001414,M004,Qutub Minar,Delhi,New Delhi,Minaret,2024-11-11,2024,11,0,0,0,None,None,None,0,2500,1,0,27.0,0.6,Clear,2500.0,2030.5714285714287,1847,validated
REC_001415,M004,Qutub Minar,Delhi,New Delhi,Minaret,2024-11-12,2024,11,1,0,0,None,None,None,0,2500,1,0,24.9,0.4,Haze,1847.0,2013.5714285714287,1657,validated
REC_001416,M004,Qutub Minar,Delhi,New Delhi,Minaret,2024-11-13,2024,11,2,0,0,None,None,None,0,2500,1,0,23.4,0.8,Clear,1657.0,1994.0,1906,validated
REC_001417,M004,Qutub Minar,Delhi,New Delhi,Minaret,2024-11-14,2024,11,3,0,0,None,None,None,0,2500,1,0,24.6,1.7,Haze,1906.0,2008.7142857142858,1771,validated
REC_001418,M004,Qutub Minar,Delhi,New Delhi,Minaret,2024-11-15,2024,11,4,0,1,Guru Nanak Jayanti,None,Medium,0,2500,1,0,22.5,0.1,Clear,1771.0,2009.0,2283,validated
REC_001419,M004,Qutub Minar,Delhi,New Delhi,Minaret,2024-11-16,2024,11,5,1,0,None,None,None,0,2500,1,0,24.3,3.4,Clear,2283.0,2066.285714285714,2500,validated
REC_001420,M004,Qutub Minar,Delhi,New Delhi,Minaret,2024-11-17,2024,11,6,1,0,None,None,None,0,2500,1,0,27.3,0.6,Haze,2500.0,2066.285714285714,2387,validated
REC_001421,M004,Qutub Minar,Delhi,New Delhi,Minaret,2024-11-18,2024,11,0,0,0,None,None,None,0,2500,1,0,26.2,1.7,Clear,2387.0,2050.1428571428573,1925,validated
REC_001422,M004,Qutub Minar,Delhi,New Delhi,Minaret,2024-11-19,2024,11,1,0,0,None,None,None,0,2500,1,0,20.8,0.9,Haze,1925.0,2061.285714285714,1856,validated
REC_001423,M004,Qutub Minar,Delhi,New Delhi,Minaret,2024-11-20,2024,11,2,0,0,None,None,None,0,2500,1,0,25.1,3.9,Clear,1856.0,2089.714285714286,1727,validated
REC_001424,M004,Qutub Minar,Delhi,New Delhi,Minaret,2024-11-21,2024,11,3,0,0,None,None,None,0,2500,1,0,20.6,0.2,Clear,1727.0,2064.1428571428573,1841,validated
REC_001425,M004,Qutub Minar,Delhi,New Delhi,Minaret,2024-11-22,2024,11,4,0,0,None,None,None,0,2500,1,0,29.6,3.0,Clear,1841.0,2074.1428571428573,1911,validated
REC_001426,M004,Qutub Minar,Delhi,New Delhi,Minaret,2024-11-23,2024,11,5,1,0,None,None,None,0,2500,1,0,25.9,0.7,Clear,1911.0,2021.0,2500,validated
REC_001427,M004,Qutub Minar,Delhi,New Delhi,Minaret,2024-11-24,2024,11,6,1,0,None,None,None,0,2500,1,0,24.6,0.1,Clear,2500.0,2021.0,2500,validated
REC_001428,M004,Qutub Minar,Delhi,New Delhi,Minaret,2024-11-25,2024,11,0,0,0,None,None,None,0,2500,1,0,25.6,0.4,Haze,2500.0,2037.142857142857,1726,validated
REC_001429,M004,Qutub Minar,Delhi,New Delhi,Minaret,2024-11-26,2024,11,1,0,0,None,None,None,0,2500,1,0,26.6,0.5,Haze,1726.0,2008.7142857142858,1798,validated
REC_001430,M004,Qutub Minar,Delhi,New Delhi,Minaret,2024-11-27,2024,11,2,0,0,None,None,None,0,2500,1,0,24.0,4.9,Haze,1798.0,2000.4285714285713,1945,validated
REC_001431,M004,Qutub Minar,Delhi,New Delhi,Minaret,2024-11-28,2024,11,3,0,0,None,None,None,0,2500,1,0,20.3,0.3,Clear,1945.0,2031.5714285714287,1860,validated
REC_001432,M004,Qutub Minar,Delhi,New Delhi,Minaret,2024-11-29,2024,11,4,0,0,None,None,None,0,2500,1,0,28.4,0.7,Clear,1860.0,2034.2857142857142,1848,validated
REC_001433,M004,Qutub Minar,Delhi,New Delhi,Minaret,2024-11-30,2024,11,5,1,0,None,None,None,0,2500,1,0,24.7,0.7,Clear,1848.0,2025.2857142857142,2500,validated
REC_001434,M004,Qutub Minar,Delhi,New Delhi,Minaret,2024-12-01,2024,12,6,1,0,None,None,None,0,2500,1,0,16.2,0.4,Clear,2500.0,2025.2857142857142,2354,validated
REC_001435,M004,Qutub Minar,Delhi,New Delhi,Minaret,2024-12-02,2024,12,0,0,0,None,None,None,0,2500,1,0,15.2,0.2,Clear,2354.0,2004.4285714285713,1773,validated
REC_001436,M004,Qutub Minar,Delhi,New Delhi,Minaret,2024-12-03,2024,12,1,0,0,None,None,None,0,2500,1,0,13.9,4.4,Clear,1773.0,2011.142857142857,1844,validated
REC_001437,M004,Qutub Minar,Delhi,New Delhi,Minaret,2024-12-04,2024,12,2,0,0,None,None,None,0,2500,1,0,11.7,0.5,Foggy,1844.0,2017.7142857142858,1572,validated
REC_001438,M004,Qutub Minar,Delhi,New Delhi,Minaret,2024-12-05,2024,12,3,0,0,None,None,None,0,2500,1,0,17.4,0.2,Foggy,1572.0,1964.4285714285713,1591,validated
REC_001439,M004,Qutub Minar,Delhi,New Delhi,Minaret,2024-12-06,2024,12,4,0,0,None,None,None,0,2500,1,0,11.1,0.2,Foggy,1591.0,1926.0,1663,validated
REC_001440,M004,Qutub Minar,Delhi,New Delhi,Minaret,2024-12-07,2024,12,5,1,0,None,None,None,0,2500,1,0,17.4,1.2,Clear,1663.0,1899.5714285714287,2445,validated
REC_001441,M004,Qutub Minar,Delhi,New Delhi,Minaret,2024-12-08,2024,12,6,1,0,None,None,None,0,2500,1,0,16.6,0.5,Foggy,2445.0,1891.7142857142858,2500,validated
REC_001442,M004,Qutub Minar,Delhi,New Delhi,Minaret,2024-12-09,2024,12,0,0,0,None,None,None,0,2500,1,0,16.4,1.3,Clear,2500.0,1912.5714285714287,1790,validated
REC_001443,M004,Qutub Minar,Delhi,New Delhi,Minaret,2024-12-10,2024,12,1,0,0,None,None,None,0,2500,1,0,16.7,5.9,Clear,1790.0,1915.0,1907,validated
REC_001444,M004,Qutub Minar,Delhi,New Delhi,Minaret,2024-12-11,2024,12,2,0,0,None,None,None,0,2500,1,0,11.3,2.4,Foggy,1907.0,1924.0,1684,validated
REC_001445,M004,Qutub Minar,Delhi,New Delhi,Minaret,2024-12-12,2024,12,3,0,0,None,None,None,0,2500,1,0,14.3,0.7,Clear,1684.0,1940.0,1807,validated
REC_001446,M004,Qutub Minar,Delhi,New Delhi,Minaret,2024-12-13,2024,12,4,0,0,None,None,None,0,2500,1,0,9.7,0.6,Clear,1807.0,1970.857142857143,1626,validated
REC_001447,M004,Qutub Minar,Delhi,New Delhi,Minaret,2024-12-14,2024,12,5,1,0,None,None,None,0,2500,1,0,14.3,2.0,Foggy,1626.0,1965.5714285714287,2335,validated
REC_001448,M004,Qutub Minar,Delhi,New Delhi,Minaret,2024-12-15,2024,12,6,1,0,None,None,None,0,2500,1,0,13.7,3.6,Clear,2335.0,1949.857142857143,2500,validated
REC_001449,M004,Qutub Minar,Delhi,New Delhi,Minaret,2024-12-16,2024,12,0,0,0,None,None,None,0,2500,1,0,11.6,1.9,Foggy,2500.0,1949.857142857143,1690,validated
REC_001450,M004,Qutub Minar,Delhi,New Delhi,Minaret,2024-12-17,2024,12,1,0,0,None,None,None,0,2500,1,0,17.6,0.2,Clear,1690.0,1935.5714285714287,1671,validated
REC_001451,M004,Qutub Minar,Delhi,New Delhi,Minaret,2024-12-18,2024,12,2,0,0,None,None,None,0,2500,1,0,15.7,0.8,Clear,1671.0,1901.857142857143,1690,validated
REC_001452,M004,Qutub Minar,Delhi,New Delhi,Minaret,2024-12-19,2024,12,3,0,0,None,None,None,0,2500,1,0,13.4,2.6,Clear,1690.0,1902.7142857142858,1839,validated
REC_001453,M004,Qutub Minar,Delhi,New Delhi,Minaret,2024-12-20,2024,12,4,0,0,None,None,None,0,2500,1,0,12.3,1.6,Clear,1839.0,1907.2857142857142,1724,validated
REC_001454,M004,Qutub Minar,Delhi,New Delhi,Minaret,2024-12-21,2024,12,5,1,0,None,None,None,0,2500,1,0,14.0,2.4,Foggy,1724.0,1921.2857142857142,2449,validated
REC_001455,M004,Qutub Minar,Delhi,New Delhi,Minaret,2024-12-22,2024,12,6,1,0,None,None,None,1,2500,1,0,12.7,0.2,Foggy,2449.0,1937.5714285714287,2500,validated
REC_001456,M004,Qutub Minar,Delhi,New Delhi,Minaret,2024-12-23,2024,12,0,0,0,None,None,None,1,2500,1,0,12.9,0.1,Foggy,2500.0,1937.5714285714287,1971,validated
REC_001457,M004,Qutub Minar,Delhi,New Delhi,Minaret,2024-12-24,2024,12,1,0,0,None,None,None,1,2500,1,0,14.1,0.8,Foggy,1971.0,1977.7142857142858,1872,validated
REC_001458,M004,Qutub Minar,Delhi,New Delhi,Minaret,2024-12-25,2024,12,2,0,1,Christmas,Christmas,High,1,2500,1,0,13.2,0.1,Foggy,1872.0,2006.4285714285713,2500,validated
REC_001459,M004,Qutub Minar,Delhi,New Delhi,Minaret,2024-12-26,2024,12,3,0,0,None,None,None,1,2500,1,0,15.8,1.0,Clear,2500.0,2122.1428571428573,2084,validated
REC_001460,M004,Qutub Minar,Delhi,New Delhi,Minaret,2024-12-27,2024,12,4,0,0,None,None,None,1,2500,1,0,18.4,2.0,Foggy,2084.0,2157.1428571428573,1820,validated
REC_001461,M004,Qutub Minar,Delhi,New Delhi,Minaret,2024-12-28,2024,12,5,1,0,None,None,None,1,2500,1,0,17.4,0.1,Clear,1820.0,2170.8571428571427,2500,validated
REC_001462,M004,Qutub Minar,Delhi,New Delhi,Minaret,2024-12-29,2024,12,6,1,0,None,None,None,1,2500,1,0,14.4,1.0,Clear,2500.0,2178.1428571428573,2500,validated
REC_001463,M004,Qutub Minar,Delhi,New Delhi,Minaret,2024-12-30,2024,12,0,0,0,None,None,None,1,2500,1,0,17.4,1.4,Clear,2500.0,2178.1428571428573,2037,validated
REC_001464,M004,Qutub Minar,Delhi,New Delhi,Minaret,2024-12-31,2024,12,1,0,0,None,None,None,1,2500,1,0,18.3,1.5,Clear,2037.0,2187.5714285714284,1917,validated
REC_001465,M005,Meenakshi Temple,Tamil Nadu,Madurai,Temple,2024-01-01,2024,1,0,0,1,New Year's Day,None,Low,0,4000,1,0,28.2,2.7,Clear,,,3455,validated
REC_001466,M005,Meenakshi Temple,Tamil Nadu,Madurai,Temple,2024-01-02,2024,1,1,0,0,None,None,None,0,4000,1,0,30.2,0.4,Clear,3455.0,3455.0,2571,validated
REC_001467,M005,Meenakshi Temple,Tamil Nadu,Madurai,Temple,2024-01-03,2024,1,2,0,0,None,None,None,0,4000,1,0,29.3,2.9,Clear,2571.0,3013.0,3008,validated
REC_001468,M005,Meenakshi Temple,Tamil Nadu,Madurai,Temple,2024-01-04,2024,1,3,0,0,None,None,None,0,4000,1,0,30.1,1.2,Clear,3008.0,3011.3333333333335,2815,validated
REC_001469,M005,Meenakshi Temple,Tamil Nadu,Madurai,Temple,2024-01-05,2024,1,4,0,0,None,None,None,0,4000,1,0,29.4,1.1,Clear,2815.0,2962.25,2861,validated
REC_001470,M005,Meenakshi Temple,Tamil Nadu,Madurai,Temple,2024-01-06,2024,1,5,1,0,None,None,None,0,4000,1,0,28.9,2.6,Clear,2861.0,2942.0,4000,validated
REC_001471,M005,Meenakshi Temple,Tamil Nadu,Madurai,Temple,2024-01-07,2024,1,6,1,0,None,None,None,0,4000,1,0,31.7,1.8,Clear,4000.0,3118.3333333333335,4000,validated
REC_001472,M005,Meenakshi Temple,Tamil Nadu,Madurai,Temple,2024-01-08,2024,1,0,0,0,None,None,None,0,4000,1,0,28.3,2.0,Clear,4000.0,3244.285714285714,2755,validated
REC_001473,M005,Meenakshi Temple,Tamil Nadu,Madurai,Temple,2024-01-09,2024,1,1,0,0,None,None,None,0,4000,1,0,29.2,0.6,Clear,2755.0,3144.285714285714,3031,validated
REC_001474,M005,Meenakshi Temple,Tamil Nadu,Madurai,Temple,2024-01-10,2024,1,2,0,0,None,None,None,0,4000,1,0,31.0,1.2,Clear,3031.0,3210.0,2979,validated
REC_001475,M005,Meenakshi Temple,Tamil Nadu,Madurai,Temple,2024-01-11,2024,1,3,0,0,None,None,None,0,4000,1,0,26.4,2.0,Clear,2979.0,3205.8571428571427,2851,validated
REC_001476,M005,Meenakshi Temple,Tamil Nadu,Madurai,Temple,2024-01-12,2024,1,4,0,0,None,None,None,0,4000,1,0,25.0,1.7,Clear,2851.0,3211.0,2454,validated
REC_001477,M005,Meenakshi Temple,Tamil Nadu,Madurai,Temple,2024-01-13,2024,1,5,1,0,None,None,None,0,4000,1,0,34.4,1.8,Clear,2454.0,3152.8571428571427,4000,validated
REC_001478,M005,Meenakshi Temple,Tamil Nadu,Madurai,Temple,2024-01-14,2024,1,6,1,1,Makar Sankranti,Pongal,High,0,4000,1,0,26.5,1.2,Clear,4000.0,3152.8571428571427,4000,validated
REC_001479,M005,Meenakshi Temple,Tamil Nadu,Madurai,Temple,2024-01-15,2024,1,0,0,1,Pongal,Pongal,High,0,4000,1,0,30.7,0.8,Clear,4000.0,3152.8571428571427,4000,validated
REC_001480,M005,Meenakshi Temple,Tamil Nadu,Madurai,Temple,2024-01-16,2024,1,1,0,0,None,None,None,0,4000,1,0,30.1,2.0,Clear,4000.0,3330.714285714286,2949,validated
REC_001481,M005,Meenakshi Temple,Tamil Nadu,Madurai,Temple,2024-01-17,2024,1,2,0,0,None,None,None,0,4000,1,0,27.3,0.9,Clear,2949.0,3319.0,2877,validated
REC_001482,M005,Meenakshi Temple,Tamil Nadu,Madurai,Temple,2024-01-18,2024,1,3,0,0,None,None,None,0,4000,1,0,30.6,1.2,Clear,2877.0,3304.4285714285716,2745,validated
REC_001483,M005,Meenakshi Temple,Tamil Nadu,Madurai,Temple,2024-01-19,2024,1,4,0,0,None,None,None,0,4000,1,0,28.3,0.4,Clear,2745.0,3289.285714285714,2958,validated
REC_001484,M005,Meenakshi Temple,Tamil Nadu,Madurai,Temple,2024-01-20,2024,1,5,1,0,None,None,None,0,4000,1,0,31.8,2.5,Clear,2958.0,3361.285714285714,4000,validated
REC_001485,M005,Meenakshi Temple,Tamil Nadu,Madurai,Temple,2024-01-21,2024,1,6,1,0,None,None,None,0,4000,1,0,31.4,0.2,Clear,4000.0,3361.285714285714,3603,validated
REC_001486,M005,Meenakshi Temple,Tamil Nadu,Madurai,Temple,2024-01-22,2024,1,0,0,0,None,None,None,0,4000,1,0,31.6,0.2,Clear,3603.0,3304.5714285714284,2626,validated
REC_001487,M005,Meenakshi Temple,Tamil Nadu,Madurai,Temple,2024-01-23,2024,1,1,0,0,None,None,None,0,4000,1,0,26.9,2.5,Clear,2626.0,3108.285714285714,2964,validated
REC_001488,M005,Meenakshi Temple,Tamil Nadu,Madurai,Temple,2024-01-24,2024,1,2,0,0,None,None,None,0,4000,1,0,31.7,1.9,Clear,2964.0,3110.4285714285716,3018,validated
REC_001489,M005,Meenakshi Temple,Tamil Nadu,Madurai,Temple,2024-01-25,2024,1,3,0,0,None,None,None,0,4000,1,0,27.1,8.8,Clear,3018.0,3130.5714285714284,2747,validated
REC_001490,M005,Meenakshi Temple,Tamil Nadu,Madurai,Temple,2024-01-26,2024,1,4,0,1,Republic Day,None,High,0,4000,1,0,33.7,2.3,Clear,2747.0,3130.8571428571427,4000,validated
REC_001491,M005,Meenakshi Temple,Tamil Nadu,Madurai,Temple,2024-01-27,2024,1,5,1,0,None,None,None,0,4000,1,0,28.3,0.7,Clear,4000.0,3279.714285714286,3992,validated
REC_001492,M005,Meenakshi Temple,Tamil Nadu,Madurai,Temple,2024-01-28,2024,1,6,1,0,None,None,None,0,4000,1,0,26.4,0.0,Clear,3992.0,3278.5714285714284,4000,validated
REC_001493,M005,Meenakshi Temple,Tamil Nadu,Madurai,Temple,2024-01-29,2024,1,0,0,0,None,None,None,0,4000,1,0,26.8,0.0,Clear,4000.0,3335.285714285714,2681,validated
REC_001494,M005,Meenakshi Temple,Tamil Nadu,Madurai,Temple,2024-01-30,2024,1,1,0,0,None,None,None,0,4000,1,0,32.4,0.3,Clear,2681.0,3343.1428571428573,2935,validated
REC_001495,M005,Meenakshi Temple,Tamil Nadu,Madurai,Temple,2024-01-31,2024,1,2,0,0,None,None,None,0,4000,1,0,31.1,1.9,Clear,2935.0,3339.0,2787,validated
REC_001496,M005,Meenakshi Temple,Tamil Nadu,Madurai,Temple,2024-02-01,2024,2,3,0,0,None,None,None,0,4000,1,0,30.3,0.7,Clear,2787.0,3306.0,2792,validated
REC_001497,M005,Meenakshi Temple,Tamil Nadu,Madurai,Temple,2024-02-02,2024,2,4,0,0,None,None,None,0,4000,1,0,33.2,3.3,Clear,2792.0,3312.4285714285716,2770,validated
REC_001498,M005,Meenakshi Temple,Tamil Nadu,Madurai,Temple,2024-02-03,2024,2,5,1,0,None,None,None,0,4000,1,0,31.4,1.0,Clear,2770.0,3136.714285714286,4000,validated
REC_001499,M005,Meenakshi Temple,Tamil Nadu,Madurai,Temple,2024-02-04,2024,2,6,1,0,None,None,None,0,4000,1,0,29.8,4.6,Clear,4000.0,3137.8571428571427,4000,validated
REC_001500,M005,Meenakshi Temple,Tamil Nadu,Madurai,Temple,2024-02-05,2024,2,0,0,0,None,None,None,0,4000,1,0,28.5,3.3,Clear,4000.0,3137.8571428571427,2944,validated
REC_001501,M005,Meenakshi Temple,Tamil Nadu,Madurai,Temple,2024-02-06,2024,2,1,0,0,None,None,None,0,4000,1,0,28.8,6.1,Clear,2944.0,3175.4285714285716,2970,validated
REC_001502,M005,Meenakshi Temple,Tamil Nadu,Madurai,Temple,2024-02-07,2024,2,2,0,0,None,None,None,0,4000,1,0,36.0,2.1,Clear,2970.0,3180.4285714285716,3029,validated
REC_001503,M005,Meenakshi Temple,Tamil Nadu,Madurai,Temple,2024-02-08,2024,2,3,0,0,None,None,None,0,4000,1,0,30.1,5.4,Clear,3029.0,3215.0,2820,validated
REC_001504,M005,Meenakshi Temple,Tamil Nadu,Madurai,Temple,2024-02-09,2024,2,4,0,0,None,None,None,0,4000,1,0,32.5,0.0,Clear,2820.0,3219.0,2934,validated
REC_001505,M005,Meenakshi Temple,Tamil Nadu,Madurai,Temple,2024-02-10,2024,2,5,1,0,None,None,None,0,4000,1,0,24.9,1.4,Clear,2934.0,3242.4285714285716,4000,validated
REC_001506,M005,Meenakshi Temple,Tamil Nadu,Madurai,Temple,2024-02-11,2024,2,6,1,0,None,None,None,0,4000,1,0,30.5,1.4,Clear,4000.0,3242.4285714285716,4000,validated
REC_001507,M005,Meenakshi Temple,Tamil Nadu,Madurai,Temple,2024-02-12,2024,2,0,0,0,None,None,None,0,4000,1,0,29.8,0.3,Clear,4000.0,3242.4285714285716,3087,validated
REC_001508,M005,Meenakshi Temple,Tamil Nadu,Madurai,Temple,2024-02-13,2024,2,1,0,0,None,None,None,0,4000,1,0,27.4,4.1,Clear,3087.0,3262.8571428571427,2927,validated
REC_001509,M005,Meenakshi Temple,Tamil Nadu,Madurai,Temple,2024-02-14,2024,2,2,0,0,None,None,None,0,4000,1,0,27.3,6.6,Clear,2927.0,3256.714285714286,2911,validated
REC_001510,M005,Meenakshi Temple,Tamil Nadu,Madurai,Temple,2024-02-15,2024,2,3,0,0,None,None,None,0,4000,1,0,28.0,2.0,Clear,2911.0,3239.8571428571427,2864,validated
REC_001511,M005,Meenakshi Temple,Tamil Nadu,Madurai,Temple,2024-02-16,2024,2,4,0,0,None,None,None,0,4000,1,0,31.9,3.4,Clear,2864.0,3246.1428571428573,2770,validated
REC_001512,M005,Meenakshi Temple,Tamil Nadu,Madurai,Temple,2024-02-17,2024,2,5,1,0,None,None,None,0,4000,1,0,30.0,1.2,Clear,2770.0,3222.714285714286,4000,validated
REC_001513,M005,Meenakshi Temple,Tamil Nadu,Madurai,Temple,2024-02-18,2024,2,6,1,0,None,None,None,0,4000,1,0,28.6,1.6,Clear,4000.0,3222.714285714286,4000,validated
REC_001514,M005,Meenakshi Temple,Tamil Nadu,Madurai,Temple,2024-02-19,2024,2,0,0,0,None,None,None,0,4000,1,0,27.8,1.1,Clear,4000.0,3222.714285714286,2873,validated
REC_001515,M005,Meenakshi Temple,Tamil Nadu,Madurai,Temple,2024-02-20,2024,2,1,0,0,None,None,None,0,4000,1,0,31.5,0.3,Clear,2873.0,3192.1428571428573,2807,validated
REC_001516,M005,Meenakshi Temple,Tamil Nadu,Madurai,Temple,2024-02-21,2024,2,2,0,0,None,None,None,0,4000,1,0,28.7,2.0,Clear,2807.0,3175.0,2902,validated
REC_001517,M005,Meenakshi Temple,Tamil Nadu,Madurai,Temple,2024-02-22,2024,2,3,0,0,None,None,None,0,4000,1,0,33.0,0.5,Clear,2902.0,3173.714285714286,2775,validated
REC_001518,M005,Meenakshi Temple,Tamil Nadu,Madurai,Temple,2024-02-23,2024,2,4,0,0,None,None,None,0,4000,1,0,26.8,2.5,Clear,2775.0,3161.0,2955,validated
REC_001519,M005,Meenakshi Temple,Tamil Nadu,Madurai,Temple,2024-02-24,2024,2,5,1,0,None,None,None,0,4000,1,0,30.7,0.3,Clear,2955.0,3187.4285714285716,4000,validated
REC_001520,M005,Meenakshi Temple,Tamil Nadu,Madurai,Temple,2024-02-25,2024,2,6,1,0,None,None,None,0,4000,1,0,27.0,2.4,Clear,4000.0,3187.4285714285716,4000,validated
REC_001521,M005,Meenakshi Temple,Tamil Nadu,Madurai,Temple,2024-02-26,2024,2,0,0,0,None,None,None,0,4000,1,0,29.0,1.4,Clear,4000.0,3187.4285714285716,2897,validated
REC_001522,M005,Meenakshi Temple,Tamil Nadu,Madurai,Temple,2024-02-27,2024,2,1,0,0,None,None,None,0,4000,1,0,31.6,1.5,Clear,2897.0,3190.8571428571427,2862,validated
REC_001523,M005,Meenakshi Temple,Tamil Nadu,Madurai,Temple,2024-02-28,2024,2,2,0,0,None,None,None,0,4000,1,0,32.7,1.4,Clear,2862.0,3198.714285714286,2813,validated
REC_001524,M005,Meenakshi Temple,Tamil Nadu,Madurai,Temple,2024-02-29,2024,2,3,0,0,None,None,None,0,4000,1,0,27.3,3.8,Clear,2813.0,3186.0,2405,validated
REC_001525,M005,Meenakshi Temple,Tamil Nadu,Madurai,Temple,2024-03-01,2024,3,4,0,0,None,None,None,0,4000,1,0,29.2,0.8,Clear,2405.0,3133.1428571428573,2751,validated
REC_001526,M005,Meenakshi Temple,Tamil Nadu,Madurai,Temple,2024-03-02,2024,3,5,1,0,None,None,None,0,4000,1,0,36.9,0.5,Clear,2751.0,3104.0,3712,validated
REC_001527,M005,Meenakshi Temple,Tamil Nadu,Madurai,Temple,2024-03-03,2024,3,6,1,0,None,None,None,0,4000,1,0,29.8,0.8,Clear,3712.0,3062.8571428571427,4000,validated
REC_001528,M005,Meenakshi Temple,Tamil Nadu,Madurai,Temple,2024-03-04,2024,3,0,0,0,None,None,None,0,4000,1,0,29.3,6.0,Clear,4000.0,3062.8571428571427,2548,validated
REC_001529,M005,Meenakshi Temple,Tamil Nadu,Madurai,Temple,2024-03-05,2024,3,1,0,0,None,None,None,0,4000,1,0,27.8,1.2,Clear,2548.0,3013.0,2532,validated
REC_001530,M005,Meenakshi Temple,Tamil Nadu,Madurai,Temple,2024-03-06,2024,3,2,0,0,None,None,None,0,4000,1,0,31.2,1.6,Clear,2532.0,2965.8571428571427,2346,validated
REC_001531,M005,Meenakshi Temple,Tamil Nadu,Madurai,Temple,2024-03-07,2024,3,3,0,0,None,None,None,0,4000,1,0,28.1,6.7,Clear,2346.0,2899.1428571428573,2334,validated
REC_001532,M005,Meenakshi Temple,Tamil Nadu,Madurai,Temple,2024-03-08,2024,3,4,0,1,Maha Shivratri,Shivratri,Medium,0,4000,1,0,26.5,0.6,Clear,2334.0,2889.0,3260,validated
REC_001533,M005,Meenakshi Temple,Tamil Nadu,Madurai,Temple,2024-03-09,2024,3,5,1,0,None,None,None,0,4000,1,0,34.0,0.5,Clear,3260.0,2961.714285714286,3721,validated
REC_001534,M005,Meenakshi Temple,Tamil Nadu,Madurai,Temple,2024-03-10,2024,3,6,1,0,None,None,None,0,4000,1,0,33.6,0.8,Clear,3721.0,2963.0,3690,validated
REC_001535,M005,Meenakshi Temple,Tamil Nadu,Madurai,Temple,2024-03-11,2024,3,0,0,0,None,None,None,0,4000,1,0,26.5,2.7,Clear,3690.0,2918.714285714286,2639,validated
REC_001536,M005,Meenakshi Temple,Tamil Nadu,Madurai,Temple,2024-03-12,2024,3,1,0,0,None,None,None,0,4000,1,0,30.8,0.9,Clear,2639.0,2931.714285714286,2567,validated
REC_001537,M005,Meenakshi Temple,Tamil Nadu,Madurai,Temple,2024-03-13,2024,3,2,0,0,None,None,None,0,4000,1,0,27.7,4.7,Clear,2567.0,2936.714285714286,2750,validated
REC_001538,M005,Meenakshi Temple,Tamil Nadu,Madurai,Temple,2024-03-14,2024,3,3,0,0,None,None,None,0,4000,1,0,29.6,1.4,Clear,2750.0,2994.4285714285716,2576,validated
REC_001539,M005,Meenakshi Temple,Tamil Nadu,Madurai,Temple,2024-03-15,2024,3,4,0,0,None,None,None,0,4000,1,0,31.7,1.6,Clear,2576.0,3029.0,2574,validated
REC_001540,M005,Meenakshi Temple,Tamil Nadu,Madurai,Temple,2024-03-16,2024,3,5,1,0,None,None,None,0,4000,1,0,32.3,2.2,Clear,2574.0,2931.0,3571,validated
REC_001541,M005,Meenakshi Temple,Tamil Nadu,Madurai,Temple,2024-03-17,2024,3,6,1,0,None,None,None,0,4000,1,0,29.1,0.2,Clear,3571.0,2909.5714285714284,3797,validated
REC_001542,M005,Meenakshi Temple,Tamil Nadu,Madurai,Temple,2024-03-18,2024,3,0,0,0,None,None,None,0,4000,0,1,31.5,1.4,Clear,3797.0,2924.8571428571427,0,validated
REC_001543,M005,Meenakshi Temple,Tamil Nadu,Madurai,Temple,2024-03-19,2024,3,1,0,0,None,None,None,0,4000,1,0,31.5,0.7,Clear,0.0,2547.8571428571427,2539,validated
REC_001544,M005,Meenakshi Temple,Tamil Nadu,Madurai,Temple,2024-03-20,2024,3,2,0,0,None,None,None,0,4000,1,0,28.1,0.9,Clear,2539.0,2543.8571428571427,2632,validated
REC_001545,M005,Meenakshi Temple,Tamil Nadu,Madurai,Temple,2024-03-21,2024,3,3,0,0,None,None,None,0,4000,1,0,34.0,0.2,Clear,2632.0,2527.0,2689,validated
REC_001546,M005,Meenakshi Temple,Tamil Nadu,Madurai,Temple,2024-03-22,2024,3,4,0,0,None,None,None,0,4000,1,0,29.6,2.0,Clear,2689.0,2543.1428571428573,2579,validated
REC_001547,M005,Meenakshi Temple,Tamil Nadu,Madurai,Temple,2024-03-23,2024,3,5,1,0,None,None,None,0,4000,1,0,33.5,0.9,Clear,2579.0,2543.8571428571427,3664,validated
REC_001548,M005,Meenakshi Temple,Tamil Nadu,Madurai,Temple,2024-03-24,2024,3,6,1,0,None,None,None,0,4000,1,0,31.2,1.4,Clear,3664.0,2557.1428571428573,4000,validated
REC_001549,M005,Meenakshi Temple,Tamil Nadu,Madurai,Temple,2024-03-25,2024,3,0,0,1,Holi,Holi,High,0,4000,1,0,29.4,5.8,Clear,4000.0,2586.1428571428573,4000,validated
REC_001550,M005,Meenakshi Temple,Tamil Nadu,Madurai,Temple,2024-03-26,2024,3,1,0,0,None,None,None,0,4000,1,0,35.9,0.1,Clear,4000.0,3157.5714285714284,2511,validated
REC_001551,M005,Meenakshi Temple,Tamil Nadu,Madurai,Temple,2024-03-27,2024,3,2,0,0,None,None,None,0,4000,1,0,31.0,3.6,Clear,2511.0,3153.5714285714284,2538,validated
REC_001552,M005,Meenakshi Temple,Tamil Nadu,Madurai,Temple,2024-03-28,2024,3,3,0,0,None,None,None,0,4000,1,0,27.9,0.6,Clear,2538.0,3140.1428571428573,2422,validated
REC_001553,M005,Meenakshi Temple,Tamil Nadu,Madurai,Temple,2024-03-29,2024,3,4,0,1,Good Friday,None,Low,0,4000,1,0,28.2,1.3,Clear,2422.0,3102.0,3281,validated
REC_001554,M005,Meenakshi Temple,Tamil Nadu,Madurai,Temple,2024-03-30,2024,3,5,1,0,None,None,None,0,4000,1,0,29.9,0.1,Clear,3281.0,3202.285714285714,3669,validated
REC_001555,M005,Meenakshi Temple,Tamil Nadu,Madurai,Temple,2024-03-31,2024,3,6,1,0,None,None,None,0,4000,1,0,30.4,3.6,Clear,3669.0,3203.0,4000,validated
REC_001556,M005,Meenakshi Temple,Tamil Nadu,Madurai,Temple,2024-04-01,2024,4,0,0,0,None,None,None,0,4000,1,0,33.4,1.6,Clear,4000.0,3203.0,2541,validated
REC_001557,M005,Meenakshi Temple,Tamil Nadu,Madurai,Temple,2024-04-02,2024,4,1,0,0,None,None,None,0,4000,1,0,28.8,0.8,Clear,2541.0,2994.5714285714284,2425,validated
REC_001558,M005,Meenakshi Temple,Tamil Nadu,Madurai,Temple,2024-04-03,2024,4,2,0,0,None,None,None,0,4000,1,0,31.1,0.2,Clear,2425.0,2982.285714285714,2675,validated
REC_001559,M005,Meenakshi Temple,Tamil Nadu,Madurai,Temple,2024-04-04,2024,4,3,0,0,None,None,None,0,4000,1,0,31.5,0.7,Clear,2675.0,3001.8571428571427,2729,validated
REC_001560,M005,Meenakshi Temple,Tamil Nadu,Madurai,Temple,2024-04-05,2024,4,4,0,0,None,None,None,0,4000,1,0,33.4,3.1,Clear,2729.0,3045.714285714286,2622,validated
REC_001561,M005,Meenakshi Temple,Tamil Nadu,Madurai,Temple,2024-04-06,2024,4,5,1,0,None,None,None,0,4000,1,0,31.0,0.3,Clear,2622.0,2951.5714285714284,3889,validated
REC_001562,M005,Meenakshi Temple,Tamil Nadu,Madurai,Temple,2024-04-07,2024,4,6,1,0,None,None,None,0,4000,1,0,28.8,0.5,Clear,3889.0,2983.0,3807,validated
REC_001563,M005,Meenakshi Temple,Tamil Nadu,Madurai,Temple,2024-04-08,2024,4,0,0,0,None,None,None,0,4000,1,0,28.9,1.0,Clear,3807.0,2955.4285714285716,2629,validated
REC_001564,M005,Meenakshi Temple,Tamil Nadu,Madurai,Temple,2024-04-09,2024,4,1,0,1,Ugadi / Gudi Padwa,Ugadi,Medium,0,4000,1,0,31.6,0.2,Clear,2629.0,2968.0,3208,validated
REC_001565,M005,Meenakshi Temple,Tamil Nadu,Madurai,Temple,2024-04-10,2024,4,2,0,0,None,None,None,0,4000,1,0,25.8,0.1,Clear,3208.0,3079.8571428571427,2461,validated
REC_001566,M005,Meenakshi Temple,Tamil Nadu,Madurai,Temple,2024-04-11,2024,4,3,0,1,Eid-ul-Fitr,Eid,High,0,4000,1,0,30.0,1.0,Clear,2461.0,3049.285714285714,4000,validated
REC_001567,M005,Meenakshi Temple,Tamil Nadu,Madurai,Temple,2024-04-12,2024,4,4,0,0,None,None,None,0,4000,1,0,28.3,3.3,Clear,4000.0,3230.8571428571427,2549,validated
REC_001568,M005,Meenakshi Temple,Tamil Nadu,Madurai,Temple,2024-04-13,2024,4,5,1,0,None,None,None,0,4000,1,0,27.5,0.9,Clear,2549.0,3220.4285714285716,3841,validated
REC_001569,M005,Meenakshi Temple,Tamil Nadu,Madurai,Temple,2024-04-14,2024,4,6,1,0,None,None,None,0,4000,1,0,28.9,2.5,Clear,3841.0,3213.5714285714284,3676,validated
REC_001570,M005,Meenakshi Temple,Tamil Nadu,Madurai,Temple,2024-04-15,2024,4,0,0,0,None,None,None,0,4000,1,0,27.1,0.2,Clear,3676.0,3194.8571428571427,2483,validated
REC_001571,M005,Meenakshi Temple,Tamil Nadu,Madurai,Temple,2024-04-16,2024,4,1,0,0,None,None,None,0,4000,1,0,30.8,8.5,Clear,2483.0,3174.0,2532,validated
REC_001572,M005,Meenakshi Temple,Tamil Nadu,Madurai,Temple,2024-04-17,2024,4,2,0,1,Ram Navami,Ram Navami,Medium,0,4000,1,0,33.3,1.7,Clear,2532.0,3077.4285714285716,3399,validated
REC_001573,M005,Meenakshi Temple,Tamil Nadu,Madurai,Temple,2024-04-18,2024,4,3,0,0,None,None,None,0,4000,1,0,32.1,0.4,Clear,3399.0,3211.4285714285716,2738,validated
REC_001574,M005,Meenakshi Temple,Tamil Nadu,Madurai,Temple,2024-04-19,2024,4,4,0,0,None,None,None,0,4000,1,0,29.1,2.1,Clear,2738.0,3031.1428571428573,2715,validated
REC_001575,M005,Meenakshi Temple,Tamil Nadu,Madurai,Temple,2024-04-20,2024,4,5,1,0,None,None,None,0,4000,1,0,30.9,4.5,Clear,2715.0,3054.8571428571427,4000,validated
REC_001576,M005,Meenakshi Temple,Tamil Nadu,Madurai,Temple,2024-04-21,2024,4,6,1,1,Mahavir Jayanti,None,Low,0,4000,1,0,30.8,2.8,Clear,4000.0,3077.5714285714284,4000,validated
REC_001577,M005,Meenakshi Temple,Tamil Nadu,Madurai,Temple,2024-04-22,2024,4,0,0,0,None,None,None,0,4000,1,0,30.9,3.2,Clear,4000.0,3123.8571428571427,2541,validated
REC_001578,M005,Meenakshi Temple,Tamil Nadu,Madurai,Temple,2024-04-23,2024,4,1,0,0,None,None,None,0,4000,1,0,30.6,1.2,Clear,2541.0,3132.1428571428573,2534,validated
REC_001579,M005,Meenakshi Temple,Tamil Nadu,Madurai,Temple,2024-04-24,2024,4,2,0,0,None,None,None,0,4000,1,0,27.5,0.0,Clear,2534.0,3132.4285714285716,2742,validated
REC_001580,M005,Meenakshi Temple,Tamil Nadu,Madurai,Temple,2024-04-25,2024,4,3,0,0,None,None,None,0,4000,1,0,24.5,1.9,Clear,2742.0,3038.5714285714284,2726,validated
REC_001581,M005,Meenakshi Temple,Tamil Nadu,Madurai,Temple,2024-04-26,2024,4,4,0,0,None,None,None,0,4000,1,0,31.2,0.5,Clear,2726.0,3036.8571428571427,2600,validated
REC_001582,M005,Meenakshi Temple,Tamil Nadu,Madurai,Temple,2024-04-27,2024,4,5,1,0,None,None,None,0,4000,1,0,33.1,8.0,Clear,2600.0,3020.4285714285716,3715,validated
REC_001583,M005,Meenakshi Temple,Tamil Nadu,Madurai,Temple,2024-04-28,2024,4,6,1,0,None,None,None,0,4000,1,0,28.5,2.0,Clear,3715.0,2979.714285714286,3880,validated
REC_001584,M005,Meenakshi Temple,Tamil Nadu,Madurai,Temple,2024-04-29,2024,4,0,0,0,None,None,None,0,4000,1,0,29.5,0.1,Clear,3880.0,2962.5714285714284,2886,validated
REC_001585,M005,Meenakshi Temple,Tamil Nadu,Madurai,Temple,2024-04-30,2024,4,1,0,0,None,None,None,0,4000,1,0,33.0,2.1,Clear,2886.0,3011.8571428571427,2503,validated
REC_001586,M005,Meenakshi Temple,Tamil Nadu,Madurai,Temple,2024-05-01,2024,5,2,0,0,None,None,None,1,4000,1,0,26.7,3.7,Clear,2503.0,3007.4285714285716,2756,validated
REC_001587,M005,Meenakshi Temple,Tamil Nadu,Madurai,Temple,2024-05-02,2024,5,3,0,0,None,None,None,1,4000,1,0,28.9,1.7,Clear,2756.0,3009.4285714285716,2797,validated
REC_001588,M005,Meenakshi Temple,Tamil Nadu,Madurai,Temple,2024-05-03,2024,5,4,0,0,None,None,None,1,4000,1,0,32.4,0.5,Clear,2797.0,3019.5714285714284,2833,validated
REC_001589,M005,Meenakshi Temple,Tamil Nadu,Madurai,Temple,2024-05-04,2024,5,5,1,0,None,None,None,1,4000,1,0,30.5,1.1,Clear,2833.0,3052.8571428571427,3891,validated
REC_001590,M005,Meenakshi Temple,Tamil Nadu,Madurai,Temple,2024-05-05,2024,5,6,1,0,None,None,None,1,4000,1,0,31.3,0.3,Clear,3891.0,3078.0,4000,validated
REC_001591,M005,Meenakshi Temple,Tamil Nadu,Madurai,Temple,2024-05-06,2024,5,0,0,0,None,None,None,1,4000,1,0,29.7,0.8,Clear,4000.0,3095.1428571428573,2602,validated
REC_001592,M005,Meenakshi Temple,Tamil Nadu,Madurai,Temple,2024-05-07,2024,5,1,0,0,None,None,None,1,4000,1,0,29.4,2.6,Clear,2602.0,3054.5714285714284,2830,validated
REC_001593,M005,Meenakshi Temple,Tamil Nadu,Madurai,Temple,2024-05-08,2024,5,2,0,0,None,None,None,1,4000,1,0,28.3,1.2,Clear,2830.0,3101.285714285714,2896,validated
REC_001594,M005,Meenakshi Temple,Tamil Nadu,Madurai,Temple,2024-05-09,2024,5,3,0,0,None,None,None,1,4000,1,0,29.8,1.0,Clear,2896.0,3121.285714285714,2412,validated
REC_001595,M005,Meenakshi Temple,Tamil Nadu,Madurai,Temple,2024-05-10,2024,5,4,0,0,None,None,None,1,4000,1,0,27.6,0.9,Clear,2412.0,3066.285714285714,2876,validated
REC_001596,M005,Meenakshi Temple,Tamil Nadu,Madurai,Temple,2024-05-11,2024,5,5,1,0,None,None,None,1,4000,1,0,30.3,0.9,Clear,2876.0,3072.4285714285716,4000,validated
REC_001597,M005,Meenakshi Temple,Tamil Nadu,Madurai,Temple,2024-05-12,2024,5,6,1,0,None,None,None,1,4000,1,0,30.7,0.6,Clear,4000.0,3088.0,3957,validated
REC_001598,M005,Meenakshi Temple,Tamil Nadu,Madurai,Temple,2024-05-13,2024,5,0,0,0,None,None,None,1,4000,1,0,29.6,2.6,Clear,3957.0,3081.8571428571427,2940,validated
REC_001599,M005,Meenakshi Temple,Tamil Nadu,Madurai,Temple,2024-05-14,2024,5,1,0,0,None,None,None,1,4000,1,0,32.4,0.1,Clear,2940.0,3130.1428571428573,2716,validated
REC_001600,M005,Meenakshi Temple,Tamil Nadu,Madurai,Temple,2024-05-15,2024,5,2,0,0,None,None,None,1,4000,1,0,36.0,1.6,Clear,2716.0,3113.8571428571427,2601,validated
REC_001601,M005,Meenakshi Temple,Tamil Nadu,Madurai,Temple,2024-05-16,2024,5,3,0,0,None,None,None,1,4000,1,0,29.4,0.4,Clear,2601.0,3071.714285714286,2675,validated
REC_001602,M005,Meenakshi Temple,Tamil Nadu,Madurai,Temple,2024-05-17,2024,5,4,0,0,None,None,None,1,4000,1,0,31.4,1.3,Clear,2675.0,3109.285714285714,2733,validated
REC_001603,M005,Meenakshi Temple,Tamil Nadu,Madurai,Temple,2024-05-18,2024,5,5,1,0,None,None,None,1,4000,1,0,34.5,1.4,Clear,2733.0,3088.8571428571427,4000,validated
REC_001604,M005,Meenakshi Temple,Tamil Nadu,Madurai,Temple,2024-05-19,2024,5,6,1,0,None,None,None,1,4000,1,0,27.9,0.4,Clear,4000.0,3088.8571428571427,3868,validated
REC_001605,M005,Meenakshi Temple,Tamil Nadu,Madurai,Temple,2024-05-20,2024,5,0,0,0,None,None,None,1,4000,1,0,26.6,0.7,Clear,3868.0,3076.1428571428573,2789,validated
REC_001606,M005,Meenakshi Temple,Tamil Nadu,Madurai,Temple,2024-05-21,2024,5,1,0,0,None,None,None,1,4000,1,0,26.8,2.1,Clear,2789.0,3054.5714285714284,2649,validated
REC_001607,M005,Meenakshi Temple,Tamil Nadu,Madurai,Temple,2024-05-22,2024,5,2,0,0,None,None,None,1,4000,1,0,33.1,0.2,Clear,2649.0,3045.0,2906,validated
REC_001608,M005,Meenakshi Temple,Tamil Nadu,Madurai,Temple,2024-05-23,2024,5,3,0,1,Buddha Purnima,None,Low,1,4000,1,0,31.8,0.0,Clear,2906.0,3088.5714285714284,3270,validated
REC_001609,M005,Meenakshi Temple,Tamil Nadu,Madurai,Temple,2024-05-24,2024,5,4,0,0,None,None,None,1,4000,1,0,30.1,1.7,Clear,3270.0,3173.5714285714284,2407,validated
REC_001610,M005,Meenakshi Temple,Tamil Nadu,Madurai,Temple,2024-05-25,2024,5,5,1,0,None,None,None,1,4000,1,0,35.1,5.8,Clear,2407.0,3127.0,3809,validated
REC_001611,M005,Meenakshi Temple,Tamil Nadu,Madurai,Temple,2024-05-26,2024,5,6,1,0,None,None,None,1,4000,1,0,30.5,1.3,Clear,3809.0,3099.714285714286,3865,validated
REC_001612,M005,Meenakshi Temple,Tamil Nadu,Madurai,Temple,2024-05-27,2024,5,0,0,0,None,None,None,1,4000,1,0,26.0,1.2,Clear,3865.0,3099.285714285714,2445,validated
REC_001613,M005,Meenakshi Temple,Tamil Nadu,Madurai,Temple,2024-05-28,2024,5,1,0,0,None,None,None,1,4000,1,0,32.6,0.4,Clear,2445.0,3050.1428571428573,2864,validated
REC_001614,M005,Meenakshi Temple,Tamil Nadu,Madurai,Temple,2024-05-29,2024,5,2,0,0,None,None,None,1,4000,1,0,30.0,2.2,Clear,2864.0,3080.8571428571427,2759,validated
REC_001615,M005,Meenakshi Temple,Tamil Nadu,Madurai,Temple,2024-05-30,2024,5,3,0,0,None,None,None,1,4000,1,0,29.5,4.9,Clear,2759.0,3059.8571428571427,2789,validated
REC_001616,M005,Meenakshi Temple,Tamil Nadu,Madurai,Temple,2024-05-31,2024,5,4,0,0,None,None,None,1,4000,1,0,31.3,6.9,Clear,2789.0,2991.1428571428573,2722,validated
REC_001617,M005,Meenakshi Temple,Tamil Nadu,Madurai,Temple,2024-06-01,2024,6,5,1,0,None,None,None,1,4000,1,0,32.3,1.5,Clear,2722.0,3036.1428571428573,4000,validated
REC_001618,M005,Meenakshi Temple,Tamil Nadu,Madurai,Temple,2024-06-02,2024,6,6,1,0,None,None,None,1,4000,1,0,28.3,1.6,Clear,4000.0,3063.4285714285716,3731,validated
REC_001619,M005,Meenakshi Temple,Tamil Nadu,Madurai,Temple,2024-06-03,2024,6,0,0,0,None,None,None,1,4000,1,0,32.4,1.7,Clear,3731.0,3044.285714285714,2668,validated
REC_001620,M005,Meenakshi Temple,Tamil Nadu,Madurai,Temple,2024-06-04,2024,6,1,0,0,None,None,None,1,4000,1,0,28.0,2.8,Clear,2668.0,3076.1428571428573,2689,validated
REC_001621,M005,Meenakshi Temple,Tamil Nadu,Madurai,Temple,2024-06-05,2024,6,2,0,0,None,None,None,1,4000,1,0,25.5,0.8,Clear,2689.0,3051.1428571428573,2841,validated
REC_001622,M005,Meenakshi Temple,Tamil Nadu,Madurai,Temple,2024-06-06,2024,6,3,0,0,None,None,None,1,4000,1,0,29.5,2.3,Clear,2841.0,3062.8571428571427,2661,validated
REC_001623,M005,Meenakshi Temple,Tamil Nadu,Madurai,Temple,2024-06-07,2024,6,4,0,0,None,None,None,1,4000,1,0,30.7,4.1,Clear,2661.0,3044.5714285714284,2527,validated
REC_001624,M005,Meenakshi Temple,Tamil Nadu,Madurai,Temple,2024-06-08,2024,6,5,1,0,None,None,None,1,4000,1,0,27.2,1.4,Clear,2527.0,3016.714285714286,4000,validated
REC_001625,M005,Meenakshi Temple,Tamil Nadu,Madurai,Temple,2024-06-09,2024,6,6,1,0,None,None,None,1,4000,1,0,29.0,1.0,Clear,4000.0,3016.714285714286,3836,validated
REC_001626,M005,Meenakshi Temple,Tamil Nadu,Madurai,Temple,2024-06-10,2024,6,0,0,0,None,None,None,1,4000,1,0,26.6,1.0,Clear,3836.0,3031.714285714286,2710,validated
REC_001627,M005,Meenakshi Temple,Tamil Nadu,Madurai,Temple,2024-06-11,2024,6,1,0,0,None,None,None,1,4000,1,0,30.6,1.4,Clear,2710.0,3037.714285714286,2688,validated
REC_001628,M005,Meenakshi Temple,Tamil Nadu,Madurai,Temple,2024-06-12,2024,6,2,0,0,None,None,None,1,4000,1,0,30.7,0.1,Clear,2688.0,3037.5714285714284,2632,validated
REC_001629,M005,Meenakshi Temple,Tamil Nadu,Madurai,Temple,2024-06-13,2024,6,3,0,0,None,None,None,1,4000,1,0,25.9,0.3,Clear,2632.0,3007.714285714286,2773,validated
REC_001630,M005,Meenakshi Temple,Tamil Nadu,Madurai,Temple,2024-06-14,2024,6,4,0,0,None,None,None,1,4000,1,0,26.1,2.6,Clear,2773.0,3023.714285714286,2898,validated
REC_001631,M005,Meenakshi Temple,Tamil Nadu,Madurai,Temple,2024-06-15,2024,6,5,1,0,None,None,None,1,4000,1,0,30.2,1.7,Clear,2898.0,3076.714285714286,3708,validated
REC_001632,M005,Meenakshi Temple,Tamil Nadu,Madurai,Temple,2024-06-16,2024,6,6,1,0,None,None,None,1,4000,1,0,30.3,0.3,Clear,3708.0,3035.0,3563,validated
REC_001633,M005,Meenakshi Temple,Tamil Nadu,Madurai,Temple,2024-06-17,2024,6,0,0,1,Bakrid / Eid al-Adha,Eid al-Adha,High,1,4000,1,0,30.6,0.0,Clear,3563.0,2996.0,4000,validated
REC_001634,M005,Meenakshi Temple,Tamil Nadu,Madurai,Temple,2024-06-18,2024,6,1,0,0,None,None,None,1,4000,1,0,35.8,6.9,Clear,4000.0,3180.285714285714,2592,validated
REC_001635,M005,Meenakshi Temple,Tamil Nadu,Madurai,Temple,2024-06-19,2024,6,2,0,0,None,None,None,1,4000,1,0,29.9,1.6,Clear,2592.0,3166.5714285714284,2446,validated
REC_001636,M005,Meenakshi Temple,Tamil Nadu,Madurai,Temple,2024-06-20,2024,6,3,0,0,None,None,None,1,4000,1,0,28.2,4.7,Clear,2446.0,3140.0,2751,validated
REC_001637,M005,Meenakshi Temple,Tamil Nadu,Madurai,Temple,2024-06-21,2024,6,4,0,0,None,None,None,1,4000,1,0,27.0,1.0,Clear,2751.0,3136.8571428571427,2675,validated
REC_001638,M005,Meenakshi Temple,Tamil Nadu,Madurai,Temple,2024-06-22,2024,6,5,1,0,None,None,None,1,4000,1,0,29.1,0.6,Clear,2675.0,3105.0,3963,validated
REC_001639,M005,Meenakshi Temple,Tamil Nadu,Madurai,Temple,2024-06-23,2024,6,6,1,0,None,None,None,1,4000,1,0,30.3,0.6,Clear,3963.0,3141.4285714285716,3752,validated
REC_001640,M005,Meenakshi Temple,Tamil Nadu,Madurai,Temple,2024-06-24,2024,6,0,0,0,None,None,None,1,4000,1,0,30.2,5.4,Clear,3752.0,3168.4285714285716,2786,validated
REC_001641,M005,Meenakshi Temple,Tamil Nadu,Madurai,Temple,2024-06-25,2024,6,1,0,0,None,None,None,1,4000,1,0,33.0,3.5,Clear,2786.0,2995.0,2724,validated
REC_001642,M005,Meenakshi Temple,Tamil Nadu,Madurai,Temple,2024-06-26,2024,6,2,0,0,None,None,None,1,4000,1,0,30.2,2.5,Clear,2724.0,3013.8571428571427,2695,validated
REC_001643,M005,Meenakshi Temple,Tamil Nadu,Madurai,Temple,2024-06-27,2024,6,3,0,0,None,None,None,1,4000,1,0,32.0,0.2,Clear,2695.0,3049.4285714285716,2546,validated
REC_001644,M005,Meenakshi Temple,Tamil Nadu,Madurai,Temple,2024-06-28,2024,6,4,0,0,None,None,None,1,4000,1,0,30.2,1.8,Clear,2546.0,3020.1428571428573,3005,validated
REC_001645,M005,Meenakshi Temple,Tamil Nadu,Madurai,Temple,2024-06-29,2024,6,5,1,0,None,None,None,1,4000,1,0,29.2,0.0,Clear,3005.0,3067.285714285714,3894,validated
REC_001646,M005,Meenakshi Temple,Tamil Nadu,Madurai,Temple,2024-06-30,2024,6,6,1,0,None,None,None,1,4000,1,0,26.5,6.0,Clear,3894.0,3057.4285714285716,3661,validated
REC_001647,M005,Meenakshi Temple,Tamil Nadu,Madurai,Temple,2024-07-01,2024,7,0,0,0,None,None,None,0,4000,1,0,25.3,2.5,Clear,3661.0,3044.4285714285716,2394,validated
REC_001648,M005,Meenakshi Temple,Tamil Nadu,Madurai,Temple,2024-07-02,2024,7,1,0,0,None,None,None,0,4000,1,0,32.0,1.1,Clear,2394.0,2988.4285714285716,2557,validated
REC_001649,M005,Meenakshi Temple,Tamil Nadu,Madurai,Temple,2024-07-03,2024,7,2,0,0,None,None,None,0,4000,1,0,27.7,0.1,Clear,2557.0,2964.5714285714284,2689,validated
REC_001650,M005,Meenakshi Temple,Tamil Nadu,Madurai,Temple,2024-07-04,2024,7,3,0,0,None,None,None,0,4000,1,0,28.3,0.4,Clear,2689.0,2963.714285714286,2593,validated
REC_001651,M005,Meenakshi Temple,Tamil Nadu,Madurai,Temple,2024-07-05,2024,7,4,0,0,None,None,None,0,4000,1,0,27.9,0.0,Clear,2593.0,2970.4285714285716,2619,validated
REC_001652,M005,Meenakshi Temple,Tamil Nadu,Madurai,Temple,2024-07-06,2024,7,5,1,0,None,None,None,0,4000,1,0,30.2,3.9,Clear,2619.0,2915.285714285714,3706,validated
REC_001653,M005,Meenakshi Temple,Tamil Nadu,Madurai,Temple,2024-07-07,2024,7,6,1,0,None,None,None,0,4000,1,0,30.3,3.1,Clear,3706.0,2888.4285714285716,3844,validated
REC_001654,M005,Meenakshi Temple,Tamil Nadu,Madurai,Temple,2024-07-08,2024,7,0,0,0,None,None,None,0,4000,1,0,31.1,1.4,Clear,3844.0,2914.5714285714284,2675,validated
REC_001655,M005,Meenakshi Temple,Tamil Nadu,Madurai,Temple,2024-07-09,2024,7,1,0,0,None,None,None,0,4000,1,0,28.9,2.6,Clear,2675.0,2954.714285714286,2509,validated
REC_001656,M005,Meenakshi Temple,Tamil Nadu,Madurai,Temple,2024-07-10,2024,7,2,0,0,None,None,None,0,4000,1,0,28.4,3.1,Clear,2509.0,2947.8571428571427,2544,validated
REC_001657,M005,Meenakshi Temple,Tamil Nadu,Madurai,Temple,2024-07-11,2024,7,3,0,0,None,None,None,0,4000,1,0,32.6,3.7,Clear,2544.0,2927.1428571428573,2718,validated
REC_001658,M005,Meenakshi Temple,Tamil Nadu,Madurai,Temple,2024-07-12,2024,7,4,0,0,None,None,None,0,4000,1,0,30.3,5.2,Clear,2718.0,2945.0,2703,validated
REC_001659,M005,Meenakshi Temple,Tamil Nadu,Madurai,Temple,2024-07-13,2024,7,5,1,0,None,None,None,0,4000,1,0,27.1,4.4,Clear,2703.0,2957.0,4000,validated
REC_001660,M005,Meenakshi Temple,Tamil Nadu,Madurai,Temple,2024-07-14,2024,7,6,1,0,None,None,None,0,4000,1,0,27.9,0.4,Clear,4000.0,2999.0,3762,validated
REC_001661,M005,Meenakshi Temple,Tamil Nadu,Madurai,Temple,2024-07-15,2024,7,0,0,0,None,None,None,0,4000,1,0,25.6,0.2,Clear,3762.0,2987.285714285714,2617,validated
REC_001662,M005,Meenakshi Temple,Tamil Nadu,Madurai,Temple,2024-07-16,2024,7,1,0,0,None,None,None,0,4000,1,0,37.3,0.3,Clear,2617.0,2979.0,2348,validated
REC_001663,M005,Meenakshi Temple,Tamil Nadu,Madurai,Temple,2024-07-17,2024,7,2,0,1,Muharram,None,Low,0,4000,1,0,28.3,1.5,Clear,2348.0,2956.0,3235,validated
REC_001664,M005,Meenakshi Temple,Tamil Nadu,Madurai,Temple,2024-07-18,2024,7,3,0,0,None,None,None,0,4000,1,0,30.0,2.9,Clear,3235.0,3054.714285714286,2485,validated
REC_001665,M005,Meenakshi Temple,Tamil Nadu,Madurai,Temple,2024-07-19,2024,7,4,0,0,None,None,None,0,4000,1,0,33.5,0.1,Clear,2485.0,3021.4285714285716,2500,validated
REC_001666,M005,Meenakshi Temple,Tamil Nadu,Madurai,Temple,2024-07-20,2024,7,5,1,0,None,None,None,0,4000,1,0,27.2,0.4,Clear,2500.0,2992.4285714285716,3553,validated
REC_001667,M005,Meenakshi Temple,Tamil Nadu,Madurai,Temple,2024-07-21,2024,7,6,1,0,None,None,None,0,4000,1,0,30.6,0.9,Clear,3553.0,2928.5714285714284,3873,validated
REC_001668,M005,Meenakshi Temple,Tamil Nadu,Madurai,Temple,2024-07-22,2024,7,0,0,0,None,None,None,0,4000,1,0,34.5,1.0,Clear,3873.0,2944.4285714285716,2801,validated
REC_001669,M005,Meenakshi Temple,Tamil Nadu,Madurai,Temple,2024-07-23,2024,7,1,0,0,None,None,None,0,4000,1,0,25.0,0.0,Clear,2801.0,2970.714285714286,2628,validated
REC_001670,M005,Meenakshi Temple,Tamil Nadu,Madurai,Temple,2024-07-24,2024,7,2,0,0,None,None,None,0,4000,1,0,28.9,5.1,Clear,2628.0,3010.714285714286,2497,validated
REC_001671,M005,Meenakshi Temple,Tamil Nadu,Madurai,Temple,2024-07-25,2024,7,3,0,0,None,None,None,0,4000,1,0,26.5,1.7,Clear,2497.0,2905.285714285714,2552,validated
REC_001672,M005,Meenakshi Temple,Tamil Nadu,Madurai,Temple,2024-07-26,2024,7,4,0,0,None,None,None,0,4000,1,0,30.5,2.2,Clear,2552.0,2914.8571428571427,2495,validated
REC_001673,M005,Meenakshi Temple,Tamil Nadu,Madurai,Temple,2024-07-27,2024,7,5,1,0,None,None,None,0,4000,1,0,23.9,0.1,Clear,2495.0,2914.1428571428573,3874,validated
REC_001674,M005,Meenakshi Temple,Tamil Nadu,Madurai,Temple,2024-07-28,2024,7,6,1,0,None,None,None,0,4000,1,0,28.5,1.2,Clear,3874.0,2960.0,3602,validated
REC_001675,M005,Meenakshi Temple,Tamil Nadu,Madurai,Temple,2024-07-29,2024,7,0,0,0,None,None,None,0,4000,1,0,26.2,3.9,Clear,3602.0,2921.285714285714,2489,validated
REC_001676,M005,Meenakshi Temple,Tamil Nadu,Madurai,Temple,2024-07-30,2024,7,1,0,0,None,None,None,0,4000,1,0,32.3,0.2,Clear,2489.0,2876.714285714286,2634,validated
REC_001677,M005,Meenakshi Temple,Tamil Nadu,Madurai,Temple,2024-07-31,2024,7,2,0,0,None,None,None,0,4000,1,0,29.6,1.7,Clear,2634.0,2877.5714285714284,2909,validated
REC_001678,M005,Meenakshi Temple,Tamil Nadu,Madurai,Temple,2024-08-01,2024,8,3,0,0,None,None,None,0,4000,1,0,32.1,0.9,Clear,2909.0,2936.4285714285716,2613,validated
REC_001679,M005,Meenakshi Temple,Tamil Nadu,Madurai,Temple,2024-08-02,2024,8,4,0,0,None,None,None,0,4000,1,0,33.5,0.2,Clear,2613.0,2945.1428571428573,2613,validated
REC_001680,M005,Meenakshi Temple,Tamil Nadu,Madurai,Temple,2024-08-03,2024,8,5,1,0,None,None,None,0,4000,1,0,27.3,5.5,Clear,2613.0,2962.0,3913,validated
REC_001681,M005,Meenakshi Temple,Tamil Nadu,Madurai,Temple,2024-08-04,2024,8,6,1,0,None,None,None,0,4000,1,0,29.0,2.9,Clear,3913.0,2967.5714285714284,3824,validated
REC_001682,M005,Meenakshi Temple,Tamil Nadu,Madurai,Temple,2024-08-05,2024,8,0,0,0,None,None,None,0,4000,1,0,28.7,0.4,Clear,3824.0,2999.285714285714,2603,validated
REC_001683,M005,Meenakshi Temple,Tamil Nadu,Madurai,Temple,2024-08-06,2024,8,1,0,0,None,None,None,0,4000,1,0,24.2,2.6,Clear,2603.0,3015.5714285714284,2570,validated
REC_001684,M005,Meenakshi Temple,Tamil Nadu,Madurai,Temple,2024-08-07,2024,8,2,0,0,None,None,None,0,4000,1,0,27.7,1.3,Clear,2570.0,3006.4285714285716,2771,validated
REC_001685,M005,Meenakshi Temple,Tamil Nadu,Madurai,Temple,2024-08-08,2024,8,3,0,0,None,None,None,0,4000,1,0,30.4,0.4,Clear,2771.0,2986.714285714286,2678,validated
REC_001686,M005,Meenakshi Temple,Tamil Nadu,Madurai,Temple,2024-08-09,2024,8,4,0,0,None,None,None,0,4000,1,0,32.4,1.6,Clear,2678.0,2996.0,2504,validated
REC_001687,M005,Meenakshi Temple,Tamil Nadu,Madurai,Temple,2024-08-10,2024,8,5,1,0,None,None,None,0,4000,1,0,34.2,0.3,Clear,2504.0,2980.4285714285716,3828,validated
REC_001688,M005,Meenakshi Temple,Tamil Nadu,Madurai,Temple,2024-08-11,2024,8,6,1,0,None,None,None,0,4000,1,0,35.2,2.0,Clear,3828.0,2968.285714285714,3897,validated
REC_001689,M005,Meenakshi Temple,Tamil Nadu,Madurai,Temple,2024-08-12,2024,8,0,0,0,None,None,None,0,4000,1,0,29.3,1.8,Clear,3897.0,2978.714285714286,2586,validated
REC_001690,M005,Meenakshi Temple,Tamil Nadu,Madurai,Temple,2024-08-13,2024,8,1,0,0,None,None,None,0,4000,1,0,27.9,2.8,Clear,2586.0,2976.285714285714,2596,validated
REC_001691,M005,Meenakshi Temple,Tamil Nadu,Madurai,Temple,2024-08-14,2024,8,2,0,0,None,None,None,0,4000,1,0,33.6,4.5,Clear,2596.0,2980.0,2522,validated
REC_001692,M005,Meenakshi Temple,Tamil Nadu,Madurai,Temple,2024-08-15,2024,8,3,0,1,Independence Day,None,High,0,4000,1,0,26.1,4.6,Clear,2522.0,2944.4285714285716,4000,validated
REC_001693,M005,Meenakshi Temple,Tamil Nadu,Madurai,Temple,2024-08-16,2024,8,4,0,0,None,None,None,0,4000,1,0,31.7,3.9,Clear,4000.0,3133.285714285714,2474,validated
REC_001694,M005,Meenakshi Temple,Tamil Nadu,Madurai,Temple,2024-08-17,2024,8,5,1,0,None,None,None,0,4000,1,0,28.7,0.5,Clear,2474.0,3129.0,3482,validated
REC_001695,M005,Meenakshi Temple,Tamil Nadu,Madurai,Temple,2024-08-18,2024,8,6,1,0,None,None,None,0,4000,1,0,28.7,0.8,Clear,3482.0,3079.5714285714284,3692,validated
REC_001696,M005,Meenakshi Temple,Tamil Nadu,Madurai,Temple,2024-08-19,2024,8,0,0,1,Raksha Bandhan,Raksha Bandhan,Medium,0,4000,1,0,28.2,1.7,Clear,3692.0,3050.285714285714,3046,validated
REC_001697,M005,Meenakshi Temple,Tamil Nadu,Madurai,Temple,2024-08-20,2024,8,1,0,0,None,None,None,0,4000,1,0,28.1,2.7,Clear,3046.0,3116.0,2635,validated
REC_001698,M005,Meenakshi Temple,Tamil Nadu,Madurai,Temple,2024-08-21,2024,8,2,0,0,None,None,None,0,4000,1,0,31.0,0.8,Clear,2635.0,3121.5714285714284,2514,validated
REC_001699,M005,Meenakshi Temple,Tamil Nadu,Madurai,Temple,2024-08-22,2024,8,3,0,0,None,None,None,0,4000,1,0,31.2,0.3,Clear,2514.0,3120.4285714285716,2741,validated
REC_001700,M005,Meenakshi Temple,Tamil Nadu,Madurai,Temple,2024-08-23,2024,8,4,0,0,None,None,None,0,4000,1,0,28.6,0.6,Clear,2741.0,2940.5714285714284,2646,validated
REC_001701,M005,Meenakshi Temple,Tamil Nadu,Madurai,Temple,2024-08-24,2024,8,5,1,0,None,None,None,0,4000,1,0,32.4,0.6,Clear,2646.0,2965.1428571428573,4000,validated
REC_001702,M005,Meenakshi Temple,Tamil Nadu,Madurai,Temple,2024-08-25,2024,8,6,1,0,None,None,None,0,4000,1,0,36.5,2.1,Clear,4000.0,3039.1428571428573,3867,validated
REC_001703,M005,Meenakshi Temple,Tamil Nadu,Madurai,Temple,2024-08-26,2024,8,0,0,1,Janmashtami,Janmashtami,Medium,0,4000,1,0,29.1,0.7,Clear,3867.0,3064.1428571428573,3131,validated
REC_001704,M005,Meenakshi Temple,Tamil Nadu,Madurai,Temple,2024-08-27,2024,8,1,0,0,None,None,None,0,4000,1,0,26.8,1.6,Clear,3131.0,3076.285714285714,2688,validated
REC_001705,M005,Meenakshi Temple,Tamil Nadu,Madurai,Temple,2024-08-28,2024,8,2,0,0,None,None,None,0,4000,1,0,27.3,3.3,Clear,2688.0,3083.8571428571427,2810,validated
REC_001706,M005,Meenakshi Temple,Tamil Nadu,Madurai,Temple,2024-08-29,2024,8,3,0,0,None,None,None,0,4000,1,0,31.0,2.2,Clear,2810.0,3126.1428571428573,2745,validated
REC_001707,M005,Meenakshi Temple,Tamil Nadu,Madurai,Temple,2024-08-30,2024,8,4,0,0,None,None,None,0,4000,1,0,28.7,0.7,Clear,2745.0,3126.714285714286,2804,validated
REC_001708,M005,Meenakshi Temple,Tamil Nadu,Madurai,Temple,2024-08-31,2024,8,5,1,0,None,None,None,0,4000,1,0,31.1,1.0,Clear,2804.0,3149.285714285714,3697,validated
REC_001709,M005,Meenakshi Temple,Tamil Nadu,Madurai,Temple,2024-09-01,2024,9,6,1,0,None,None,None,0,4000,1,0,25.3,3.4,Clear,3697.0,3106.0,3784,validated
REC_001710,M005,Meenakshi Temple,Tamil Nadu,Madurai,Temple,2024-09-02,2024,9,0,0,0,None,None,None,0,4000,1,0,31.9,2.2,Clear,3784.0,3094.1428571428573,2699,validated
REC_001711,M005,Meenakshi Temple,Tamil Nadu,Madurai,Temple,2024-09-03,2024,9,1,0,0,None,None,None,0,4000,1,0,27.5,3.5,Clear,2699.0,3032.4285714285716,2566,validated
REC_001712,M005,Meenakshi Temple,Tamil Nadu,Madurai,Temple,2024-09-04,2024,9,2,0,0,None,None,None,0,4000,1,0,32.7,0.2,Clear,2566.0,3015.0,2404,validated
REC_001713,M005,Meenakshi Temple,Tamil Nadu,Madurai,Temple,2024-09-05,2024,9,3,0,0,None,None,None,0,4000,1,0,29.1,0.7,Clear,2404.0,2957.0,2564,validated
REC_001714,M005,Meenakshi Temple,Tamil Nadu,Madurai,Temple,2024-09-06,2024,9,4,0,0,None,None,None,0,4000,1,0,33.1,1.8,Clear,2564.0,2931.1428571428573,2566,validated
REC_001715,M005,Meenakshi Temple,Tamil Nadu,Madurai,Temple,2024-09-07,2024,9,5,1,1,Ganesh Chaturthi,Ganesh Chaturthi,High,0,4000,1,0,28.4,0.2,Clear,2566.0,2897.1428571428573,4000,validated
REC_001716,M005,Meenakshi Temple,Tamil Nadu,Madurai,Temple,2024-09-08,2024,9,6,1,0,None,None,None,0,4000,1,0,29.4,5.4,Clear,4000.0,2940.4285714285716,3584,validated
REC_001717,M005,Meenakshi Temple,Tamil Nadu,Madurai,Temple,2024-09-09,2024,9,0,0,0,None,None,None,0,4000,1,0,28.9,1.7,Clear,3584.0,2911.8571428571427,2740,validated
REC_001718,M005,Meenakshi Temple,Tamil Nadu,Madurai,Temple,2024-09-10,2024,9,1,0,0,None,None,None,0,4000,1,0,30.5,1.3,Clear,2740.0,2917.714285714286,2390,validated
REC_001719,M005,Meenakshi Temple,Tamil Nadu,Madurai,Temple,2024-09-11,2024,9,2,0,0,None,None,None,0,4000,1,0,28.3,1.6,Clear,2390.0,2892.5714285714284,2529,validated
REC_001720,M005,Meenakshi Temple,Tamil Nadu,Madurai,Temple,2024-09-12,2024,9,3,0,0,None,None,None,0,4000,1,0,29.4,0.0,Clear,2529.0,2910.4285714285716,2759,validated
REC_001721,M005,Meenakshi Temple,Tamil Nadu,Madurai,Temple,2024-09-13,2024,9,4,0,0,None,None,None,0,4000,1,0,29.5,1.7,Clear,2759.0,2938.285714285714,2499,validated
REC_001722,M005,Meenakshi Temple,Tamil Nadu,Madurai,Temple,2024-09-14,2024,9,5,1,0,None,None,None,0,4000,1,0,28.8,0.4,Clear,2499.0,2928.714285714286,3941,validated
REC_001723,M005,Meenakshi Temple,Tamil Nadu,Madurai,Temple,2024-09-15,2024,9,6,1,0,None,None,None,0,4000,1,0,28.3,4.7,Clear,3941.0,2920.285714285714,3704,validated
REC_001724,M005,Meenakshi Temple,Tamil Nadu,Madurai,Temple,2024-09-16,2024,9,0,0,1,Milad un-Nabi,None,Low,0,4000,1,0,31.9,0.2,Clear,3704.0,2937.4285714285716,3304,validated
REC_001725,M005,Meenakshi Temple,Tamil Nadu,Madurai,Temple,2024-09-17,2024,9,1,0,0,None,None,None,0,4000,1,0,32.3,0.4,Clear,3304.0,3018.0,2378,validated
REC_001726,M005,Meenakshi Temple,Tamil Nadu,Madurai,Temple,2024-09-18,2024,9,2,0,0,None,None,None,0,4000,0,1,28.6,2.7,Clear,2378.0,3016.285714285714,0,validated
REC_001727,M005,Meenakshi Temple,Tamil Nadu,Madurai,Temple,2024-09-19,2024,9,3,0,0,None,None,None,0,4000,1,0,30.7,0.1,Clear,0.0,2655.0,2596,validated
REC_001728,M005,Meenakshi Temple,Tamil Nadu,Madurai,Temple,2024-09-20,2024,9,4,0,0,None,None,None,0,4000,1,0,29.3,1.4,Clear,2596.0,2631.714285714286,2313,validated
REC_001729,M005,Meenakshi Temple,Tamil Nadu,Madurai,Temple,2024-09-21,2024,9,5,1,0,None,None,None,0,4000,1,0,32.8,4.2,Clear,2313.0,2605.1428571428573,3597,validated
REC_001730,M005,Meenakshi Temple,Tamil Nadu,Madurai,Temple,2024-09-22,2024,9,6,1,0,None,None,None,0,4000,1,0,30.4,3.5,Clear,3597.0,2556.0,3989,validated
REC_001731,M005,Meenakshi Temple,Tamil Nadu,Madurai,Temple,2024-09-23,2024,9,0,0,0,None,None,None,0,4000,1,0,27.9,0.8,Clear,3989.0,2596.714285714286,2391,validated
REC_001732,M005,Meenakshi Temple,Tamil Nadu,Madurai,Temple,2024-09-24,2024,9,1,0,0,None,None,None,0,4000,1,0,25.5,6.5,Clear,2391.0,2466.285714285714,2564,validated
REC_001733,M005,Meenakshi Temple,Tamil Nadu,Madurai,Temple,2024-09-25,2024,9,2,0,0,None,None,None,0,4000,1,0,28.4,1.5,Clear,2564.0,2492.8571428571427,2561,validated
REC_001734,M005,Meenakshi Temple,Tamil Nadu,Madurai,Temple,2024-09-26,2024,9,3,0,0,None,None,None,0,4000,1,0,29.5,1.1,Clear,2561.0,2858.714285714286,2405,validated
REC_001735,M005,Meenakshi Temple,Tamil Nadu,Madurai,Temple,2024-09-27,2024,9,4,0,0,None,None,None,0,4000,1,0,31.6,1.1,Clear,2405.0,2831.4285714285716,2704,validated
REC_001736,M005,Meenakshi Temple,Tamil Nadu,Madurai,Temple,2024-09-28,2024,9,5,1,0,None,None,None,0,4000,1,0,26.9,3.0,Clear,2704.0,2887.285714285714,3557,validated
REC_001737,M005,Meenakshi Temple,Tamil Nadu,Madurai,Temple,2024-09-29,2024,9,6,1,0,None,None,None,0,4000,1,0,29.7,0.3,Clear,3557.0,2881.5714285714284,4000,validated
REC_001738,M005,Meenakshi Temple,Tamil Nadu,Madurai,Temple,2024-09-30,2024,9,0,0,0,None,None,None,0,4000,1,0,31.1,1.3,Clear,4000.0,2883.1428571428573,2696,validated
REC_001739,M005,Meenakshi Temple,Tamil Nadu,Madurai,Temple,2024-10-01,2024,10,1,0,0,None,None,None,0,4000,1,0,31.1,47.2,Rainy,2696.0,2926.714285714286,1691,validated
REC_001740,M005,Meenakshi Temple,Tamil Nadu,Madurai,Temple,2024-10-02,2024,10,2,0,1,Mahatma Gandhi Jayanti,None,Medium,0,4000,1,0,31.5,3.1,Cloudy,1691.0,2802.0,3285,validated
REC_001741,M005,Meenakshi Temple,Tamil Nadu,Madurai,Temple,2024-10-03,2024,10,3,0,0,None,None,None,0,4000,1,0,31.6,7.3,Rainy,3285.0,2905.4285714285716,1968,validated
REC_001742,M005,Meenakshi Temple,Tamil Nadu,Madurai,Temple,2024-10-04,2024,10,4,0,0,None,None,None,0,4000,1,0,32.1,32.8,Rainy,1968.0,2843.0,1691,validated
REC_001743,M005,Meenakshi Temple,Tamil Nadu,Madurai,Temple,2024-10-05,2024,10,5,1,0,None,None,None,0,4000,1,0,29.0,13.5,Rainy,1691.0,2698.285714285714,2860,validated
REC_001744,M005,Meenakshi Temple,Tamil Nadu,Madurai,Temple,2024-10-06,2024,10,6,1,0,None,None,None,0,4000,1,0,26.7,12.8,Rainy,2860.0,2598.714285714286,2687,validated
REC_001745,M005,Meenakshi Temple,Tamil Nadu,Madurai,Temple,2024-10-07,2024,10,0,0,0,None,None,None,0,4000,1,0,32.7,4.5,Cloudy,2687.0,2411.1428571428573,2408,validated
REC_001746,M005,Meenakshi Temple,Tamil Nadu,Madurai,Temple,2024-10-08,2024,10,1,0,0,None,None,None,0,4000,1,0,30.6,1.0,Cloudy,2408.0,2370.0,2695,validated
REC_001747,M005,Meenakshi Temple,Tamil Nadu,Madurai,Temple,2024-10-09,2024,10,2,0,0,None,None,None,0,4000,1,0,30.2,5.1,Rainy,2695.0,2513.4285714285716,1995,validated
REC_001748,M005,Meenakshi Temple,Tamil Nadu,Madurai,Temple,2024-10-10,2024,10,3,0,0,None,None,None,0,4000,1,0,27.0,12.1,Rainy,1995.0,2329.1428571428573,2038,validated
REC_001749,M005,Meenakshi Temple,Tamil Nadu,Madurai,Temple,2024-10-11,2024,10,4,0,1,Maha Navami,Navratri,High,0,4000,1,0,30.0,1.2,Cloudy,2038.0,2339.1428571428573,4000,validated
REC_001750,M005,Meenakshi Temple,Tamil Nadu,Madurai,Temple,2024-10-12,2024,10,5,1,1,Dussehra,Dussehra,High,0,4000,1,0,26.2,27.1,Rainy,4000.0,2669.0,4000,validated
REC_001751,M005,Meenakshi Temple,Tamil Nadu,Madurai,Temple,2024-10-13,2024,10,6,1,0,None,None,None,0,4000,1,0,26.7,3.0,Cloudy,4000.0,2831.8571428571427,3716,validated
REC_001752,M005,Meenakshi Temple,Tamil Nadu,Madurai,Temple,2024-10-14,2024,10,0,0,0,None,None,None,0,4000,1,0,28.1,20.4,Rainy,3716.0,2978.8571428571427,1764,validated
REC_001753,M005,Meenakshi Temple,Tamil Nadu,Madurai,Temple,2024-10-15,2024,10,1,0,0,None,None,None,0,4000,1,0,28.4,8.8,Rainy,1764.0,2886.8571428571427,1971,validated
REC_001754,M005,Meenakshi Temple,Tamil Nadu,Madurai,Temple,2024-10-16,2024,10,2,0,0,None,None,None,0,4000,1,0,28.6,2.3,Cloudy,1971.0,2783.4285714285716,2446,validated
REC_001755,M005,Meenakshi Temple,Tamil Nadu,Madurai,Temple,2024-10-17,2024,10,3,0,0,None,None,None,0,4000,1,0,22.3,32.3,Rainy,2446.0,2847.8571428571427,1755,validated
REC_001756,M005,Meenakshi Temple,Tamil Nadu,Madurai,Temple,2024-10-18,2024,10,4,0,0,None,None,None,0,4000,1,0,29.6,9.5,Rainy,1755.0,2807.4285714285716,2148,validated
REC_001757,M005,Meenakshi Temple,Tamil Nadu,Madurai,Temple,2024-10-19,2024,10,5,1,0,None,None,None,0,4000,1,0,26.4,3.1,Cloudy,2148.0,2542.8571428571427,3690,validated
REC_001758,M005,Meenakshi Temple,Tamil Nadu,Madurai,Temple,2024-10-20,2024,10,6,1,0,None,None,None,0,4000,1,0,30.3,4.3,Cloudy,3690.0,2498.5714285714284,3704,validated
REC_001759,M005,Meenakshi Temple,Tamil Nadu,Madurai,Temple,2024-10-21,2024,10,0,0,0,None,None,None,0,4000,1,0,31.0,9.2,Rainy,3704.0,2496.8571428571427,2117,validated
REC_001760,M005,Meenakshi Temple,Tamil Nadu,Madurai,Temple,2024-10-22,2024,10,1,0,0,None,None,None,0,4000,1,0,30.9,3.1,Cloudy,2117.0,2547.285714285714,2592,validated
REC_001761,M005,Meenakshi Temple,Tamil Nadu,Madurai,Temple,2024-10-23,2024,10,2,0,0,None,None,None,0,4000,1,0,28.3,2.7,Cloudy,2592.0,2636.0,2475,validated
REC_001762,M005,Meenakshi Temple,Tamil Nadu,Madurai,Temple,2024-10-24,2024,10,3,0,0,None,None,None,0,4000,1,0,31.9,13.4,Rainy,2475.0,2640.1428571428573,2056,validated
REC_001763,M005,Meenakshi Temple,Tamil Nadu,Madurai,Temple,2024-10-25,2024,10,4,0,0,None,None,None,0,4000,1,0,31.7,0.7,Cloudy,2056.0,2683.1428571428573,2582,validated
REC_001764,M005,Meenakshi Temple,Tamil Nadu,Madurai,Temple,2024-10-26,2024,10,5,1,0,None,None,None,0,4000,1,0,30.8,13.4,Rainy,2582.0,2745.1428571428573,2803,validated
REC_001765,M005,Meenakshi Temple,Tamil Nadu,Madurai,Temple,2024-10-27,2024,10,6,1,0,None,None,None,0,4000,1,0,29.7,14.7,Rainy,2803.0,2618.4285714285716,2943,validated
REC_001766,M005,Meenakshi Temple,Tamil Nadu,Madurai,Temple,2024-10-28,2024,10,0,0,0,None,None,None,0,4000,1,0,32.4,5.4,Rainy,2943.0,2509.714285714286,2225,validated
REC_001767,M005,Meenakshi Temple,Tamil Nadu,Madurai,Temple,2024-10-29,2024,10,1,0,0,None,None,None,0,4000,1,0,29.6,1.9,Cloudy,2225.0,2525.1428571428573,2488,validated
REC_001768,M005,Meenakshi Temple,Tamil Nadu,Madurai,Temple,2024-10-30,2024,10,2,0,0,None,None,None,0,4000,1,0,29.9,5.3,Rainy,2488.0,2510.285714285714,2148,validated
REC_001769,M005,Meenakshi Temple,Tamil Nadu,Madurai,Temple,2024-10-31,2024,10,3,0,1,Diwali,Diwali,High,0,4000,1,0,30.0,5.2,Rainy,2148.0,2463.5714285714284,3479,validated
REC_001770,M005,Meenakshi Temple,Tamil Nadu,Madurai,Temple,2024-11-01,2024,11,4,0,1,Govardhan Puja,Diwali,High,0,4000,1,0,30.7,15.6,Rainy,3479.0,2666.8571428571427,2917,validated
REC_001771,M005,Meenakshi Temple,Tamil Nadu,Madurai,Temple,2024-11-02,2024,11,5,1,1,Bhai Dooj,Diwali,Medium,0,4000,1,0,30.2,20.2,Rainy,2917.0,2714.714285714286,3401,validated
REC_001772,M005,Meenakshi Temple,Tamil Nadu,Madurai,Temple,2024-11-03,2024,11,6,1,0,None,None,None,0,4000,1,0,29.1,30.0,Rainy,3401.0,2800.1428571428573,2628,validated
REC_001773,M005,Meenakshi Temple,Tamil Nadu,Madurai,Temple,2024-11-04,2024,11,0,0,0,None,None,None,0,4000,1,0,23.5,0.1,Cloudy,2628.0,2755.1428571428573,2675,validated
REC_001774,M005,Meenakshi Temple,Tamil Nadu,Madurai,Temple,2024-11-05,2024,11,1,0,0,None,None,None,0,4000,1,0,28.8,10.9,Rainy,2675.0,2819.4285714285716,2413,validated
REC_001775,M005,Meenakshi Temple,Tamil Nadu,Madurai,Temple,2024-11-06,2024,11,2,0,0,None,None,None,0,4000,1,0,33.0,43.7,Rainy,2413.0,2808.714285714286,1955,validated
REC_001776,M005,Meenakshi Temple,Tamil Nadu,Madurai,Temple,2024-11-07,2024,11,3,0,0,None,None,None,0,4000,1,0,24.0,43.0,Rainy,1955.0,2781.1428571428573,1928,validated
REC_001777,M005,Meenakshi Temple,Tamil Nadu,Madurai,Temple,2024-11-08,2024,11,4,0,0,None,None,None,0,4000,1,0,26.6,1.9,Cloudy,1928.0,2559.5714285714284,2998,validated
REC_001778,M005,Meenakshi Temple,Tamil Nadu,Madurai,Temple,2024-11-09,2024,11,5,1,0,None,None,None,0,4000,1,0,29.0,15.1,Rainy,2998.0,2571.1428571428573,2833,validated
REC_001779,M005,Meenakshi Temple,Tamil Nadu,Madurai,Temple,2024-11-10,2024,11,6,1,0,None,None,None,0,4000,1,0,26.5,12.9,Rainy,2833.0,2490.0,3294,validated
REC_001780,M005,Meenakshi Temple,Tamil Nadu,Madurai,Temple,2024-11-11,2024,11,0,0,0,None,None,None,0,4000,1,0,29.7,11.1,Rainy,3294.0,2585.1428571428573,2213,validated
REC_001781,M005,Meenakshi Temple,Tamil Nadu,Madurai,Temple,2024-11-12,2024,11,1,0,0,None,None,None,0,4000,1,0,34.0,24.6,Rainy,2213.0,2519.1428571428573,1821,validated
REC_001782,M005,Meenakshi Temple,Tamil Nadu,Madurai,Temple,2024-11-13,2024,11,2,0,0,None,None,None,0,4000,1,0,30.4,38.2,Rainy,1821.0,2434.5714285714284,1730,validated
REC_001783,M005,Meenakshi Temple,Tamil Nadu,Madurai,Temple,2024-11-14,2024,11,3,0,0,None,None,None,0,4000,1,0,30.7,5.1,Rainy,1730.0,2402.4285714285716,2321,validated
REC_001784,M005,Meenakshi Temple,Tamil Nadu,Madurai,Temple,2024-11-15,2024,11,4,0,1,Guru Nanak Jayanti,None,Medium,0,4000,1,0,27.4,2.4,Cloudy,2321.0,2458.5714285714284,3247,validated
REC_001785,M005,Meenakshi Temple,Tamil Nadu,Madurai,Temple,2024-11-16,2024,11,5,1,0,None,None,None,0,4000,1,0,28.0,1.2,Cloudy,3247.0,2494.1428571428573,3984,validated
REC_001786,M005,Meenakshi Temple,Tamil Nadu,Madurai,Temple,2024-11-17,2024,11,6,1,0,None,None,None,0,4000,1,0,30.3,15.4,Rainy,3984.0,2658.5714285714284,2793,validated
REC_001787,M005,Meenakshi Temple,Tamil Nadu,Madurai,Temple,2024-11-18,2024,11,0,0,0,None,None,None,0,4000,1,0,29.4,13.6,Rainy,2793.0,2587.0,2364,validated
REC_001788,M005,Meenakshi Temple,Tamil Nadu,Madurai,Temple,2024-11-19,2024,11,1,0,0,None,None,None,0,4000,1,0,31.3,6.0,Rainy,2364.0,2608.5714285714284,2359,validated
REC_001789,M005,Meenakshi Temple,Tamil Nadu,Madurai,Temple,2024-11-20,2024,11,2,0,0,None,None,None,0,4000,1,0,31.5,0.0,Cloudy,2359.0,2685.4285714285716,2537,validated
REC_001790,M005,Meenakshi Temple,Tamil Nadu,Madurai,Temple,2024-11-21,2024,11,3,0,0,None,None,None,0,4000,1,0,28.1,4.0,Cloudy,2537.0,2800.714285714286,2765,validated
REC_001791,M005,Meenakshi Temple,Tamil Nadu,Madurai,Temple,2024-11-22,2024,11,4,0,0,None,None,None,0,4000,1,0,28.4,3.0,Cloudy,2765.0,2864.1428571428573,2983,validated
REC_001792,M005,Meenakshi Temple,Tamil Nadu,Madurai,Temple,2024-11-23,2024,11,5,1,0,None,None,None,0,4000,1,0,32.8,3.9,Cloudy,2983.0,2826.4285714285716,4000,validated
REC_001793,M005,Meenakshi Temple,Tamil Nadu,Madurai,Temple,2024-11-24,2024,11,6,1,0,None,None,None,0,4000,1,0,29.5,19.3,Rainy,4000.0,2828.714285714286,2608,validated
REC_001794,M005,Meenakshi Temple,Tamil Nadu,Madurai,Temple,2024-11-25,2024,11,0,0,0,None,None,None,0,4000,1,0,33.3,44.9,Rainy,2608.0,2802.285714285714,1878,validated
REC_001795,M005,Meenakshi Temple,Tamil Nadu,Madurai,Temple,2024-11-26,2024,11,1,0,0,None,None,None,0,4000,1,0,31.2,9.5,Rainy,1878.0,2732.8571428571427,2436,validated
REC_001796,M005,Meenakshi Temple,Tamil Nadu,Madurai,Temple,2024-11-27,2024,11,2,0,0,None,None,None,0,4000,1,0,27.4,15.4,Rainy,2436.0,2743.8571428571427,1826,validated
REC_001797,M005,Meenakshi Temple,Tamil Nadu,Madurai,Temple,2024-11-28,2024,11,3,0,0,None,None,None,0,4000,1,0,31.6,12.4,Rainy,1826.0,2642.285714285714,2101,validated
REC_001798,M005,Meenakshi Temple,Tamil Nadu,Madurai,Temple,2024-11-29,2024,11,4,0,0,None,None,None,0,4000,1,0,33.1,4.3,Cloudy,2101.0,2547.4285714285716,2831,validated
REC_001799,M005,Meenakshi Temple,Tamil Nadu,Madurai,Temple,2024-11-30,2024,11,5,1,0,None,None,None,0,4000,1,0,34.2,15.3,Rainy,2831.0,2525.714285714286,2383,validated
REC_001800,M005,Meenakshi Temple,Tamil Nadu,Madurai,Temple,2024-12-01,2024,12,6,1,0,None,None,None,0,4000,1,0,28.8,14.5,Rainy,2383.0,2294.714285714286,3537,validated
REC_001801,M005,Meenakshi Temple,Tamil Nadu,Madurai,Temple,2024-12-02,2024,12,0,0,0,None,None,None,0,4000,1,0,33.6,0.3,Cloudy,3537.0,2427.4285714285716,2754,validated
REC_001802,M005,Meenakshi Temple,Tamil Nadu,Madurai,Temple,2024-12-03,2024,12,1,0,0,None,None,None,0,4000,1,0,29.8,29.5,Rainy,2754.0,2552.5714285714284,1724,validated
REC_001803,M005,Meenakshi Temple,Tamil Nadu,Madurai,Temple,2024-12-04,2024,12,2,0,0,None,None,None,0,4000,1,0,31.9,9.3,Rainy,1724.0,2450.8571428571427,2293,validated
REC_001804,M005,Meenakshi Temple,Tamil Nadu,Madurai,Temple,2024-12-05,2024,12,3,0,0,None,None,None,0,4000,1,0,27.4,22.7,Rainy,2293.0,2517.5714285714284,1856,validated
REC_001805,M005,Meenakshi Temple,Tamil Nadu,Madurai,Temple,2024-12-06,2024,12,4,0,0,None,None,None,0,4000,1,0,31.0,33.8,Rainy,1856.0,2482.5714285714284,1835,validated
REC_001806,M005,Meenakshi Temple,Tamil Nadu,Madurai,Temple,2024-12-07,2024,12,5,1,0,None,None,None,0,4000,1,0,30.1,15.8,Rainy,1835.0,2340.285714285714,2788,validated
REC_001807,M005,Meenakshi Temple,Tamil Nadu,Madurai,Temple,2024-12-08,2024,12,6,1,0,None,None,None,0,4000,1,0,28.9,12.9,Rainy,2788.0,2398.1428571428573,3373,validated
REC_001808,M005,Meenakshi Temple,Tamil Nadu,Madurai,Temple,2024-12-09,2024,12,0,0,0,None,None,None,0,4000,1,0,30.0,2.4,Cloudy,3373.0,2374.714285714286,2783,validated
REC_001809,M005,Meenakshi Temple,Tamil Nadu,Madurai,Temple,2024-12-10,2024,12,1,0,0,None,None,None,0,4000,1,0,28.8,7.9,Rainy,2783.0,2378.8571428571427,2159,validated
REC_001810,M005,Meenakshi Temple,Tamil Nadu,Madurai,Temple,2024-12-11,2024,12,2,0,0,None,None,None,0,4000,1,0,28.3,9.8,Rainy,2159.0,2441.0,2310,validated
REC_001811,M005,Meenakshi Temple,Tamil Nadu,Madurai,Temple,2024-12-12,2024,12,3,0,0,None,None,None,0,4000,1,0,30.7,14.2,Rainy,2310.0,2443.4285714285716,2142,validated
REC_001812,M005,Meenakshi Temple,Tamil Nadu,Madurai,Temple,2024-12-13,2024,12,4,0,0,None,None,None,0,4000,1,0,34.1,5.7,Rainy,2142.0,2484.285714285714,2332,validated
REC_001813,M005,Meenakshi Temple,Tamil Nadu,Madurai,Temple,2024-12-14,2024,12,5,1,0,None,None,None,0,4000,1,0,29.0,9.3,Rainy,2332.0,2555.285714285714,3567,validated
REC_001814,M005,Meenakshi Temple,Tamil Nadu,Madurai,Temple,2024-12-15,2024,12,6,1,0,None,None,None,0,4000,1,0,33.0,5.2,Rainy,3567.0,2666.5714285714284,3573,validated
REC_001815,M005,Meenakshi Temple,Tamil Nadu,Madurai,Temple,2024-12-16,2024,12,0,0,0,None,None,None,0,4000,1,0,30.6,1.9,Cloudy,3573.0,2695.1428571428573,2931,validated
REC_001816,M005,Meenakshi Temple,Tamil Nadu,Madurai,Temple,2024-12-17,2024,12,1,0,0,None,None,None,0,4000,1,0,32.8,25.3,Rainy,2931.0,2716.285714285714,1697,validated
REC_001817,M005,Meenakshi Temple,Tamil Nadu,Madurai,Temple,2024-12-18,2024,12,2,0,0,None,None,None,0,4000,1,0,26.4,1.0,Cloudy,1697.0,2650.285714285714,2958,validated
REC_001818,M005,Meenakshi Temple,Tamil Nadu,Madurai,Temple,2024-12-19,2024,12,3,0,0,None,None,None,0,4000,1,0,29.5,17.8,Rainy,2958.0,2742.8571428571427,1949,validated
REC_001819,M005,Meenakshi Temple,Tamil Nadu,Madurai,Temple,2024-12-20,2024,12,4,0,0,None,None,None,0,4000,1,0,29.6,3.0,Cloudy,1949.0,2715.285714285714,2969,validated
REC_001820,M005,Meenakshi Temple,Tamil Nadu,Madurai,Temple,2024-12-21,2024,12,5,1,0,None,None,None,0,4000,1,0,32.2,22.8,Rainy,2969.0,2806.285714285714,2700,validated
REC_001821,M005,Meenakshi Temple,Tamil Nadu,Madurai,Temple,2024-12-22,2024,12,6,1,0,None,None,None,1,4000,1,0,30.5,11.9,Rainy,2700.0,2682.4285714285716,3736,validated
REC_001822,M005,Meenakshi Temple,Tamil Nadu,Madurai,Temple,2024-12-23,2024,12,0,0,0,None,None,None,1,4000,1,0,32.6,7.4,Rainy,3736.0,2705.714285714286,2643,validated
REC_001823,M005,Meenakshi Temple,Tamil Nadu,Madurai,Temple,2024-12-24,2024,12,1,0,0,None,None,None,1,4000,1,0,28.1,4.6,Cloudy,2643.0,2664.5714285714284,3283,validated
REC_001824,M005,Meenakshi Temple,Tamil Nadu,Madurai,Temple,2024-12-25,2024,12,2,0,1,Christmas,Christmas,High,1,4000,1,0,31.0,4.7,Cloudy,3283.0,2891.1428571428573,4000,validated
REC_001825,M005,Meenakshi Temple,Tamil Nadu,Madurai,Temple,2024-12-26,2024,12,3,0,0,None,None,None,1,4000,1,0,35.0,2.5,Cloudy,4000.0,3040.0,3214,validated
REC_001826,M005,Meenakshi Temple,Tamil Nadu,Madurai,Temple,2024-12-27,2024,12,4,0,0,None,None,None,1,4000,1,0,34.3,28.2,Rainy,3214.0,3220.714285714286,2127,validated
REC_001827,M005,Meenakshi Temple,Tamil Nadu,Madurai,Temple,2024-12-28,2024,12,5,1,0,None,None,None,1,4000,1,0,33.7,1.9,Cloudy,2127.0,3100.4285714285716,4000,validated
REC_001828,M005,Meenakshi Temple,Tamil Nadu,Madurai,Temple,2024-12-29,2024,12,6,1,0,None,None,None,1,4000,1,0,28.1,38.0,Rainy,4000.0,3286.1428571428573,3233,validated
REC_001829,M005,Meenakshi Temple,Tamil Nadu,Madurai,Temple,2024-12-30,2024,12,0,0,0,None,None,None,1,4000,1,0,32.4,3.5,Cloudy,3233.0,3214.285714285714,3424,validated
REC_001830,M005,Meenakshi Temple,Tamil Nadu,Madurai,Temple,2024-12-31,2024,12,1,0,0,None,None,None,1,4000,1,0,35.2,20.6,Rainy,3424.0,3325.8571428571427,2030,validated
